X1,Y1,X2,Y2,X3,Y3,X4,Y4,X5,Y5,X6,Y6,X7,Y7,X8,Y8,X9,Y9,X10,Y10,X11,Y11,X12,Y12,X13,Y13,X14,Y14,X15,Y15,X16,Y16
0,0,0,0,0,0,0,0,0,1992,0,1999,0,2008,0,2002,0,0,0,0,0,0,0,0,0,2001,0,2001,0,2001,0,2001
0.01,0,0.01,0,0.01,0,0.01,0,0.01,0,0.01,0,0.01,0,0.01,0,0.01,0,0.01,0,0.01,0,0.01,0,0.01,2001,0.01,2001,0.01,2001,0.01,2001
0.02,0,0.02,0,0.02,0,0.02,0,0.02,0,0.02,0,0.02,0,0.02,0,0.02,0,0.02,0,0.02,0,0.02,0,0.02,2001,0.02,2001,0.02,2001,0.02,2001
0.03,0,0.03,0,0.03,0,0.03,0,0.03,831,0.03,919,0.03,24,0.03,1016,0.03,0,0.03,0,0.03,0,0.03,0,0.03,2001,0.03,2001,0.03,2001,0.03,2001
0.04,0,0.04,0,0.04,0,0.04,0,0.04,1157,0.04,1154,0.04,1512,0.04,1280,0.04,0,0.04,0,0.04,0,0.04,0,0.04,2001,0.04,2001,0.04,2001,0.04,2001
0.05,0,0.05,0,0.05,0,0.05,0,0.05,1692,0.05,1684,0.05,1546,0.05,1690,0.05,0,0.05,0,0.05,0,0.05,0,0.05,2001,0.05,2001,0.05,2001,0.05,2001
0.06,0,0.06,0,0.06,0,0.06,0,0.06,1947,0.06,1845,0.06,1620,0.06,1778,0.06,0,0.06,0,0.06,0,0.06,0,0.06,2001,0.06,2001,0.06,2001,0.06,2001
0.07,0,0.07,0,0.07,0,0.07,0,0.07,1941,0.07,1944,0.07,1726,0.07,2038,0.07,0,0.07,0,0.07,0,0.07,0,0.07,2001,0.07,2001,0.07,2001,0.07,2001
0.08,0,0.08,0,0.08,0,0.08,0,0.08,2018,0.08,2005,0.08,1798,0.08,2013,0.08,0,0.08,0,0.08,0,0.08,0,0.08,2001,0.08,2001,0.08,2001,0.08,2001
0.09,0,0.09,0,0.09,0,0.09,0,0.09,2077,0.09,2057,0.09,1857,0.09,2022,0.09,0,0.09,0,0.09,0,0.09,0,0.09,2001,0.09,2001,0.09,2001,0.09,2001
0.1,0,0.1,0,0.1,0,0.1,0,0.1,2098,0.1,2097,0.1,1793,0.1,2013,0.1,0,0.1,0,0.1,0,0.1,0,0.1,2001,0.1,2001,0.1,2001,0.1,2001
0.11,0,0.11,0,0.11,0,0.11,0,0.11,2100,0.11,2185,0.11,1919,0.11,2061,0.11,0,0.11,0,0.11,0,0.11,0,0.11,2001,0.11,2001,0.11,2001,0.11,2001
0.12,0,0.12,0,0.12,0,0.12,0,0.12,2175,0.12,2116,0.12,2226,0.12,2084,0.12,0,0.12,0,0.12,0,0.12,0,0.12,2001,0.12,2001,0.12,2001,0.12,2001
0.13,0,0.13,0,0.13,0,0.13,0,0.13,2151,0.13,2119,0.13,2158,0.13,2102,0.13,0,0.13,0,0.13,0,0.13,0,0.13,2001,0.13,2001,0.13,2001,0.13,2001
0.14,0,0.14,0,0.14,0,0.14,0,0.14,2089,0.14,2134,0.14,2144,0.14,2098,0.14,0,0.14,0,0.14,0,0.14,0,0.14,2001,0.14,2001,0.14,2001,0.14,2001
0.15,0,0.15,0,0.15,0,0.15,0,0.15,2105,0.15,2198,0.15,2183,0.15,2158,0.15,0,0.15,0,0.15,0,0.15,0,0.15,2001,0.15,2001,0.15,2001,0.15,2001
0.16,0,0.16,0,0.16,0,0.16,0,0.16,2096,0.16,2128,0.16,2204,0.16,2048,0.16,0,0.16,0,0.16,0,0.16,0,0.16,2001,0.16,2001,0.16,2001,0.16,2001
0.17,0,0.17,0,0.17,0,0.17,0,0.17,2105,0.17,2151,0.17,2148,0.17,2074,0.17,0,0.17,0,0.17,0,0.17,0,0.17,2001,0.17,2001,0.17,2001,0.17,2001
0.18,0,0.18,0,0.18,0,0.18,0,0.18,2066,0.18,2040,0.18,2144,0.18,2060,0.18,0,0.18,0,0.18,0,0.18,0,0.18,2001,0.18,2001,0.18,2001,0.18,2001
0.19,0,0.19,0,0.19,0,0.19,0,0.19,2048,0.19,2065,0.19,2124,0.19,2039,0.19,0,0.19,0,0.19,0,0.19,0,0.19,2001,0.19,2001,0.19,2001,0.19,2001
0.2,0,0.2,0,0.2,0,0.2,0,0.2,2079,0.2,1987,0.2,2129,0.2,2034,0.2,0,0.2,0,0.2,0,0.2,0,0.2,2001,0.2,2001,0.2,2001,0.2,2001
0.21,0,0.21,0,0.21,0,0.21,0,0.21,2063,0.21,2043,0.21,2161,0.21,2012,0.21,0,0.21,0,0.21,0,0.21,0,0.21,2001,0.21,2001,0.21,2001,0.21,2001
0.22,0,0.22,0,0.22,0,0.22,0,0.22,2028,0.22,2041,0.22,2085,0.22,2033,0.22,0,0.22,0,0.22,0,0.22,0,0.22,2001,0.22,2001,0.22,2001,0.22,2001
0.23,0,0.23,0,0.23,0,0.23,0,0.23,2017,0.23,2030,0.23,2046,0.23,2062,0.23,0,0.23,0,0.23,0,0.23,0,0.23,2001,0.23,2001,0.23,2001,0.23,2001
0.24,0,0.24,0,0.24,0,0.24,0,0.24,2013,0.24,2030,0.24,2070,0.24,1998,0.24,0,0.24,0,0.24,0,0.24,0,0.24,2001,0.24,2001,0.24,2001,0.24,2001
0.25,0,0.25,0,0.25,0,0.25,0,0.25,2021,0.25,2013,0.25,2048,0.25,2054,0.25,0,0.25,0,0.25,0,0.25,0,0.25,2001,0.25,2001,0.25,2001,0.25,2001
0.26,0,0.26,0,0.26,0,0.26,0,0.26,1999,0.26,2022,0.26,2023,0.26,2009,0.26,0,0.26,0,0.26,0,0.26,0,0.26,2001,0.26,2001,0.26,2001,0.26,2001
0.27,0,0.27,0,0.27,0,0.27,0,0.27,1983,0.27,2019,0.27,2040,0.27,1971,0.27,0,0.27,0,0.27,0,0.27,0,0.27,2001,0.27,2001,0.27,2001,0.27,2001
0.28,0,0.28,0,0.28,0,0.28,0,0.28,1999,0.28,2021,0.28,2025,0.28,1981,0.28,0,0.28,0,0.28,0,0.28,0,0.28,2001,0.28,2001,0.28,2001,0.28,2001
0.29,0,0.29,0,0.29,0,0.29,0,0.29,2007,0.29,2002,0.29,2005,0.29,2000,0.29,0,0.29,0,0.29,0,0.29,0,0.29,2001,0.29,2001,0.29,2001,0.29,2001
0.3,0,0.3,0,0.3,0,0.3,0,0.3,2012,0.3,2000,0.3,2025,0.3,1978,0.3,0,0.3,0,0.3,0,0.3,0,0.3,2001,0.3,2001,0.3,2001,0.3,2001
0.31,0,0.31,0,0.31,0,0.31,0,0.31,1999,0.31,1966,0.31,1994,0.31,1998,0.31,0,0.31,0,0.31,0,0.31,0,0.31,2001,0.31,2001,0.31,2001,0.31,2001
0.32,0,0.32,0,0.32,0,0.32,0,0.32,1989,0.32,1945,0.32,1986,0.32,1970,0.32,0,0.32,0,0.32,0,0.32,0,0.32,2001,0.32,2001,0.32,2001,0.32,2001
0.33,0,0.33,0,0.33,0,0.33,0,0.33,1997,0.33,2154,0.33,2026,0.33,1988,0.33,0,0.33,0,0.33,0,0.33,0,0.33,2001,0.33,2001,0.33,2001,0.33,2001
0.34,0,0.34,0,0.34,0,0.34,0,0.34,1992,0.34,1986,0.34,2073,0.34,1964,0.34,0,0.34,0,0.34,0,0.34,0,0.34,2001,0.34,2001,0.34,2001,0.34,2001
0.35,0,0.35,0,0.35,0,0.35,0,0.35,1924,0.35,1990,0.35,1958,0.35,1994,0.35,0,0.35,0,0.35,0,0.35,0,0.35,2001,0.35,2001,0.35,2001,0.35,2001
0.36,0,0.36,0,0.36,0,0.36,0,0.36,1990,0.36,2008,0.36,2055,0.36,1977,0.36,0,0.36,0,0.36,0,0.36,0,0.36,2001,0.36,2001,0.36,2001,0.36,2001
0.37,0,0.37,0,0.37,0,0.37,0,0.37,2032,0.37,2029,0.37,2019,0.37,1985,0.37,0,0.37,0,0.37,0,0.37,0,0.37,2001,0.37,2001,0.37,2001,0.37,2001
0.38,0,0.38,0,0.38,0,0.38,0,0.38,1986,0.38,1992,0.38,2014,0.38,2021,0.38,0,0.38,0,0.38,0,0.38,0,0.38,2001,0.38,2001,0.38,2001,0.38,2001
0.39,0,0.39,0,0.39,0,0.39,0,0.39,1986,0.39,1974,0.39,2019,0.39,2002,0.39,0,0.39,0,0.39,0,0.39,0,0.39,2001,0.39,2001,0.39,2001,0.39,2001
0.4,0,0.4,0,0.4,0,0.4,0,0.4,1978,0.4,2035,0.4,2066,0.4,1949,0.4,0,0.4,0,0.4,0,0.4,0,0.4,2001,0.4,2001,0.4,2001,0.4,2001
0.41,0,0.41,0,0.41,0,0.41,0,0.41,1990,0.41,1987,0.41,2010,0.41,1943,0.41,0,0.41,0,0.41,0,0.41,0,0.41,2001,0.41,2001,0.41,2001,0.41,2001
0.42,0,0.42,0,0.42,0,0.42,0,0.42,1983,0.42,1991,0.42,2000,0.42,2050,0.42,0,0.42,0,0.42,0,0.42,0,0.42,2001,0.42,2001,0.42,2001,0.42,2001
0.43,0,0.43,0,0.43,0,0.43,0,0.43,2024,0.43,1991,0.43,2005,0.43,1982,0.43,0,0.43,0,0.43,0,0.43,0,0.43,2001,0.43,2001,0.43,2001,0.43,2001
0.44,0,0.44,0,0.44,0,0.44,0,0.44,1992,0.44,1974,0.44,1995,0.44,2012,0.44,0,0.44,0,0.44,0,0.44,0,0.44,2001,0.44,2001,0.44,2001,0.44,2001
0.45,0,0.45,0,0.45,0,0.45,0,0.45,1962,0.45,1992,0.45,2116,0.45,2015,0.45,0,0.45,0,0.45,0,0.45,0,0.45,2001,0.45,2001,0.45,2001,0.45,2001
0.46,0,0.46,0,0.46,0,0.46,0,0.46,1990,0.46,2119,0.46,1922,0.46,2008,0.46,0,0.46,0,0.46,0,0.46,0,0.46,2001,0.46,2001,0.46,2001,0.46,2001
0.47,0,0.47,0,0.47,0,0.47,0,0.47,1990,0.47,1978,0.47,1989,0.47,1995,0.47,0,0.47,0,0.47,0,0.47,0,0.47,2001,0.47,2001,0.47,2001,0.47,2001
0.48,0,0.48,0,0.48,0,0.48,0,0.48,1995,0.48,1998,0.48,2002,0.48,1998,0.48,0,0.48,0,0.48,0,0.48,0,0.48,2001,0.48,2001,0.48,2001,0.48,2001
0.49,0,0.49,0,0.49,0,0.49,0,0.49,1991,0.49,2036,0.49,2004,0.49,1973,0.49,0,0.49,0,0.49,0,0.49,0,0.49,2001,0.49,2001,0.49,2001,0.49,2001
0.5,0,0.5,0,0.5,0,0.5,0,0.5,2000,0.5,1999,0.5,1988,0.5,1992,0.5,0,0.5,0,0.5,0,0.5,0,0.5,2001,0.5,2001,0.5,2001,0.5,2001
0.51,0,0.51,0,0.51,0,0.51,0,0.51,2052,0.51,1940,0.51,2015,0.51,1999,0.51,0,0.51,0,0.51,0,0.51,0,0.51,2001,0.51,2001,0.51,2001,0.51,2001
0.52,0,0.52,0,0.52,0,0.52,0,0.52,1997,0.52,1982,0.52,1991,0.52,1990,0.52,0,0.52,0,0.52,0,0.52,0,0.52,2001,0.52,2001,0.52,2001,0.52,2001
0.53,0,0.53,0,0.53,0,0.53,0,0.53,1964,0.53,1990,0.53,2054,0.53,2012,0.53,0,0.53,0,0.53,0,0.53,0,0.53,2001,0.53,2001,0.53,2001,0.53,2001
0.54,0,0.54,0,0.54,0,0.54,0,0.54,2008,0.54,2122,0.54,1996,0.54,2030,0.54,0,0.54,0,0.54,0,0.54,0,0.54,2001,0.54,2001,0.54,2001,0.54,2001
0.55,0,0.55,0,0.55,0,0.55,0,0.55,1993,0.55,2034,0.55,2006,0.55,1982,0.55,0,0.55,0,0.55,0,0.55,0,0.55,2001,0.55,2001,0.55,2001,0.55,2001
0.56,0,0.56,0,0.56,0,0.56,0,0.56,1951,0.56,1983,0.56,1987,0.56,2020,0.56,0,0.56,0,0.56,0,0.56,0,0.56,2001,0.56,2001,0.56,2001,0.56,2001
0.57,0,0.57,0,0.57,0,0.57,0,0.57,1981,0.57,2001,0.57,2003,0.57,2012,0.57,0,0.57,0,0.57,0,0.57,0,0.57,2001,0.57,2001,0.57,2001,0.57,2001
0.58,0,0.58,0,0.58,0,0.58,0,0.58,1976,0.58,2018,0.58,2013,0.58,1954,0.58,0,0.58,0,0.58,0,0.58,0,0.58,2001,0.58,2001,0.58,2001,0.58,2001
0.59,0,0.59,0,0.59,0,0.59,0,0.59,2004,0.59,1980,0.59,1997,0.59,2026,0.59,0,0.59,0,0.59,0,0.59,0,0.59,2001,0.59,2001,0.59,2001,0.59,2001
0.6,0,0.6,0,0.6,0,0.6,0,0.6,1991,0.6,1990,0.6,1980,0.6,2002,0.6,0,0.6,0,0.6,0,0.6,0,0.6,2001,0.6,2001,0.6,2001,0.6,2001
0.61,0,0.61,0,0.61,0,0.61,0,0.61,2004,0.61,2012,0.61,2031,0.61,1988,0.61,0,0.61,0,0.61,0,0.61,0,0.61,2001,0.61,2001,0.61,2001,0.61,2001
0.62,0,0.62,0,0.62,0,0.62,0,0.62,2026,0.62,1926,0.62,1995,0.62,2011,0.62,0,0.62,0,0.62,0,0.62,0,0.62,2001,0.62,2001,0.62,2001,0.62,2001
0.63,0,0.63,0,0.63,0,0.63,0,0.63,1981,0.63,1998,0.63,2030,0.63,1970,0.63,0,0.63,0,0.63,0,0.63,0,0.63,2001,0.63,2001,0.63,2001,0.63,2001
0.64,0,0.64,0,0.64,0,0.64,0,0.64,2030,0.64,2008,0.64,2028,0.64,1975,0.64,0,0.64,0,0.64,0,0.64,0,0.64,2001,0.64,2001,0.64,2001,0.64,2001
0.65,0,0.65,0,0.65,0,0.65,0,0.65,1997,0.65,1999,0.65,2001,0.65,1974,0.65,0,0.65,0,0.65,0,0.65,0,0.65,2001,0.65,2001,0.65,2001,0.65,2001
0.66,0,0.66,0,0.66,0,0.66,0,0.66,2025,0.66,1999,0.66,2030,0.66,2068,0.66,0,0.66,0,0.66,0,0.66,0,0.66,2001,0.66,2001,0.66,2001,0.66,2001
0.67,0,0.67,0,0.67,0,0.67,0,0.67,1996,0.67,1985,0.67,2072,0.67,2120,0.67,0,0.67,0,0.67,0,0.67,0,0.67,2001,0.67,2001,0.67,2001,0.67,2001
0.68,0,0.68,0,0.68,0,0.68,0,0.68,1993,0.68,1976,0.68,1993,0.68,1962,0.68,0,0.68,0,0.68,0,0.68,0,0.68,2001,0.68,2001,0.68,2001,0.68,2001
0.69,0,0.69,0,0.69,0,0.69,0,0.69,1991,0.69,1988,0.69,2066,0.69,1992,0.69,0,0.69,0,0.69,0,0.69,0,0.69,2001,0.69,2001,0.69,2001,0.69,2001
0.7,0,0.7,0,0.7,0,0.7,0,0.7,1995,0.7,2124,0.7,1994,0.7,1987,0.7,0,0.7,0,0.7,0,0.7,0,0.7,2001,0.7,2001,0.7,2001,0.7,2001
0.71,0,0.71,0,0.71,0,0.71,0,0.71,1986,0.71,1986,0.71,1973,0.71,2007,0.71,0,0.71,0,0.71,0,0.71,0,0.71,2001,0.71,2001,0.71,2001,0.71,2001
0.72,0,0.72,0,0.72,0,0.72,0,0.72,2008,0.72,2007,0.72,2004,0.72,1993,0.72,0,0.72,0,0.72,0,0.72,0,0.72,2001,0.72,2001,0.72,2001,0.72,2001
0.73,0,0.73,0,0.73,0,0.73,0,0.73,1990,0.73,2033,0.73,2134,0.73,1979,0.73,0,0.73,0,0.73,0,0.73,0,0.73,2001,0.73,2001,0.73,2001,0.73,2001
0.74,0,0.74,0,0.74,0,0.74,0,0.74,2007,0.74,1993,0.74,1989,0.74,2012,0.74,0,0.74,0,0.74,0,0.74,0,0.74,2001,0.74,2001,0.74,2001,0.74,2001
0.75,0,0.75,0,0.75,0,0.75,0,0.75,1987,0.75,2004,0.75,1995,0.75,2021,0.75,0,0.75,0,0.75,0,0.75,0,0.75,2001,0.75,2001,0.75,2001,0.75,2001
0.76,0,0.76,0,0.76,0,0.76,0,0.76,1994,0.76,2055,0.76,1997,0.76,1989,0.76,0,0.76,0,0.76,0,0.76,0,0.76,2001,0.76,2001,0.76,2001,0.76,2001
0.77,0,0.77,0,0.77,0,0.77,0,0.77,2011,0.77,2064,0.77,1991,0.77,2055,0.77,0,0.77,0,0.77,0,0.77,0,0.77,2001,0.77,2001,0.77,2001,0.77,2001
0.78,0,0.78,0,0.78,0,0.78,0,0.78,2008,0.78,1995,0.78,2002,0.78,1917,0.78,0,0.78,0,0.78,0,0.78,0,0.78,2001,0.78,2001,0.78,2001,0.78,2001
0.79,0,0.79,0,0.79,0,0.79,0,0.79,1985,0.79,1954,0.79,2043,0.79,1982,0.79,0,0.79,0,0.79,0,0.79,0,0.79,2001,0.79,2001,0.79,2001,0.79,2001
0.8,0,0.8,0,0.8,0,0.8,0,0.8,2015,0.8,1990,0.8,1974,0.8,2028,0.8,0,0.8,0,0.8,0,0.8,0,0.8,2001,0.8,2001,0.8,2001,0.8,2001
0.81,0,0.81,0,0.81,0,0.81,0,0.81,2015,0.81,2100,0.81,2004,0.81,1996,0.81,0,0.81,0,0.81,0,0.81,0,0.81,2001,0.81,2001,0.81,2001,0.81,2001
0.82,0,0.82,0,0.82,0,0.82,0,0.82,1990,0.82,2005,0.82,2108,0.82,1978,0.82,0,0.82,0,0.82,0,0.82,0,0.82,2001,0.82,2001,0.82,2001,0.82,2001
0.83,0,0.83,0,0.83,0,0.83,0,0.83,2009,0.83,1998,0.83,1989,0.83,1996,0.83,0,0.83,0,0.83,0,0.83,0,0.83,2001,0.83,2001,0.83,2001,0.83,2001
0.84,0,0.84,0,0.84,0,0.84,0,0.84,2032,0.84,2006,0.84,2010,0.84,2004,0.84,0,0.84,0,0.84,0,0.84,0,0.84,2001,0.84,2001,0.84,2001,0.84,2001
0.85,0,0.85,0,0.85,0,0.85,0,0.85,1979,0.85,1998,0.85,2010,0.85,1978,0.85,0,0.85,0,0.85,0,0.85,0,0.85,2001,0.85,2001,0.85,2001,0.85,2001
0.86,0,0.86,0,0.86,0,0.86,0,0.86,2006,0.86,1966,0.86,2000,0.86,2009,0.86,0,0.86,0,0.86,0,0.86,0,0.86,2001,0.86,2001,0.86,2001,0.86,2001
0.87,0,0.87,0,0.87,0,0.87,0,0.87,1995,0.87,2026,0.87,2157,0.87,1996,0.87,0,0.87,0,0.87,0,0.87,0,0.87,2001,0.87,2001,0.87,2001,0.87,2001
0.88,0,0.88,0,0.88,0,0.88,0,0.88,1970,0.88,1994,0.88,1998,0.88,1992,0.88,0,0.88,0,0.88,0,0.88,0,0.88,2001,0.88,2001,0.88,2001,0.88,2001
0.89,0,0.89,0,0.89,0,0.89,0,0.89,2053,0.89,1948,0.89,2015,0.89,2016,0.89,0,0.89,0,0.89,0,0.89,0,0.89,2001,0.89,2001,0.89,2001,0.89,2001
0.9,0,0.9,0,0.9,0,0.9,0,0.9,1966,0.9,2002,0.9,1987,0.9,1983,0.9,0,0.9,0,0.9,0,0.9,0,0.9,2001,0.9,2001,0.9,2001,0.9,2001
0.91,0,0.91,0,0.91,0,0.91,0,0.91,1995,0.91,2026,0.91,2010,0.91,1981,0.91,0,0.91,0,0.91,0,0.91,0,0.91,2001,0.91,2001,0.91,2001,0.91,2001
0.92,0,0.92,0,0.92,0,0.92,0,0.92,2020,0.92,1990,0.92,1960,0.92,2014,0.92,0,0.92,0,0.92,0,0.92,0,0.92,2001,0.92,2001,0.92,2001,0.92,2001
0.93,0,0.93,0,0.93,0,0.93,0,0.93,1960,0.93,2012,0.93,2072,0.93,1993,0.93,0,0.93,0,0.93,0,0.93,0,0.93,2001,0.93,2001,0.93,2001,0.93,2001
0.94,0,0.94,0,0.94,0,0.94,0,0.94,2009,0.94,2006,0.94,1991,0.94,2010,0.94,0,0.94,0,0.94,0,0.94,0,0.94,2001,0.94,2001,0.94,2001,0.94,2001
0.95,0,0.95,0,0.95,0,0.95,0,0.95,1984,0.95,2015,0.95,1980,0.95,1983,0.95,0,0.95,0,0.95,0,0.95,0,0.95,2001,0.95,2001,0.95,2001,0.95,2001
0.96,0,0.96,0,0.96,0,0.96,0,0.96,1977,0.96,2018,0.96,1976,0.96,1993,0.96,0,0.96,0,0.96,0,0.96,0,0.96,2001,0.96,2001,0.96,2001,0.96,2001
0.97,0,0.97,0,0.97,0,0.97,0,0.97,2032,0.97,2014,0.97,2023,0.97,1993,0.97,0,0.97,0,0.97,0,0.97,0,0.97,2001,0.97,2001,0.97,2001,0.97,2001
0.98,0,0.98,0,0.98,0,0.98,0,0.98,1999,0.98,1988,0.98,2022,0.98,2002,0.98,0,0.98,0,0.98,0,0.98,0,0.98,2001,0.98,2001,0.98,2001,0.98,2001
0.99,0,0.99,0,0.99,0,0.99,0,0.99,1992,0.99,1994,0.99,1995,0.99,1997,0.99,0,0.99,0,0.99,0,0.99,0,0.99,2001,0.99,2001,0.99,2001,0.99,2001
1,0,1,0,1,0,1,0,1,1986,1,1986,1,2004,1,1986,1,0,1,0,1,0,1,0,1,2001,1,2001,1,2001,1,2001
1.01,0,1.01,0,1.01,0,1.01,0,1.01,1998,1.01,2118,1.01,1986,1.01,2073,1.01,0,1.01,0,1.01,0,1.01,0,1.01,2001,1.01,2001,1.01,2001,1.01,2001
1.02,0,1.02,0,1.02,0,1.02,0,1.02,2004,1.02,1982,1.02,1984,1.02,1985,1.02,0,1.02,0,1.02,0,1.02,0,1.02,2001,1.02,2001,1.02,2001,1.02,2001
1.03,0,1.03,0,1.03,0,1.03,0,1.03,1970,1.03,2039,1.03,2075,1.03,2016,1.03,0,1.03,0,1.03,0,1.03,0,1.03,2001,1.03,2001,1.03,2001,1.03,2001
1.04,0,1.04,0,1.04,0,1.04,0,1.04,2108,1.04,1951,1.04,2058,1.04,1944,1.04,0,1.04,0,1.04,0,1.04,0,1.04,2001,1.04,2001,1.04,2001,1.04,2001
1.05,0,1.05,0,1.05,0,1.05,0,1.05,1982,1.05,1917,1.05,2043,1.05,2007,1.05,0,1.05,0,1.05,0,1.05,0,1.05,2001,1.05,2001,1.05,2001,1.05,2001
1.06,0,1.06,0,1.06,0,1.06,0,1.06,1996,1.06,2009,1.06,2030,1.06,1992,1.06,0,1.06,0,1.06,0,1.06,0,1.06,2001,1.06,2001,1.06,2001,1.06,2001
1.07,0,1.07,0,1.07,0,1.07,0,1.07,1995,1.07,1991,1.07,1928,1.07,2011,1.07,0,1.07,0,1.07,0,1.07,0,1.07,2001,1.07,2001,1.07,2001,1.07,2001
1.08,0,1.08,0,1.08,0,1.08,0,1.08,2009,1.08,1999,1.08,2002,1.08,2004,1.08,0,1.08,0,1.08,0,1.08,0,1.08,2001,1.08,2001,1.08,2001,1.08,2001
1.09,0,1.09,0,1.09,0,1.09,0,1.09,1992,1.09,2005,1.09,1988,1.09,1985,1.09,0,1.09,0,1.09,0,1.09,0,1.09,2001,1.09,2001,1.09,2001,1.09,2001
1.1,0,1.1,0,1.1,0,1.1,0,1.1,1925,1.1,2064,1.1,2089,1.1,1905,1.1,0,1.1,0,1.1,0,1.1,0,1.1,2001,1.1,2001,1.1,2001,1.1,2001
1.11,0,1.11,0,1.11,0,1.11,0,1.11,2002,1.11,1998,1.11,1978,1.11,2016,1.11,0,1.11,0,1.11,0,1.11,0,1.11,2001,1.11,2001,1.11,2001,1.11,2001
1.12,0,1.12,0,1.12,0,1.12,0,1.12,2095,1.12,2016,1.12,2008,1.12,2069,1.12,0,1.12,0,1.12,0,1.12,0,1.12,2001,1.12,2001,1.12,2001,1.12,2001
1.13,0,1.13,0,1.13,0,1.13,0,1.13,1949,1.13,1992,1.13,1984,1.13,2083,1.13,0,1.13,0,1.13,0,1.13,0,1.13,2001,1.13,2001,1.13,2001,1.13,2001
1.14,0,1.14,0,1.14,0,1.14,0,1.14,2004,1.14,1996,1.14,1924,1.14,2005,1.14,0,1.14,0,1.14,0,1.14,0,1.14,2001,1.14,2001,1.14,2001,1.14,2001
1.15,0,1.15,0,1.15,0,1.15,0,1.15,2001,1.15,2002,1.15,2060,1.15,1973,1.15,0,1.15,0,1.15,0,1.15,0,1.15,2001,1.15,2001,1.15,2001,1.15,2001
1.16,0,1.16,0,1.16,0,1.16,0,1.16,1952,1.16,1995,1.16,2016,1.16,1987,1.16,0,1.16,0,1.16,0,1.16,0,1.16,2001,1.16,2001,1.16,2001,1.16,2001
1.17,0,1.17,0,1.17,0,1.17,0,1.17,1980,1.17,1988,1.17,1972,1.17,2069,1.17,0,1.17,0,1.17,0,1.17,0,1.17,2001,1.17,2001,1.17,2001,1.17,2001
1.18,0,1.18,0,1.18,0,1.18,0,1.18,1994,1.18,2026,1.18,1990,1.18,1961,1.18,0,1.18,0,1.18,0,1.18,0,1.18,2001,1.18,2001,1.18,2001,1.18,2001
1.19,0,1.19,0,1.19,0,1.19,0,1.19,1957,1.19,1954,1.19,1993,1.19,2036,1.19,0,1.19,0,1.19,0,1.19,0,1.19,2001,1.19,2001,1.19,2001,1.19,2001
1.2,0,1.2,0,1.2,0,1.2,0,1.2,1992,1.2,1985,1.2,1985,1.2,2011,1.2,0,1.2,0,1.2,0,1.2,0,1.2,2001,1.2,2001,1.2,2001,1.2,2001
1.21,0,1.21,0,1.21,0,1.21,0,1.21,1977,1.21,1953,1.21,1972,1.21,1986,1.21,0,1.21,0,1.21,0,1.21,0,1.21,2001,1.21,2001,1.21,2001,1.21,2001
1.22,0,1.22,0,1.22,0,1.22,0,1.22,1990,1.22,2126,1.22,1946,1.22,1991,1.22,0,1.22,0,1.22,0,1.22,0,1.22,2001,1.22,2001,1.22,2001,1.22,2001
1.23,0,1.23,0,1.23,0,1.23,0,1.23,1996,1.23,1962,1.23,1992,1.23,1966,1.23,0,1.23,0,1.23,0,1.23,0,1.23,2001,1.23,2001,1.23,2001,1.23,2001
1.24,0,1.24,0,1.24,0,1.24,0,1.24,1980,1.24,1962,1.24,2001,1.24,2006,1.24,0,1.24,0,1.24,0,1.24,0,1.24,2001,1.24,2001,1.24,2001,1.24,2001
1.25,0,1.25,0,1.25,0,1.25,0,1.25,2019,1.25,2005,1.25,2010,1.25,2005,1.25,0,1.25,0,1.25,0,1.25,0,1.25,2001,1.25,2001,1.25,2001,1.25,2001
1.26,0,1.26,0,1.26,0,1.26,0,1.26,1993,1.26,2092,1.26,1987,1.26,2047,1.26,0,1.26,0,1.26,0,1.26,0,1.26,2001,1.26,2001,1.26,2001,1.26,2001
1.27,0,1.27,0,1.27,0,1.27,0,1.27,1993,1.27,2092,1.27,1987,1.27,2047,1.27,0,1.27,0,1.27,0,1.27,0,1.27,2001,1.27,2001,1.27,2001,1.27,2001
1.28,0,1.28,0,1.28,0,1.28,0,1.28,1999,1.28,2108,1.28,1981,1.28,1991,1.28,0,1.28,0,1.28,0,1.28,0,1.28,2001,1.28,2001,1.28,2001,1.28,2001
1.29,0,1.29,0,1.29,0,1.29,0,1.29,2014,1.29,1971,1.29,1939,1.29,2010,1.29,0,1.29,0,1.29,0,1.29,0,1.29,2001,1.29,2001,1.29,2001,1.29,2001
1.3,0,1.3,0,1.3,0,1.3,0,1.3,2000,1.3,1994,1.3,2007,1.3,1985,1.3,0,1.3,0,1.3,0,1.3,0,1.3,2001,1.3,2001,1.3,2001,1.3,2001
1.31,0,1.31,0,1.31,0,1.31,0,1.31,2005,1.31,1942,1.31,1992,1.31,2006,1.31,0,1.31,0,1.31,0,1.31,0,1.31,2001,1.31,2001,1.31,2001,1.31,2001
1.32,0,1.32,0,1.32,0,1.32,0,1.32,1934,1.32,2050,1.32,1983,1.32,2011,1.32,0,1.32,0,1.32,0,1.32,0,1.32,2001,1.32,2001,1.32,2001,1.32,2001
1.33,0,1.33,0,1.33,0,1.33,0,1.33,1942,1.33,1987,1.33,2060,1.33,1991,1.33,0,1.33,0,1.33,0,1.33,0,1.33,2001,1.33,2001,1.33,2001,1.33,2001
1.34,0,1.34,0,1.34,0,1.34,0,1.34,1996,1.34,1938,1.34,2049,1.34,2001,1.34,0,1.34,0,1.34,0,1.34,0,1.34,2001,1.34,2001,1.34,2001,1.34,2001
1.35,0,1.35,0,1.35,0,1.35,0,1.35,1987,1.35,1960,1.35,1991,1.35,1999,1.35,0,1.35,0,1.35,0,1.35,0,1.35,2001,1.35,2001,1.35,2001,1.35,2001
1.36,0,1.36,0,1.36,0,1.36,0,1.36,1989,1.36,1994,1.36,1982,1.36,1984,1.36,0,1.36,0,1.36,0,1.36,0,1.36,2001,1.36,2001,1.36,2001,1.36,2001
1.37,0,1.37,0,1.37,0,1.37,0,1.37,2013,1.37,2000,1.37,1922,1.37,1986,1.37,0,1.37,0,1.37,0,1.37,0,1.37,2001,1.37,2001,1.37,2001,1.37,2001
1.38,0,1.38,0,1.38,0,1.38,0,1.38,2146,1.38,2002,1.38,1965,1.38,2003,1.38,0,1.38,0,1.38,0,1.38,0,1.38,2001,1.38,2001,1.38,2001,1.38,2001
1.39,0,1.39,0,1.39,0,1.39,0,1.39,1981,1.39,1981,1.39,2035,1.39,1975,1.39,0,1.39,0,1.39,0,1.39,0,1.39,2001,1.39,2001,1.39,2001,1.39,2001
1.4,0,1.4,0,1.4,0,1.4,0,1.4,1978,1.4,2003,1.4,1986,1.4,1992,1.4,0,1.4,0,1.4,0,1.4,0,1.4,2001,1.4,2001,1.4,2001,1.4,2001
1.41,0,1.41,0,1.41,0,1.41,0,1.41,1993,1.41,1986,1.41,1979,1.41,1999,1.41,0,1.41,0,1.41,0,1.41,0,1.41,2001,1.41,2001,1.41,2001,1.41,2001
1.42,0,1.42,0,1.42,0,1.42,0,1.42,2001,1.42,1942,1.42,1965,1.42,2013,1.42,0,1.42,0,1.42,0,1.42,0,1.42,2001,1.42,2001,1.42,2001,1.42,2001
1.43,0,1.43,0,1.43,0,1.43,0,1.43,1985,1.43,1958,1.43,1987,1.43,1991,1.43,0,1.43,0,1.43,0,1.43,0,1.43,2001,1.43,2001,1.43,2001,1.43,2001
1.44,0,1.44,0,1.44,0,1.44,0,1.44,2028,1.44,2075,1.44,2006,1.44,2011,1.44,0,1.44,0,1.44,0,1.44,0,1.44,2001,1.44,2001,1.44,2001,1.44,2001
1.45,0,1.45,0,1.45,0,1.45,0,1.45,1951,1.45,1974,1.45,1911,1.45,2015,1.45,0,1.45,0,1.45,0,1.45,0,1.45,2001,1.45,2001,1.45,2001,1.45,2001
1.46,0,1.46,0,1.46,0,1.46,0,1.46,1946,1.46,1980,1.46,2060,1.46,1982,1.46,0,1.46,0,1.46,0,1.46,0,1.46,2001,1.46,2001,1.46,2001,1.46,2001
1.47,0,1.47,0,1.47,0,1.47,0,1.47,2011,1.47,1991,1.47,2006,1.47,2156,1.47,0,1.47,0,1.47,0,1.47,0,1.47,2001,1.47,2001,1.47,2001,1.47,2001
1.48,0,1.48,0,1.48,0,1.48,0,1.48,1988,1.48,1969,1.48,1984,1.48,1952,1.48,0,1.48,0,1.48,0,1.48,0,1.48,2001,1.48,2001,1.48,2001,1.48,2001
1.49,0,1.49,0,1.49,0,1.49,0,1.49,2002,1.49,2104,1.49,2005,1.49,1939,1.49,0,1.49,0,1.49,0,1.49,0,1.49,2001,1.49,2001,1.49,2001,1.49,2001
1.5,0,1.5,0,1.5,0,1.5,0,1.5,1986,1.5,1988,1.5,1914,1.5,1983,1.5,0,1.5,0,1.5,0,1.5,0,1.5,2001,1.5,2001,1.5,2001,1.5,2001
1.51,0,1.51,0,1.51,0,1.51,0,1.51,1994,1.51,1988,1.51,1992,1.51,1974,1.51,0,1.51,0,1.51,0,1.51,0,1.51,2001,1.51,2001,1.51,2001,1.51,2001
1.52,0,1.52,0,1.52,0,1.52,0,1.52,2041,1.52,2018,1.52,2076,1.52,1972,1.52,0,1.52,0,1.52,0,1.52,0,1.52,2001,1.52,2001,1.52,2001,1.52,2001
1.53,0,1.53,0,1.53,0,1.53,0,1.53,2001,1.53,2014,1.53,1941,1.53,2037,1.53,0,1.53,0,1.53,0,1.53,0,1.53,2001,1.53,2001,1.53,2001,1.53,2001
1.54,0,1.54,0,1.54,0,1.54,0,1.54,2031,1.54,1996,1.54,1987,1.54,1981,1.54,0,1.54,0,1.54,0,1.54,0,1.54,2001,1.54,2001,1.54,2001,1.54,2001
1.55,0,1.55,0,1.55,0,1.55,0,1.55,2043,1.55,2040,1.55,2076,1.55,1991,1.55,0,1.55,0,1.55,0,1.55,0,1.55,2001,1.55,2001,1.55,2001,1.55,2001
1.56,0,1.56,0,1.56,0,1.56,0,1.56,1997,1.56,1988,1.56,1985,1.56,2003,1.56,0,1.56,0,1.56,0,1.56,0,1.56,2001,1.56,2001,1.56,2001,1.56,2001
1.57,0,1.57,0,1.57,0,1.57,0,1.57,1975,1.57,1984,1.57,1993,1.57,2006,1.57,0,1.57,0,1.57,0,1.57,0,1.57,2001,1.57,2001,1.57,2001,1.57,2001
1.58,0,1.58,0,1.58,0,1.58,0,1.58,1982,1.58,2018,1.58,2010,1.58,1936,1.58,0,1.58,0,1.58,0,1.58,0,1.58,2001,1.58,2001,1.58,2001,1.58,2001
1.59,0,1.59,0,1.59,0,1.59,0,1.59,2014,1.59,1998,1.59,1996,1.59,2014,1.59,0,1.59,0,1.59,0,1.59,0,1.59,2001,1.59,2001,1.59,2001,1.59,2001
1.6,0,1.6,0,1.6,0,1.6,0,1.6,1981,1.6,2007,1.6,1950,1.6,1947,1.6,0,1.6,0,1.6,0,1.6,0,1.6,2001,1.6,2001,1.6,2001,1.6,2001
1.61,0,1.61,0,1.61,0,1.61,0,1.61,2012,1.61,2031,1.61,2013,1.61,1910,1.61,0,1.61,0,1.61,0,1.61,0,1.61,2001,1.61,2001,1.61,2001,1.61,2001
1.62,0,1.62,0,1.62,0,1.62,0,1.62,2040,1.62,1995,1.62,1997,1.62,1989,1.62,0,1.62,0,1.62,0,1.62,0,1.62,2001,1.62,2001,1.62,2001,1.62,2001
1.63,0,1.63,0,1.63,0,1.63,0,1.63,1992,1.63,2002,1.63,1992,1.63,1930,1.63,0,1.63,0,1.63,0,1.63,0,1.63,2001,1.63,2001,1.63,2001,1.63,2001
1.64,0,1.64,0,1.64,0,1.64,0,1.64,1999,1.64,2010,1.64,1990,1.64,1980,1.64,0,1.64,0,1.64,0,1.64,0,1.64,2001,1.64,2001,1.64,2001,1.64,2001
1.65,0,1.65,0,1.65,0,1.65,0,1.65,1982,1.65,1997,1.65,1971,1.65,2048,1.65,0,1.65,0,1.65,0,1.65,0,1.65,2001,1.65,2001,1.65,2001,1.65,2001
1.66,0,1.66,0,1.66,0,1.66,0,1.66,1999,1.66,2080,1.66,1963,1.66,1995,1.66,0,1.66,0,1.66,0,1.66,0,1.66,2001,1.66,2001,1.66,2001,1.66,2001
1.67,0,1.67,0,1.67,0,1.67,0,1.67,1992,1.67,1999,1.67,2002,1.67,1987,1.67,0,1.67,0,1.67,0,1.67,0,1.67,2001,1.67,2001,1.67,2001,1.67,2001
1.68,0,1.68,0,1.68,0,1.68,0,1.68,1999,1.68,2008,1.68,2011,1.68,1994,1.68,0,1.68,0,1.68,0,1.68,0,1.68,2001,1.68,2001,1.68,2001,1.68,2001
1.69,0,1.69,0,1.69,0,1.69,0,1.69,2015,1.69,1966,1.69,2009,1.69,2045,1.69,0,1.69,0,1.69,0,1.69,0,1.69,2001,1.69,2001,1.69,2001,1.69,2001
1.7,0,1.7,0,1.7,0,1.7,0,1.7,2017,1.7,2083,1.7,2005,1.7,1978,1.7,0,1.7,0,1.7,0,1.7,0,1.7,2001,1.7,2001,1.7,2001,1.7,2001
1.71,0,1.71,0,1.71,0,1.71,0,1.71,2080,1.71,2085,1.71,2006,1.71,2147,1.71,0,1.71,0,1.71,0,1.71,0,1.71,2001,1.71,2001,1.71,2001,1.71,2001
1.72,0,1.72,0,1.72,0,1.72,0,1.72,1991,1.72,1982,1.72,2043,1.72,1888,1.72,0,1.72,0,1.72,0,1.72,0,1.72,2001,1.72,2001,1.72,2001,1.72,2001
1.73,0,1.73,0,1.73,0,1.73,0,1.73,2000,1.73,1958,1.73,2001,1.73,1974,1.73,0,1.73,0,1.73,0,1.73,0,1.73,2001,1.73,2001,1.73,2001,1.73,2001
1.74,0,1.74,0,1.74,0,1.74,0,1.74,1997,1.74,2080,1.74,1989,1.74,1980,1.74,0,1.74,0,1.74,0,1.74,0,1.74,2001,1.74,2001,1.74,2001,1.74,2001
1.75,0,1.75,0,1.75,0,1.75,0,1.75,1947,1.75,1983,1.75,2021,1.75,1992,1.75,0,1.75,0,1.75,0,1.75,0,1.75,2001,1.75,2001,1.75,2001,1.75,2001
1.76,0,1.76,0,1.76,0,1.76,0,1.76,1998,1.76,2036,1.76,1955,1.76,1917,1.76,0,1.76,0,1.76,0,1.76,0,1.76,2001,1.76,2001,1.76,2001,1.76,2001
1.77,0,1.77,0,1.77,0,1.77,0,1.77,1999,1.77,1988,1.77,2006,1.77,2033,1.77,0,1.77,0,1.77,0,1.77,0,1.77,2001,1.77,2001,1.77,2001,1.77,2001
1.78,0,1.78,0,1.78,0,1.78,0,1.78,1991,1.78,1946,1.78,1991,1.78,1900,1.78,0,1.78,0,1.78,0,1.78,0,1.78,2001,1.78,2001,1.78,2001,1.78,2001
1.79,0,1.79,0,1.79,0,1.79,0,1.79,1991,1.79,2004,1.79,2013,1.79,1979,1.79,0,1.79,0,1.79,0,1.79,0,1.79,2001,1.79,2001,1.79,2001,1.79,2001
1.8,0,1.8,0,1.8,0,1.8,0,1.8,2008,1.8,1982,1.8,2005,1.8,2002,1.8,0,1.8,0,1.8,0,1.8,0,1.8,2001,1.8,2001,1.8,2001,1.8,2001
1.81,0,1.81,0,1.81,0,1.81,0,1.81,1984,1.81,1990,1.81,1976,1.81,2016,1.81,0,1.81,0,1.81,0,1.81,0,1.81,2001,1.81,2001,1.81,2001,1.81,2001
1.82,0,1.82,0,1.82,0,1.82,0,1.82,2010,1.82,1968,1.82,1985,1.82,1990,1.82,0,1.82,0,1.82,0,1.82,0,1.82,2001,1.82,2001,1.82,2001,1.82,2001
1.83,0,1.83,0,1.83,0,1.83,0,1.83,2079,1.83,2026,1.83,1990,1.83,1955,1.83,0,1.83,0,1.83,0,1.83,0,1.83,2001,1.83,2001,1.83,2001,1.83,2001
1.84,0,1.84,0,1.84,0,1.84,0,1.84,1990,1.84,2001,1.84,2114,1.84,1996,1.84,0,1.84,0,1.84,0,1.84,0,1.84,2001,1.84,2001,1.84,2001,1.84,2001
1.85,0,1.85,0,1.85,0,1.85,0,1.85,2002,1.85,2018,1.85,1961,1.85,2005,1.85,0,1.85,0,1.85,0,1.85,0,1.85,2001,1.85,2001,1.85,2001,1.85,2001
1.86,0,1.86,0,1.86,0,1.86,0,1.86,2002,1.86,1981,1.86,1993,1.86,1945,1.86,0,1.86,0,1.86,0,1.86,0,1.86,2001,1.86,2001,1.86,2001,1.86,2001
1.87,0,1.87,0,1.87,0,1.87,0,1.87,1997,1.87,1959,1.87,1982,1.87,2016,1.87,0,1.87,0,1.87,0,1.87,0,1.87,2001,1.87,2001,1.87,2001,1.87,2001
1.88,0,1.88,0,1.88,0,1.88,0,1.88,2046,1.88,2008,1.88,1983,1.88,1950,1.88,0,1.88,0,1.88,0,1.88,0,1.88,2001,1.88,2001,1.88,2001,1.88,2001
1.89,0,1.89,0,1.89,0,1.89,0,1.89,1995,1.89,1992,1.89,1926,1.89,2002,1.89,0,1.89,0,1.89,0,1.89,0,1.89,2001,1.89,2001,1.89,2001,1.89,2001
1.9,0,1.9,0,1.9,0,1.9,0,1.9,2005,1.9,1995,1.9,2085,1.9,2013,1.9,0,1.9,0,1.9,0,1.9,0,1.9,2001,1.9,2001,1.9,2001,1.9,2001
1.91,0,1.91,0,1.91,0,1.91,0,1.91,2127,1.91,2001,1.91,2020,1.91,1991,1.91,0,1.91,0,1.91,0,1.91,0,1.91,2001,1.91,2001,1.91,2001,1.91,2001
1.92,0,1.92,0,1.92,0,1.92,0,1.92,1972,1.92,1986,1.92,1990,1.92,2104,1.92,0,1.92,0,1.92,0,1.92,0,1.92,2001,1.92,2001,1.92,2001,1.92,2001
1.93,0,1.93,0,1.93,0,1.93,0,1.93,1989,1.93,1965,1.93,1988,1.93,2012,1.93,0,1.93,0,1.93,0,1.93,0,1.93,2001,1.93,2001,1.93,2001,1.93,2001
1.94,0,1.94,0,1.94,0,1.94,0,1.94,1999,1.94,1956,1.94,1984,1.94,2012,1.94,0,1.94,0,1.94,0,1.94,0,1.94,2001,1.94,2001,1.94,2001,1.94,2001
1.95,0,1.95,0,1.95,0,1.95,0,1.95,2023,1.95,2044,1.95,1997,1.95,2001,1.95,0,1.95,0,1.95,0,1.95,0,1.95,2001,1.95,2001,1.95,2001,1.95,2001
1.96,0,1.96,0,1.96,0,1.96,0,1.96,1996,1.96,2014,1.96,1986,1.96,2030,1.96,0,1.96,0,1.96,0,1.96,0,1.96,2001,1.96,2001,1.96,2001,1.96,2001
1.97,0,1.97,0,1.97,0,1.97,0,1.97,2065,1.97,2104,1.97,1984,1.97,1938,1.97,0,1.97,0,1.97,0,1.97,0,1.97,2001,1.97,2001,1.97,2001,1.97,2001
1.98,0,1.98,0,1.98,0,1.98,0,1.98,2037,1.98,2040,1.98,2008,1.98,1980,1.98,0,1.98,0,1.98,0,1.98,0,1.98,2001,1.98,2001,1.98,2001,1.98,2001
1.99,0,1.99,0,1.99,0,1.99,0,1.99,2002,1.99,1955,1.99,1977,1.99,1996,1.99,0,1.99,0,1.99,0,1.99,0,1.99,2001,1.99,2001,1.99,2001,1.99,2001
2,0,2,0,2,0,2,0,2,2001,2,1982,2,1998,2,2001,2,0,2,0,2,0,2,0,2,2001,2,2001,2,2001,2,2001
2.01,0,2.01,0,2.01,0,2.01,0,2.01,2009,2.01,2070,2.01,2076,2.01,2008,2.01,0,2.01,0,2.01,0,2.01,0,2.01,2001,2.01,2001,2.01,2001,2.01,2001
2.02,0,2.02,0,2.02,0,2.02,0,2.02,1942,2.02,2005,2.02,1916,2.02,1989,2.02,0,2.02,0,2.02,0,2.02,0,2.02,2001,2.02,2001,2.02,2001,2.02,2001
2.03,0,2.03,0,2.03,0,2.03,0,2.03,1991,2.03,2066,2.03,1982,2.03,1990,2.03,0,2.03,0,2.03,0,2.03,0,2.03,2001,2.03,2001,2.03,2001,2.03,2001
2.04,0,2.04,0,2.04,0,2.04,0,2.04,2066,2.04,2017,2.04,2017,2.04,1974,2.04,0,2.04,0,2.04,0,2.04,0,2.04,2001,2.04,2001,2.04,2001,2.04,2001
2.05,0,2.05,0,2.05,0,2.05,0,2.05,1991,2.05,2017,2.05,2007,2.05,2034,2.05,0,2.05,0,2.05,0,2.05,0,2.05,2001,2.05,2001,2.05,2001,2.05,2001
2.06,0,2.06,0,2.06,0,2.06,0,2.06,2126,2.06,2023,2.06,1987,2.06,1970,2.06,0,2.06,0,2.06,0,2.06,0,2.06,2001,2.06,2001,2.06,2001,2.06,2001
2.07,0,2.07,0,2.07,0,2.07,0,2.07,1989,2.07,1993,2.07,2004,2.07,1938,2.07,0,2.07,0,2.07,0,2.07,0,2.07,2001,2.07,2001,2.07,2001,2.07,2001
2.08,0,2.08,0,2.08,0,2.08,0,2.08,1993,2.08,1985,2.08,1989,2.08,1998,2.08,0,2.08,0,2.08,0,2.08,0,2.08,2001,2.08,2001,2.08,2001,2.08,2001
2.09,0,2.09,0,2.09,0,2.09,0,2.09,2020,2.09,2016,2.09,2100,2.09,2003,2.09,0,2.09,0,2.09,0,2.09,0,2.09,2001,2.09,2001,2.09,2001,2.09,2001
2.1,0,2.1,0,2.1,0,2.1,0,2.1,2057,2.1,2019,2.1,2011,2.1,2002,2.1,0,2.1,0,2.1,0,2.1,0,2.1,2001,2.1,2001,2.1,2001,2.1,2001
2.11,0,2.11,0,2.11,0,2.11,0,2.11,2014,2.11,1982,2.11,1993,2.11,2014,2.11,0,2.11,0,2.11,0,2.11,0,2.11,2001,2.11,2001,2.11,2001,2.11,2001
2.12,0,2.12,0,2.12,0,2.12,0,2.12,2032,2.12,1970,2.12,1976,2.12,1996,2.12,0,2.12,0,2.12,0,2.12,0,2.12,2001,2.12,2001,2.12,2001,2.12,2001
2.13,0,2.13,0,2.13,0,2.13,0,2.13,1946,2.13,2011,2.13,1992,2.13,1998,2.13,0,2.13,0,2.13,0,2.13,0,2.13,2001,2.13,2001,2.13,2001,2.13,2001
2.14,0,2.14,0,2.14,0,2.14,0,2.14,1984,2.14,1992,2.14,2090,2.14,2010,2.14,0,2.14,0,2.14,0,2.14,0,2.14,2001,2.14,2001,2.14,2001,2.14,2001
2.15,0,2.15,0,2.15,0,2.15,0,2.15,1989,2.15,1974,2.15,1972,2.15,1987,2.15,0,2.15,0,2.15,0,2.15,0,2.15,2001,2.15,2001,2.15,2001,2.15,2001
2.16,0,2.16,0,2.16,0,2.16,0,2.16,2032,2.16,1952,2.16,1945,2.16,1923,2.16,0,2.16,0,2.16,0,2.16,0,2.16,2001,2.16,2001,2.16,2001,2.16,2001
2.17,0,2.17,0,2.17,0,2.17,0,2.17,2008,2.17,1986,2.17,1976,2.17,1992,2.17,0,2.17,0,2.17,0,2.17,0,2.17,2001,2.17,2001,2.17,2001,2.17,2001
2.18,0,2.18,0,2.18,0,2.18,0,2.18,1991,2.18,1982,2.18,2026,2.18,2000,2.18,0,2.18,0,2.18,0,2.18,0,2.18,2001,2.18,2001,2.18,2001,2.18,2001
2.19,0,2.19,0,2.19,0,2.19,0,2.19,1993,2.19,2096,2.19,2043,2.19,2022,2.19,0,2.19,0,2.19,0,2.19,0,2.19,2001,2.19,2001,2.19,2001,2.19,2001
2.2,0,2.2,0,2.2,0,2.2,0,2.2,1991,2.2,1991,2.2,1990,2.2,2012,2.2,0,2.2,0,2.2,0,2.2,0,2.2,2001,2.2,2001,2.2,2001,2.2,2001
2.21,0,2.21,0,2.21,0,2.21,0,2.21,1939,2.21,2005,2.21,2100,2.21,2004,2.21,0,2.21,0,2.21,0,2.21,0,2.21,2001,2.21,2001,2.21,2001,2.21,2001
2.22,0,2.22,0,2.22,0,2.22,0,2.22,1994,2.22,2005,2.22,1966,2.22,2007,2.22,0,2.22,0,2.22,0,2.22,0,2.22,2001,2.22,2001,2.22,2001,2.22,2001
2.23,0,2.23,0,2.23,0,2.23,0,2.23,1991,2.23,1981,2.23,1994,2.23,2015,2.23,0,2.23,0,2.23,0,2.23,0,2.23,2001,2.23,2001,2.23,2001,2.23,2001
2.24,0,2.24,0,2.24,0,2.24,0,2.24,1986,2.24,1981,2.24,1970,2.24,2087,2.24,0,2.24,0,2.24,0,2.24,0,2.24,2001,2.24,2001,2.24,2001,2.24,2001
2.25,0,2.25,0,2.25,0,2.25,0,2.25,1975,2.25,2005,2.25,2162,2.25,1988,2.25,0,2.25,0,2.25,0,2.25,0,2.25,2001,2.25,2001,2.25,2001,2.25,2001
2.26,0,2.26,0,2.26,0,2.26,0,2.26,2000,2.26,2004,2.26,2061,2.26,2106,2.26,0,2.26,0,2.26,0,2.26,0,2.26,2001,2.26,2001,2.26,2001,2.26,2001
2.27,0,2.27,0,2.27,0,2.27,0,2.27,2005,2.27,2004,2.27,1979,2.27,1995,2.27,0,2.27,0,2.27,0,2.27,0,2.27,2001,2.27,2001,2.27,2001,2.27,2001
2.28,0,2.28,0,2.28,0,2.28,0,2.28,2002,2.28,1997,2.28,1991,2.28,2050,2.28,0,2.28,0,2.28,0,2.28,0,2.28,2001,2.28,2001,2.28,2001,2.28,2001
2.29,0,2.29,0,2.29,0,2.29,0,2.29,2000,2.29,1994,2.29,1983,2.29,2009,2.29,0,2.29,0,2.29,0,2.29,0,2.29,2001,2.29,2001,2.29,2001,2.29,2001
2.3,0,2.3,0,2.3,0,2.3,0,2.3,1997,2.3,2103,2.3,1979,2.3,1987,2.3,0,2.3,0,2.3,0,2.3,0,2.3,2001,2.3,2001,2.3,2001,2.3,2001
2.31,0,2.31,0,2.31,0,2.31,0,2.31,2034,2.31,1969,2.31,2011,2.31,1971,2.31,0,2.31,0,2.31,0,2.31,0,2.31,2001,2.31,2001,2.31,2001,2.31,2001
2.32,0,2.32,0,2.32,0,2.32,0,2.32,1990,2.32,1966,2.32,2007,2.32,2052,2.32,0,2.32,0,2.32,0,2.32,0,2.32,2001,2.32,2001,2.32,2001,2.32,2001
2.33,0,2.33,0,2.33,0,2.33,0,2.33,1985,2.33,1972,2.33,2006,2.33,1993,2.33,0,2.33,0,2.33,0,2.33,0,2.33,2001,2.33,2001,2.33,2001,2.33,2001
2.34,0,2.34,0,2.34,0,2.34,0,2.34,1993,2.34,1992,2.34,1982,2.34,2027,2.34,0,2.34,0,2.34,0,2.34,0,2.34,2001,2.34,2001,2.34,2001,2.34,2001
2.35,0,2.35,0,2.35,0,2.35,0,2.35,1995,2.35,1996,2.35,2005,2.35,1985,2.35,0,2.35,0,2.35,0,2.35,0,2.35,2001,2.35,2001,2.35,2001,2.35,2001
2.36,0,2.36,0,2.36,0,2.36,0,2.36,1975,2.36,1976,2.36,1992,2.36,1918,2.36,0,2.36,0,2.36,0,2.36,0,2.36,2001,2.36,2001,2.36,2001,2.36,2001
2.37,0,2.37,0,2.37,0,2.37,0,2.37,2011,2.37,1992,2.37,1999,2.37,1963,2.37,0,2.37,0,2.37,0,2.37,0,2.37,2001,2.37,2001,2.37,2001,2.37,2001
2.38,0,2.38,0,2.38,0,2.38,0,2.38,1999,2.38,1994,2.38,1994,2.38,1986,2.38,0,2.38,0,2.38,0,2.38,0,2.38,2001,2.38,2001,2.38,2001,2.38,2001
2.39,0,2.39,0,2.39,0,2.39,0,2.39,2009,2.39,1992,2.39,2016,2.39,2061,2.39,0,2.39,0,2.39,0,2.39,0,2.39,2001,2.39,2001,2.39,2001,2.39,2001
2.4,0,2.4,0,2.4,0,2.4,0,2.4,1996,2.4,2126,2.4,1992,2.4,2113,2.4,0,2.4,0,2.4,0,2.4,0,2.4,2001,2.4,2001,2.4,2001,2.4,2001
2.41,0,2.41,0,2.41,0,2.41,0,2.41,2006,2.41,1967,2.41,2004,2.41,1995,2.41,0,2.41,0,2.41,0,2.41,0,2.41,2001,2.41,2001,2.41,2001,2.41,2001
2.42,0,2.42,0,2.42,0,2.42,0,2.42,2004,2.42,1975,2.42,1985,2.42,1995,2.42,0,2.42,0,2.42,0,2.42,0,2.42,2001,2.42,2001,2.42,2001,2.42,2001
2.43,0,2.43,0,2.43,0,2.43,0,2.43,2012,2.43,1991,2.43,1970,2.43,1971,2.43,0,2.43,0,2.43,0,2.43,0,2.43,2001,2.43,2001,2.43,2001,2.43,2001
2.44,0,2.44,0,2.44,0,2.44,0,2.44,2022,2.44,2007,2.44,2002,2.44,1995,2.44,0,2.44,0,2.44,0,2.44,0,2.44,2001,2.44,2001,2.44,2001,2.44,2001
2.45,0,2.45,0,2.45,0,2.45,0,2.45,1994,2.45,1988,2.45,1996,2.45,2005,2.45,0,2.45,0,2.45,0,2.45,0,2.45,2001,2.45,2001,2.45,2001,2.45,2001
2.46,0,2.46,0,2.46,0,2.46,0,2.46,2000,2.46,1986,2.46,1976,2.46,1986,2.46,0,2.46,0,2.46,0,2.46,0,2.46,2001,2.46,2001,2.46,2001,2.46,2001
2.47,0,2.47,0,2.47,0,2.47,0,2.47,2011,2.47,2004,2.47,1986,2.47,1985,2.47,0,2.47,0,2.47,0,2.47,0,2.47,2001,2.47,2001,2.47,2001,2.47,2001
2.48,0,2.48,0,2.48,0,2.48,0,2.48,2006,2.48,1994,2.48,1964,2.48,2008,2.48,0,2.48,0,2.48,0,2.48,0,2.48,2001,2.48,2001,2.48,2001,2.48,2001
2.49,0,2.49,0,2.49,0,2.49,0,2.49,2000,2.49,1977,2.49,1996,2.49,1978,2.49,0,2.49,0,2.49,0,2.49,0,2.49,2001,2.49,2001,2.49,2001,2.49,2001
2.5,0,2.5,0,2.5,0,2.5,0,2.5,1971,2.5,2017,2.5,2000,2.5,2009,2.5,0,2.5,0,2.5,0,2.5,0,2.5,2001,2.5,2001,2.5,2001,2.5,2001
2.51,0,2.51,0,2.51,0,2.51,0,2.51,1986,2.51,1993,2.51,1979,2.51,1995,2.51,0,2.51,0,2.51,0,2.51,0,2.51,2001,2.51,2001,2.51,2001,2.51,2001
2.52,0,2.52,0,2.52,0,2.52,0,2.52,2009,2.52,2021,2.52,2005,2.52,2003,2.52,0,2.52,0,2.52,0,2.52,0,2.52,2001,2.52,2001,2.52,2001,2.52,2001
2.53,0,2.53,0,2.53,0,2.53,0,2.53,1991,2.53,2026,2.53,1984,2.53,1988,2.53,0,2.53,0,2.53,0,2.53,0,2.53,2001,2.53,2001,2.53,2001,2.53,2001
2.54,0,2.54,0,2.54,0,2.54,0,2.54,2048,2.54,1935,2.54,2098,2.54,1982,2.54,0,2.54,0,2.54,0,2.54,0,2.54,2001,2.54,2001,2.54,2001,2.54,2001
2.55,0,2.55,0,2.55,0,2.55,0,2.55,1997,2.55,1984,2.55,1997,2.55,1994,2.55,0,2.55,0,2.55,0,2.55,0,2.55,2001,2.55,2001,2.55,2001,2.55,2001
2.56,0,2.56,0,2.56,0,2.56,0,2.56,1995,2.56,2004,2.56,1993,2.56,2080,2.56,0,2.56,0,2.56,0,2.56,0,2.56,2001,2.56,2001,2.56,2001,2.56,2001
2.57,0,2.57,0,2.57,0,2.57,0,2.57,1992,2.57,1963,2.57,1971,2.57,1998,2.57,0,2.57,0,2.57,0,2.57,0,2.57,2001,2.57,2001,2.57,2001,2.57,2001
2.58,0,2.58,0,2.58,0,2.58,0,2.58,1978,2.58,1985,2.58,1974,2.58,1985,2.58,0,2.58,0,2.58,0,2.58,0,2.58,2001,2.58,2001,2.58,2001,2.58,2001
2.59,0,2.59,0,2.59,0,2.59,0,2.59,1992,2.59,2007,2.59,1988,2.59,1919,2.59,0,2.59,0,2.59,0,2.59,0,2.59,2001,2.59,2001,2.59,2001,2.59,2001
2.6,0,2.6,0,2.6,0,2.6,0,2.6,1968,2.6,1979,2.6,2030,2.6,2032,2.6,0,2.6,0,2.6,0,2.6,0,2.6,2001,2.6,2001,2.6,2001,2.6,2001
2.61,0,2.61,0,2.61,0,2.61,0,2.61,2098,2.61,1995,2.61,1982,2.61,1965,2.61,0,2.61,0,2.61,0,2.61,0,2.61,2001,2.61,2001,2.61,2001,2.61,2001
2.62,0,2.62,0,2.62,0,2.62,0,2.62,1992,2.62,1997,2.62,2006,2.62,1994,2.62,0,2.62,0,2.62,0,2.62,0,2.62,2001,2.62,2001,2.62,2001,2.62,2001
2.63,0,2.63,0,2.63,0,2.63,0,2.63,1994,2.63,1934,2.63,2022,2.63,2016,2.63,0,2.63,0,2.63,0,2.63,0,2.63,2001,2.63,2001,2.63,2001,2.63,2001
2.64,0,2.64,0,2.64,0,2.64,0,2.64,2006,2.64,1984,2.64,1990,2.64,2056,2.64,0,2.64,0,2.64,0,2.64,0,2.64,2001,2.64,2001,2.64,2001,2.64,2001
2.65,0,2.65,0,2.65,0,2.65,0,2.65,2096,2.65,1997,2.65,2085,2.65,2008,2.65,0,2.65,0,2.65,0,2.65,0,2.65,2001,2.65,2001,2.65,2001,2.65,2001
2.66,0,2.66,0,2.66,0,2.66,0,2.66,2022,2.66,1983,2.66,1992,2.66,1990,2.66,0,2.66,0,2.66,0,2.66,0,2.66,2001,2.66,2001,2.66,2001,2.66,2001
2.67,0,2.67,0,2.67,0,2.67,0,2.67,1995,2.67,1992,2.67,1991,2.67,1984,2.67,0,2.67,0,2.67,0,2.67,0,2.67,2001,2.67,2001,2.67,2001,2.67,2001
2.68,0,2.68,0,2.68,0,2.68,0,2.68,2005,2.68,2010,2.68,1989,2.68,2011,2.68,0,2.68,0,2.68,0,2.68,0,2.68,2001,2.68,2001,2.68,2001,2.68,2001
2.69,0,2.69,0,2.69,0,2.69,0,2.69,2010,2.69,1984,2.69,2001,2.69,2013,2.69,0,2.69,0,2.69,0,2.69,0,2.69,2001,2.69,2001,2.69,2001,2.69,2001
2.7,0,2.7,0,2.7,0,2.7,0,2.7,2007,2.7,2012,2.7,2042,2.7,1983,2.7,0,2.7,0,2.7,0,2.7,0,2.7,2001,2.7,2001,2.7,2001,2.7,2001
2.71,0,2.71,0,2.71,0,2.71,0,2.71,1999,2.71,2108,2.71,2008,2.71,2011,2.71,0,2.71,0,2.71,0,2.71,0,2.71,2001,2.71,2001,2.71,2001,2.71,2001
2.72,0,2.72,0,2.72,0,2.72,0,2.72,2030,2.72,1947,2.72,1996,2.72,1920,2.72,0,2.72,0,2.72,0,2.72,0,2.72,2001,2.72,2001,2.72,2001,2.72,2001
2.73,0,2.73,0,2.73,0,2.73,0,2.73,2000,2.73,1993,2.73,1988,2.73,1972,2.73,0,2.73,0,2.73,0,2.73,0,2.73,2001,2.73,2001,2.73,2001,2.73,2001
2.74,0,2.74,0,2.74,0,2.74,0,2.74,1980,2.74,2014,2.74,2004,2.74,1982,2.74,0,2.74,0,2.74,0,2.74,0,2.74,2001,2.74,2001,2.74,2001,2.74,2001
2.75,0,2.75,0,2.75,0,2.75,0,2.75,1986,2.75,2022,2.75,2029,2.75,2010,2.75,0,2.75,0,2.75,0,2.75,0,2.75,2001,2.75,2001,2.75,2001,2.75,2001
2.76,0,2.76,0,2.76,0,2.76,0,2.76,2020,2.76,1974,2.76,1989,2.76,1994,2.76,0,2.76,0,2.76,0,2.76,0,2.76,2001,2.76,2001,2.76,2001,2.76,2001
2.77,0,2.77,0,2.77,0,2.77,0,2.77,2021,2.77,1984,2.77,2011,2.77,1966,2.77,0,2.77,0,2.77,0,2.77,0,2.77,2001,2.77,2001,2.77,2001,2.77,2001
2.78,0,2.78,0,2.78,0,2.78,0,2.78,2090,2.78,1982,2.78,2029,2.78,2042,2.78,0,2.78,0,2.78,0,2.78,0,2.78,2001,2.78,2001,2.78,2001,2.78,2001
2.79,0,2.79,0,2.79,0,2.79,0,2.79,1990,2.79,1949,2.79,1993,2.79,2004,2.79,0,2.79,0,2.79,0,2.79,0,2.79,2001,2.79,2001,2.79,2001,2.79,2001
2.8,0,2.8,0,2.8,0,2.8,0,2.8,2043,2.8,2007,2.8,2032,2.8,1980,2.8,0,2.8,0,2.8,0,2.8,0,2.8,2001,2.8,2001,2.8,2001,2.8,2001
2.81,0,2.81,0,2.81,0,2.81,0,2.81,1976,2.81,1995,2.81,2047,2.81,2002,2.81,0,2.81,0,2.81,0,2.81,0,2.81,2001,2.81,2001,2.81,2001,2.81,2001
2.82,0,2.82,0,2.82,0,2.82,0,2.82,2018,2.82,2087,2.82,2012,2.82,1994,2.82,0,2.82,0,2.82,0,2.82,0,2.82,2001,2.82,2001,2.82,2001,2.82,2001
2.83,0,2.83,0,2.83,0,2.83,0,2.83,2053,2.83,2010,2.83,1992,2.83,2010,2.83,0,2.83,0,2.83,0,2.83,0,2.83,2001,2.83,2001,2.83,2001,2.83,2001
2.84,0,2.84,0,2.84,0,2.84,0,2.84,2004,2.84,1988,2.84,2006,2.84,2003,2.84,0,2.84,0,2.84,0,2.84,0,2.84,2001,2.84,2001,2.84,2001,2.84,2001
2.85,0,2.85,0,2.85,0,2.85,0,2.85,1991,2.85,1973,2.85,2024,2.85,1950,2.85,0,2.85,0,2.85,0,2.85,0,2.85,2001,2.85,2001,2.85,2001,2.85,2001
2.86,0,2.86,0,2.86,0,2.86,0,2.86,2027,2.86,2012,2.86,2009,2.86,2000,2.86,0,2.86,0,2.86,0,2.86,0,2.86,2001,2.86,2001,2.86,2001,2.86,2001
2.87,0,2.87,0,2.87,0,2.87,0,2.87,2003,2.87,1943,2.87,2062,2.87,2017,2.87,0,2.87,0,2.87,0,2.87,0,2.87,2001,2.87,2001,2.87,2001,2.87,2001
2.88,0,2.88,0,2.88,0,2.88,0,2.88,1987,2.88,2004,2.88,1992,2.88,1986,2.88,0,2.88,0,2.88,0,2.88,0,2.88,2001,2.88,2001,2.88,2001,2.88,2001
2.89,0,2.89,0,2.89,0,2.89,0,2.89,1956,2.89,2024,2.89,1997,2.89,2002,2.89,0,2.89,0,2.89,0,2.89,0,2.89,2001,2.89,2001,2.89,2001,2.89,2001
2.9,0,2.9,0,2.9,0,2.9,0,2.9,1987,2.9,1963,2.9,2009,2.9,1953,2.9,0,2.9,0,2.9,0,2.9,0,2.9,2001,2.9,2001,2.9,2001,2.9,2001
2.91,0,2.91,0,2.91,0,2.91,0,2.91,2004,2.91,2094,2.91,1977,2.91,1982,2.91,0,2.91,0,2.91,0,2.91,0,2.91,2001,2.91,2001,2.91,2001,2.91,2001
2.92,0,2.92,0,2.92,0,2.92,0,2.92,1994,2.92,1972,2.92,2031,2.92,2021,2.92,0,2.92,0,2.92,0,2.92,0,2.92,2001,2.92,2001,2.92,2001,2.92,2001
2.93,0,2.93,0,2.93,0,2.93,0,2.93,1991,2.93,2005,2.93,2020,2.93,1992,2.93,0,2.93,0,2.93,0,2.93,0,2.93,2001,2.93,2001,2.93,2001,2.93,2001
2.94,0,2.94,0,2.94,0,2.94,0,2.94,1997,2.94,1982,2.94,2054,2.94,2028,2.94,0,2.94,0,2.94,0,2.94,0,2.94,2001,2.94,2001,2.94,2001,2.94,2001
2.95,0,2.95,0,2.95,0,2.95,0,2.95,2007,2.95,1998,2.95,1981,2.95,1988,2.95,0,2.95,0,2.95,0,2.95,0,2.95,2001,2.95,2001,2.95,2001,2.95,2001
2.96,0,2.96,0,2.96,0,2.96,0,2.96,1990,2.96,1986,2.96,2006,2.96,2036,2.96,0,2.96,0,2.96,0,2.96,0,2.96,2001,2.96,2001,2.96,2001,2.96,2001
2.97,0,2.97,0,2.97,0,2.97,0,2.97,1987,2.97,2010,2.97,1989,2.97,2027,2.97,0,2.97,0,2.97,0,2.97,0,2.97,2001,2.97,2001,2.97,2001,2.97,2001
2.98,0,2.98,0,2.98,0,2.98,0,2.98,2006,2.98,1961,2.98,1980,2.98,1995,2.98,0,2.98,0,2.98,0,2.98,0,2.98,2001,2.98,2001,2.98,2001,2.98,2001
2.99,0,2.99,0,2.99,0,2.99,0,2.99,2000,2.99,2016,2.99,1932,2.99,2006,2.99,0,2.99,0,2.99,0,2.99,0,2.99,2001,2.99,2001,2.99,2001,2.99,2001
3,0,3,0,3,0,3,0,3,1991,3,1991,3,2012,3,1991,3,0,3,0,3,0,3,0,3,2001,3,2001,3,2001,3,2001
3.01,0,3.01,0,3.01,0,3.01,0,3.01,1996,3.01,1966,3.01,2456,3.01,1957,3.01,0,3.01,0,3.01,0,3.01,0,3.01,2001,3.01,2001,3.01,2001,3.01,2001
3.02,0,3.02,0,3.02,0,3.02,0,3.02,1996,3.02,1994,3.02,2014,3.02,2005,3.02,0,3.02,0,3.02,0,3.02,0,3.02,2001,3.02,2001,3.02,2001,3.02,2001
3.03,0,3.03,0,3.03,0,3.03,0,3.03,2057,3.03,1987,3.03,1989,3.03,1997,3.03,0,3.03,0,3.03,0,3.03,0,3.03,2001,3.03,2001,3.03,2001,3.03,2001
3.04,0,3.04,0,3.04,0,3.04,0,3.04,1980,3.04,2005,3.04,1976,3.04,1996,3.04,0,3.04,0,3.04,0,3.04,0,3.04,2001,3.04,2001,3.04,2001,3.04,2001
3.05,0,3.05,0,3.05,0,3.05,0,3.05,1999,3.05,1996,3.05,2005,3.05,2013,3.05,0,3.05,0,3.05,0,3.05,0,3.05,2001,3.05,2001,3.05,2001,3.05,2001
3.06,0,3.06,0,3.06,0,3.06,0,3.06,2004,3.06,1990,3.06,1915,3.06,2005,3.06,0,3.06,0,3.06,0,3.06,0,3.06,2001,3.06,2001,3.06,2001,3.06,2001
3.07,0,3.07,0,3.07,0,3.07,0,3.07,1964,3.07,2005,3.07,2073,3.07,1994,3.07,0,3.07,0,3.07,0,3.07,0,3.07,2001,3.07,2001,3.07,2001,3.07,2001
3.08,0,3.08,0,3.08,0,3.08,0,3.08,1995,3.08,2019,3.08,1985,3.08,2019,3.08,0,3.08,0,3.08,0,3.08,0,3.08,2001,3.08,2001,3.08,2001,3.08,2001
3.09,0,3.09,0,3.09,0,3.09,0,3.09,1977,3.09,1958,3.09,2032,3.09,1921,3.09,0,3.09,0,3.09,0,3.09,0,3.09,2001,3.09,2001,3.09,2001,3.09,2001
3.1,0,3.1,0,3.1,0,3.1,0,3.1,2000,3.1,2057,3.1,2012,3.1,1976,3.1,0,3.1,0,3.1,0,3.1,0,3.1,2001,3.1,2001,3.1,2001,3.1,2001
3.11,0,3.11,0,3.11,0,3.11,0,3.11,1996,3.11,2031,3.11,2078,3.11,1995,3.11,0,3.11,0,3.11,0,3.11,0,3.11,2001,3.11,2001,3.11,2001,3.11,2001
3.12,0,3.12,0,3.12,0,3.12,0,3.12,1985,3.12,1931,3.12,2013,3.12,2058,3.12,0,3.12,0,3.12,0,3.12,0,3.12,2001,3.12,2001,3.12,2001,3.12,2001
3.13,0,3.13,0,3.13,0,3.13,0,3.13,1985,3.13,2024,3.13,1994,3.13,1934,3.13,0,3.13,0,3.13,0,3.13,0,3.13,2001,3.13,2001,3.13,2001,3.13,2001
3.14,0,3.14,0,3.14,0,3.14,0,3.14,1990,3.14,1997,3.14,2007,3.14,1994,3.14,0,3.14,0,3.14,0,3.14,0,3.14,2001,3.14,2001,3.14,2001,3.14,2001
3.15,0,3.15,0,3.15,0,3.15,0,3.15,2000,3.15,1994,3.15,2020,3.15,1981,3.15,0,3.15,0,3.15,0,3.15,0,3.15,2001,3.15,2001,3.15,2001,3.15,2001
3.16,0,3.16,0,3.16,0,3.16,0,3.16,1987,3.16,2002,3.16,2064,3.16,1994,3.16,0,3.16,0,3.16,0,3.16,0,3.16,2001,3.16,2001,3.16,2001,3.16,2001
3.17,0,3.17,0,3.17,0,3.17,0,3.17,1981,3.17,2018,3.17,2121,3.17,2019,3.17,0,3.17,0,3.17,0,3.17,0,3.17,2001,3.17,2001,3.17,2001,3.17,2001
3.18,0,3.18,0,3.18,0,3.18,0,3.18,1992,3.18,1993,3.18,2014,3.18,2027,3.18,0,3.18,0,3.18,0,3.18,0,3.18,2001,3.18,2001,3.18,2001,3.18,2001
3.19,0,3.19,0,3.19,0,3.19,0,3.19,1998,3.19,1992,3.19,1998,3.19,1996,3.19,0,3.19,0,3.19,0,3.19,0,3.19,2001,3.19,2001,3.19,2001,3.19,2001
3.2,0,3.2,0,3.2,0,3.2,0,3.2,1993,3.2,1972,3.2,2000,3.2,2002,3.2,0,3.2,0,3.2,0,3.2,0,3.2,2001,3.2,2001,3.2,2001,3.2,2001
3.21,0,3.21,0,3.21,0,3.21,0,3.21,1973,3.21,1992,3.21,2003,3.21,1999,3.21,0,3.21,0,3.21,0,3.21,0,3.21,2001,3.21,2001,3.21,2001,3.21,2001
3.22,0,3.22,0,3.22,0,3.22,0,3.22,1950,3.22,1979,3.22,1975,3.22,1975,3.22,0,3.22,0,3.22,0,3.22,0,3.22,2001,3.22,2001,3.22,2001,3.22,2001
3.23,0,3.23,0,3.23,0,3.23,0,3.23,1969,3.23,1975,3.23,2006,3.23,1957,3.23,0,3.23,0,3.23,0,3.23,0,3.23,2001,3.23,2001,3.23,2001,3.23,2001
3.24,0,3.24,0,3.24,0,3.24,0,3.24,1998,3.24,1983,3.24,2014,3.24,2161,3.24,0,3.24,0,3.24,0,3.24,0,3.24,2001,3.24,2001,3.24,2001,3.24,2001
3.25,0,3.25,0,3.25,0,3.25,0,3.25,1990,3.25,2017,3.25,2000,3.25,1979,3.25,0,3.25,0,3.25,0,3.25,0,3.25,2001,3.25,2001,3.25,2001,3.25,2001
3.26,0,3.26,0,3.26,0,3.26,0,3.26,1973,3.26,2025,3.26,1989,3.26,1998,3.26,0,3.26,0,3.26,0,3.26,0,3.26,2001,3.26,2001,3.26,2001,3.26,2001
3.27,0,3.27,0,3.27,0,3.27,0,3.27,2125,3.27,1977,3.27,2128,3.27,2000,3.27,0,3.27,0,3.27,0,3.27,0,3.27,2001,3.27,2001,3.27,2001,3.27,2001
3.28,0,3.28,0,3.28,0,3.28,0,3.28,2053,3.28,2173,3.28,2039,3.28,2090,3.28,0,3.28,0,3.28,0,3.28,0,3.28,2001,3.28,2001,3.28,2001,3.28,2001
3.29,0,3.29,0,3.29,0,3.29,0,3.29,2051,3.29,2008,3.29,1993,3.29,2047,3.29,0,3.29,0,3.29,0,3.29,0,3.29,2001,3.29,2001,3.29,2001,3.29,2001
3.3,0,3.3,0,3.3,0,3.3,0,3.3,2032,3.3,1978,3.3,2000,3.3,1992,3.3,0,3.3,0,3.3,0,3.3,0,3.3,2001,3.3,2001,3.3,2001,3.3,2001
3.31,0,3.31,0,3.31,0,3.31,0,3.31,2007,3.31,2014,3.31,1995,3.31,2023,3.31,0,3.31,0,3.31,0,3.31,0,3.31,2001,3.31,2001,3.31,2001,3.31,2001
3.32,0,3.32,0,3.32,0,3.32,0,3.32,1996,3.32,1988,3.32,1974,3.32,2012,3.32,0,3.32,0,3.32,0,3.32,0,3.32,2001,3.32,2001,3.32,2001,3.32,2001
3.33,0,3.33,0,3.33,0,3.33,0,3.33,1996,3.33,1984,3.33,2004,3.33,1983,3.33,0,3.33,0,3.33,0,3.33,0,3.33,2001,3.33,2001,3.33,2001,3.33,2001
3.34,0,3.34,0,3.34,0,3.34,0,3.34,2003,3.34,1949,3.34,1979,3.34,2067,3.34,0,3.34,0,3.34,0,3.34,0,3.34,2001,3.34,2001,3.34,2001,3.34,2001
3.35,0,3.35,0,3.35,0,3.35,0,3.35,1939,3.35,2078,3.35,1997,3.35,1972,3.35,0,3.35,0,3.35,0,3.35,0,3.35,2001,3.35,2001,3.35,2001,3.35,2001
3.36,0,3.36,0,3.36,0,3.36,0,3.36,1991,3.36,1938,3.36,1999,3.36,1995,3.36,0,3.36,0,3.36,0,3.36,0,3.36,2001,3.36,2001,3.36,2001,3.36,2001
3.37,0,3.37,0,3.37,0,3.37,0,3.37,1969,3.37,1986,3.37,1992,3.37,1974,3.37,0,3.37,0,3.37,0,3.37,0,3.37,2001,3.37,2001,3.37,2001,3.37,2001
3.38,0,3.38,0,3.38,0,3.38,0,3.38,2015,3.38,2080,3.38,1992,3.38,2010,3.38,0,3.38,0,3.38,0,3.38,0,3.38,2001,3.38,2001,3.38,2001,3.38,2001
3.39,0,3.39,0,3.39,0,3.39,0,3.39,1996,3.39,1990,3.39,2009,3.39,2003,3.39,0,3.39,0,3.39,0,3.39,0,3.39,2001,3.39,2001,3.39,2001,3.39,2001
3.4,0,3.4,0,3.4,0,3.4,0,3.4,2024,3.4,2008,3.4,2003,3.4,2104,3.4,0,3.4,0,3.4,0,3.4,0,3.4,2001,3.4,2001,3.4,2001,3.4,2001
3.41,0,3.41,0,3.41,0,3.41,0,3.41,1986,3.41,2012,3.41,1978,3.41,2010,3.41,0,3.41,0,3.41,0,3.41,0,3.41,2001,3.41,2001,3.41,2001,3.41,2001
3.42,0,3.42,0,3.42,0,3.42,0,3.42,1988,3.42,2015,3.42,1996,3.42,1988,3.42,0,3.42,0,3.42,0,3.42,0,3.42,2001,3.42,2001,3.42,2001,3.42,2001
3.43,0,3.43,0,3.43,0,3.43,0,3.43,2110,3.43,2003,3.43,2406,3.43,1992,3.43,0,3.43,0,3.43,0,3.43,0,3.43,2001,3.43,2001,3.43,2001,3.43,2001
3.44,0,3.44,0,3.44,0,3.44,0,3.44,1978,3.44,2007,3.44,1990,3.44,2008,3.44,0,3.44,0,3.44,0,3.44,0,3.44,2001,3.44,2001,3.44,2001,3.44,2001
3.45,0,3.45,0,3.45,0,3.45,0,3.45,1993,3.45,1924,3.45,2009,3.45,2005,3.45,0,3.45,0,3.45,0,3.45,0,3.45,2001,3.45,2001,3.45,2001,3.45,2001
3.46,0,3.46,0,3.46,0,3.46,0,3.46,1989,3.46,1963,3.46,1996,3.46,1981,3.46,0,3.46,0,3.46,0,3.46,0,3.46,2001,3.46,2001,3.46,2001,3.46,2001
3.47,0,3.47,0,3.47,0,3.47,0,3.47,1986,3.47,2010,3.47,1984,3.47,2055,3.47,0,3.47,0,3.47,0,3.47,0,3.47,2001,3.47,2001,3.47,2001,3.47,2001
3.48,0,3.48,0,3.48,0,3.48,0,3.48,1967,3.48,2076,3.48,1990,3.48,1987,3.48,0,3.48,0,3.48,0,3.48,0,3.48,2001,3.48,2001,3.48,2001,3.48,2001
3.49,0,3.49,0,3.49,0,3.49,0,3.49,1994,3.49,2161,3.49,1984,3.49,1991,3.49,0,3.49,0,3.49,0,3.49,0,3.49,2001,3.49,2001,3.49,2001,3.49,2001
3.5,0,3.5,0,3.5,0,3.5,0,3.5,1986,3.5,2013,3.5,1999,3.5,2025,3.5,0,3.5,0,3.5,0,3.5,0,3.5,2001,3.5,2001,3.5,2001,3.5,2001
3.51,0,3.51,0,3.51,0,3.51,0,3.51,1986,3.51,1990,3.51,1992,3.51,1993,3.51,0,3.51,0,3.51,0,3.51,0,3.51,2001,3.51,2001,3.51,2001,3.51,2001
3.52,0,3.52,0,3.52,0,3.52,0,3.52,1990,3.52,2000,3.52,1989,3.52,1976,3.52,0,3.52,0,3.52,0,3.52,0,3.52,2001,3.52,2001,3.52,2001,3.52,2001
3.53,0,3.53,0,3.53,0,3.53,0,3.53,1880,3.53,1969,3.53,1975,3.53,2010,3.53,0,3.53,0,3.53,0,3.53,0,3.53,2001,3.53,2001,3.53,2001,3.53,2001
3.54,0,3.54,0,3.54,0,3.54,0,3.54,1957,3.54,1934,3.54,1982,3.54,2018,3.54,0,3.54,0,3.54,0,3.54,0,3.54,2001,3.54,2001,3.54,2001,3.54,2001
3.55,0,3.55,0,3.55,0,3.55,0,3.55,2018,3.55,1972,3.55,2005,3.55,1971,3.55,0,3.55,0,3.55,0,3.55,0,3.55,2001,3.55,2001,3.55,2001,3.55,2001
3.56,0,3.56,0,3.56,0,3.56,0,3.56,1986,3.56,2010,3.56,1968,3.56,1978,3.56,0,3.56,0,3.56,0,3.56,0,3.56,2001,3.56,2001,3.56,2001,3.56,2001
3.57,0,3.57,0,3.57,0,3.57,0,3.57,1985,3.57,2003,3.57,2036,3.57,2001,3.57,0,3.57,0,3.57,0,3.57,0,3.57,2001,3.57,2001,3.57,2001,3.57,2001
3.58,0,3.58,0,3.58,0,3.58,0,3.58,1995,3.58,1986,3.58,1985,3.58,1973,3.58,0,3.58,0,3.58,0,3.58,0,3.58,2001,3.58,2001,3.58,2001,3.58,2001
3.59,0,3.59,0,3.59,0,3.59,0,3.59,2112,3.59,1972,3.59,1990,3.59,2008,3.59,0,3.59,0,3.59,0,3.59,0,3.59,2001,3.59,2001,3.59,2001,3.59,2001
3.6,0,3.6,0,3.6,0,3.6,0,3.6,1954,3.6,2097,3.6,2085,3.6,2024,3.6,0,3.6,0,3.6,0,3.6,0,3.6,2001,3.6,2001,3.6,2001,3.6,2001
3.61,0,3.61,0,3.61,0,3.61,0,3.61,1993,3.61,1973,3.61,2009,3.61,2042,3.61,0,3.61,0,3.61,0,3.61,0,3.61,2001,3.61,2001,3.61,2001,3.61,2001
3.62,0,3.62,0,3.62,0,3.62,0,3.62,2000,3.62,2002,3.62,1975,3.62,2000,3.62,0,3.62,0,3.62,0,3.62,0,3.62,2001,3.62,2001,3.62,2001,3.62,2001
3.63,0,3.63,0,3.63,0,3.63,0,3.63,1944,3.63,2017,3.63,2003,3.63,1978,3.63,0,3.63,0,3.63,0,3.63,0,3.63,2001,3.63,2001,3.63,2001,3.63,2001
3.64,0,3.64,0,3.64,0,3.64,0,3.64,1993,3.64,1986,3.64,1929,3.64,1996,3.64,0,3.64,0,3.64,0,3.64,0,3.64,2001,3.64,2001,3.64,2001,3.64,2001
3.65,0,3.65,0,3.65,0,3.65,0,3.65,2010,3.65,2166,3.65,2021,3.65,2002,3.65,0,3.65,0,3.65,0,3.65,0,3.65,2001,3.65,2001,3.65,2001,3.65,2001
3.66,0,3.66,0,3.66,0,3.66,0,3.66,1955,3.66,2001,3.66,2011,3.66,2023,3.66,0,3.66,0,3.66,0,3.66,0,3.66,2001,3.66,2001,3.66,2001,3.66,2001
3.67,0,3.67,0,3.67,0,3.67,0,3.67,1984,3.67,1964,3.67,1920,3.67,1971,3.67,0,3.67,0,3.67,0,3.67,0,3.67,2001,3.67,2001,3.67,2001,3.67,2001
3.68,0,3.68,0,3.68,0,3.68,0,3.68,1975,3.68,2023,3.68,1997,3.68,2010,3.68,0,3.68,0,3.68,0,3.68,0,3.68,2001,3.68,2001,3.68,2001,3.68,2001
3.69,0,3.69,0,3.69,0,3.69,0,3.69,1996,3.69,2056,3.69,1980,3.69,1913,3.69,0,3.69,0,3.69,0,3.69,0,3.69,2001,3.69,2001,3.69,2001,3.69,2001
3.7,0,3.7,0,3.7,0,3.7,0,3.7,2006,3.7,1923,3.7,1924,3.7,1980,3.7,0,3.7,0,3.7,0,3.7,0,3.7,2001,3.7,2001,3.7,2001,3.7,2001
3.71,0,3.71,0,3.71,0,3.71,0,3.71,2035,3.71,1945,3.71,2001,3.71,2006,3.71,0,3.71,0,3.71,0,3.71,0,3.71,2001,3.71,2001,3.71,2001,3.71,2001
3.72,0,3.72,0,3.72,0,3.72,0,3.72,2005,3.72,1986,3.72,1973,3.72,1980,3.72,0,3.72,0,3.72,0,3.72,0,3.72,2001,3.72,2001,3.72,2001,3.72,2001
3.73,0,3.73,0,3.73,0,3.73,0,3.73,2015,3.73,1988,3.73,2008,3.73,1981,3.73,0,3.73,0,3.73,0,3.73,0,3.73,2001,3.73,2001,3.73,2001,3.73,2001
3.74,0,3.74,0,3.74,0,3.74,0,3.74,2009,3.74,2007,3.74,2088,3.74,1982,3.74,0,3.74,0,3.74,0,3.74,0,3.74,2001,3.74,2001,3.74,2001,3.74,2001
3.75,0,3.75,0,3.75,0,3.75,0,3.75,2015,3.75,2095,3.75,1978,3.75,2047,3.75,0,3.75,0,3.75,0,3.75,0,3.75,2001,3.75,2001,3.75,2001,3.75,2001
3.76,0,3.76,0,3.76,0,3.76,0,3.76,1997,3.76,2090,3.76,2015,3.76,2048,3.76,0,3.76,0,3.76,0,3.76,0,3.76,2001,3.76,2001,3.76,2001,3.76,2001
3.77,0,3.77,0,3.77,0,3.77,0,3.77,2001,3.77,1994,3.77,2003,3.77,1998,3.77,0,3.77,0,3.77,0,3.77,0,3.77,2001,3.77,2001,3.77,2001,3.77,2001
3.78,0,3.78,0,3.78,0,3.78,0,3.78,1971,3.78,2006,3.78,1994,3.78,2006,3.78,0,3.78,0,3.78,0,3.78,0,3.78,2001,3.78,2001,3.78,2001,3.78,2001
3.79,0,3.79,0,3.79,0,3.79,0,3.79,1992,3.79,1952,3.79,2026,3.79,1997,3.79,0,3.79,0,3.79,0,3.79,0,3.79,2001,3.79,2001,3.79,2001,3.79,2001
3.8,0,3.8,0,3.8,0,3.8,0,3.8,1994,3.8,1993,3.8,1999,3.8,2126,3.8,0,3.8,0,3.8,0,3.8,0,3.8,2001,3.8,2001,3.8,2001,3.8,2001
3.81,0,3.81,0,3.81,0,3.81,0,3.81,1992,3.81,2023,3.81,1996,3.81,2026,3.81,0,3.81,0,3.81,0,3.81,0,3.81,2001,3.81,2001,3.81,2001,3.81,2001
3.82,0,3.82,0,3.82,0,3.82,0,3.82,1997,3.82,1977,3.82,2020,3.82,1988,3.82,0,3.82,0,3.82,0,3.82,0,3.82,2001,3.82,2001,3.82,2001,3.82,2001
3.83,0,3.83,0,3.83,0,3.83,0,3.83,1995,3.83,1965,3.83,2018,3.83,2021,3.83,0,3.83,0,3.83,0,3.83,0,3.83,2001,3.83,2001,3.83,2001,3.83,2001
3.84,0,3.84,0,3.84,0,3.84,0,3.84,2019,3.84,2008,3.84,1992,3.84,2009,3.84,0,3.84,0,3.84,0,3.84,0,3.84,2001,3.84,2001,3.84,2001,3.84,2001
3.85,0,3.85,0,3.85,0,3.85,0,3.85,1992,3.85,1983,3.85,1948,3.85,1992,3.85,0,3.85,0,3.85,0,3.85,0,3.85,2001,3.85,2001,3.85,2001,3.85,2001
3.86,0,3.86,0,3.86,0,3.86,0,3.86,1999,3.86,1999,3.86,2004,3.86,2022,3.86,0,3.86,0,3.86,0,3.86,0,3.86,2001,3.86,2001,3.86,2001,3.86,2001
3.87,0,3.87,0,3.87,0,3.87,0,3.87,1977,3.87,1992,3.87,1970,3.87,2003,3.87,0,3.87,0,3.87,0,3.87,0,3.87,2001,3.87,2001,3.87,2001,3.87,2001
3.88,0,3.88,0,3.88,0,3.88,0,3.88,2022,3.88,1984,3.88,1995,3.88,2015,3.88,0,3.88,0,3.88,0,3.88,0,3.88,2001,3.88,2001,3.88,2001,3.88,2001
3.89,0,3.89,0,3.89,0,3.89,0,3.89,1981,3.89,1983,3.89,1985,3.89,1990,3.89,0,3.89,0,3.89,0,3.89,0,3.89,2001,3.89,2001,3.89,2001,3.89,2001
3.9,0,3.9,0,3.9,0,3.9,0,3.9,1993,3.9,2012,3.9,1989,3.9,1988,3.9,0,3.9,0,3.9,0,3.9,0,3.9,2001,3.9,2001,3.9,2001,3.9,2001
3.91,0,3.91,0,3.91,0,3.91,0,3.91,2001,3.91,1988,3.91,1992,3.91,1981,3.91,0,3.91,0,3.91,0,3.91,0,3.91,2001,3.91,2001,3.91,2001,3.91,2001
3.92,0,3.92,0,3.92,0,3.92,0,3.92,1970,3.92,2122,3.92,1979,3.92,1991,3.92,0,3.92,0,3.92,0,3.92,0,3.92,2001,3.92,2001,3.92,2001,3.92,2001
3.93,0,3.93,0,3.93,0,3.93,0,3.93,1996,3.93,2101,3.93,1992,3.93,1932,3.93,0,3.93,0,3.93,0,3.93,0,3.93,2001,3.93,2001,3.93,2001,3.93,2001
3.94,0,3.94,0,3.94,0,3.94,0,3.94,1997,3.94,1991,3.94,2056,3.94,1974,3.94,0,3.94,0,3.94,0,3.94,0,3.94,2001,3.94,2001,3.94,2001,3.94,2001
3.95,0,3.95,0,3.95,0,3.95,0,3.95,1991,3.95,1962,3.95,2021,3.95,1992,3.95,0,3.95,0,3.95,0,3.95,0,3.95,2001,3.95,2001,3.95,2001,3.95,2001
3.96,0,3.96,0,3.96,0,3.96,0,3.96,1991,3.96,2011,3.96,1981,3.96,1983,3.96,0,3.96,0,3.96,0,3.96,0,3.96,2001,3.96,2001,3.96,2001,3.96,2001
3.97,0,3.97,0,3.97,0,3.97,0,3.97,2094,3.97,1999,3.97,1984,3.97,1997,3.97,0,3.97,0,3.97,0,3.97,0,3.97,2001,3.97,2001,3.97,2001,3.97,2001
3.98,0,3.98,0,3.98,0,3.98,0,3.98,1986,3.98,2071,3.98,1997,3.98,1972,3.98,0,3.98,0,3.98,0,3.98,0,3.98,2001,3.98,2001,3.98,2001,3.98,2001
3.99,0,3.99,0,3.99,0,3.99,0,3.99,1991,3.99,1995,3.99,1986,3.99,2006,3.99,0,3.99,0,3.99,0,3.99,0,3.99,2001,3.99,2001,3.99,2001,3.99,2001
4,0,4,0,4,0,4,0,4,2019,4,2028,4,2006,4,2075,4,0,4,0,4,0,4,0,4,2001,4,2001,4,2001,4,2001
4.01,0,4.01,0,4.01,0,4.01,0,4.01,1976,4.01,1988,4.01,2010,4.01,2002,4.01,0,4.01,0,4.01,0,4.01,0,4.01,2001,4.01,2001,4.01,2001,4.01,2001
4.02,0,4.02,0,4.02,0,4.02,0,4.02,1973,4.02,1994,4.02,2007,4.02,1973,4.02,0,4.02,0,4.02,0,4.02,0,4.02,2001,4.02,2001,4.02,2001,4.02,2001
4.03,0,4.03,0,4.03,0,4.03,0,4.03,1961,4.03,2005,4.03,2037,4.03,1960,4.03,0,4.03,0,4.03,0,4.03,0,4.03,2001,4.03,2001,4.03,2001,4.03,2001
4.04,0,4.04,0,4.04,0,4.04,0,4.04,1987,4.04,1994,4.04,2005,4.04,1936,4.04,0,4.04,0,4.04,0,4.04,0,4.04,2001,4.04,2001,4.04,2001,4.04,2001
4.05,0,4.05,0,4.05,0,4.05,0,4.05,2080,4.05,1978,4.05,1993,4.05,1964,4.05,0,4.05,0,4.05,0,4.05,0,4.05,2001,4.05,2001,4.05,2001,4.05,2001
4.06,0,4.06,0,4.06,0,4.06,0,4.06,1951,4.06,2027,4.06,2063,4.06,1989,4.06,0,4.06,0,4.06,0,4.06,0,4.06,2001,4.06,2001,4.06,2001,4.06,2001
4.07,0,4.07,0,4.07,0,4.07,0,4.07,1980,4.07,1985,4.07,1906,4.07,1990,4.07,0,4.07,0,4.07,0,4.07,0,4.07,2001,4.07,2001,4.07,2001,4.07,2001
4.08,0,4.08,0,4.08,0,4.08,0,4.08,1961,4.08,2012,4.08,1979,4.08,2002,4.08,0,4.08,0,4.08,0,4.08,0,4.08,2001,4.08,2001,4.08,2001,4.08,2001
4.09,0,4.09,0,4.09,0,4.09,0,4.09,2018,4.09,1937,4.09,1996,4.09,1987,4.09,0,4.09,0,4.09,0,4.09,0,4.09,2001,4.09,2001,4.09,2001,4.09,2001
4.1,0,4.1,0,4.1,0,4.1,0,4.1,1979,4.1,2001,4.1,2004,4.1,2031,4.1,0,4.1,0,4.1,0,4.1,0,4.1,2001,4.1,2001,4.1,2001,4.1,2001
4.11,0,4.11,0,4.11,0,4.11,0,4.11,2128,4.11,2023,4.11,1999,4.11,2011,4.11,0,4.11,0,4.11,0,4.11,0,4.11,2001,4.11,2001,4.11,2001,4.11,2001
4.12,0,4.12,0,4.12,0,4.12,0,4.12,2036,4.12,1977,4.12,2089,4.12,1940,4.12,0,4.12,0,4.12,0,4.12,0,4.12,2001,4.12,2001,4.12,2001,4.12,2001
4.13,0,4.13,0,4.13,0,4.13,0,4.13,1993,4.13,2000,4.13,1891,4.13,1995,4.13,0,4.13,0,4.13,0,4.13,0,4.13,2001,4.13,2001,4.13,2001,4.13,2001
4.14,0,4.14,0,4.14,0,4.14,0,4.14,1997,4.14,1953,4.14,1933,4.14,1997,4.14,0,4.14,0,4.14,0,4.14,0,4.14,2001,4.14,2001,4.14,2001,4.14,2001
4.15,0,4.15,0,4.15,0,4.15,0,4.15,2000,4.15,2004,4.15,1977,4.15,1997,4.15,0,4.15,0,4.15,0,4.15,0,4.15,2001,4.15,2001,4.15,2001,4.15,2001
4.16,0,4.16,0,4.16,0,4.16,0,4.16,2014,4.16,1964,4.16,1979,4.16,1981,4.16,0,4.16,0,4.16,0,4.16,0,4.16,2001,4.16,2001,4.16,2001,4.16,2001
4.17,0,4.17,0,4.17,0,4.17,0,4.17,1996,4.17,2032,4.17,2012,4.17,1978,4.17,0,4.17,0,4.17,0,4.17,0,4.17,2001,4.17,2001,4.17,2001,4.17,2001
4.18,0,4.18,0,4.18,0,4.18,0,4.18,1989,4.18,2016,4.18,1978,4.18,2049,4.18,0,4.18,0,4.18,0,4.18,0,4.18,2001,4.18,2001,4.18,2001,4.18,2001
4.19,0,4.19,0,4.19,0,4.19,0,4.19,1977,4.19,2009,4.19,2006,4.19,2019,4.19,0,4.19,0,4.19,0,4.19,0,4.19,2001,4.19,2001,4.19,2001,4.19,2001
4.2,0,4.2,0,4.2,0,4.2,0,4.2,2027,4.2,1986,4.2,1990,4.2,2006,4.2,0,4.2,0,4.2,0,4.2,0,4.2,2001,4.2,2001,4.2,2001,4.2,2001
4.21,0,4.21,0,4.21,0,4.21,0,4.21,1987,4.21,1926,4.21,1986,4.21,2024,4.21,0,4.21,0,4.21,0,4.21,0,4.21,2001,4.21,2001,4.21,2001,4.21,2001
4.22,0,4.22,0,4.22,0,4.22,0,4.22,2000,4.22,1967,4.22,1926,4.22,1981,4.22,0,4.22,0,4.22,0,4.22,0,4.22,2001,4.22,2001,4.22,2001,4.22,2001
4.23,0,4.23,0,4.23,0,4.23,0,4.23,2013,4.23,2045,4.23,2095,4.23,2012,4.23,0,4.23,0,4.23,0,4.23,0,4.23,2001,4.23,2001,4.23,2001,4.23,2001
4.24,0,4.24,0,4.24,0,4.24,0,4.24,1999,4.24,2069,4.24,1990,4.24,2003,4.24,0,4.24,0,4.24,0,4.24,0,4.24,2001,4.24,2001,4.24,2001,4.24,2001
4.25,0,4.25,0,4.25,0,4.25,0,4.25,1982,4.25,1986,4.25,2003,4.25,1991,4.25,0,4.25,0,4.25,0,4.25,0,4.25,2001,4.25,2001,4.25,2001,4.25,2001
4.26,0,4.26,0,4.26,0,4.26,0,4.26,1986,4.26,2000,4.26,2012,4.26,2012,4.26,0,4.26,0,4.26,0,4.26,0,4.26,2001,4.26,2001,4.26,2001,4.26,2001
4.27,0,4.27,0,4.27,0,4.27,0,4.27,1989,4.27,2058,4.27,2021,4.27,2083,4.27,0,4.27,0,4.27,0,4.27,0,4.27,2001,4.27,2001,4.27,2001,4.27,2001
4.28,0,4.28,0,4.28,0,4.28,0,4.28,1999,4.28,1966,4.28,1968,4.28,1984,4.28,0,4.28,0,4.28,0,4.28,0,4.28,2001,4.28,2001,4.28,2001,4.28,2001
4.29,0,4.29,0,4.29,0,4.29,0,4.29,1985,4.29,2097,4.29,2002,4.29,2076,4.29,0,4.29,0,4.29,0,4.29,0,4.29,2001,4.29,2001,4.29,2001,4.29,2001
4.3,0,4.3,0,4.3,0,4.3,0,4.3,2011,4.3,1984,4.3,2078,4.3,1980,4.3,0,4.3,0,4.3,0,4.3,0,4.3,2001,4.3,2001,4.3,2001,4.3,2001
4.31,0,4.31,0,4.31,0,4.31,0,4.31,1998,4.31,1980,4.31,1909,4.31,1999,4.31,0,4.31,0,4.31,0,4.31,0,4.31,2001,4.31,2001,4.31,2001,4.31,2001
4.32,0,4.32,0,4.32,0,4.32,0,4.32,1992,4.32,2016,4.32,1968,4.32,2025,4.32,0,4.32,0,4.32,0,4.32,0,4.32,2001,4.32,2001,4.32,2001,4.32,2001
4.33,0,4.33,0,4.33,0,4.33,0,4.33,1982,4.33,2022,4.33,2412,4.33,2016,4.33,0,4.33,0,4.33,0,4.33,0,4.33,2001,4.33,2001,4.33,2001,4.33,2001
4.34,0,4.34,0,4.34,0,4.34,0,4.34,2044,4.34,2028,4.34,2101,4.34,2042,4.34,0,4.34,0,4.34,0,4.34,0,4.34,2001,4.34,2001,4.34,2001,4.34,2001
4.35,0,4.35,0,4.35,0,4.35,0,4.35,1998,4.35,2004,4.35,2032,4.35,2014,4.35,0,4.35,0,4.35,0,4.35,0,4.35,2001,4.35,2001,4.35,2001,4.35,2001
4.36,0,4.36,0,4.36,0,4.36,0,4.36,1995,4.36,2021,4.36,1978,4.36,2008,4.36,0,4.36,0,4.36,0,4.36,0,4.36,2001,4.36,2001,4.36,2001,4.36,2001
4.37,0,4.37,0,4.37,0,4.37,0,4.37,1986,4.37,1975,4.37,2006,4.37,2010,4.37,0,4.37,0,4.37,0,4.37,0,4.37,2001,4.37,2001,4.37,2001,4.37,2001
4.38,0,4.38,0,4.38,0,4.38,0,4.38,1991,4.38,2010,4.38,1975,4.38,1999,4.38,0,4.38,0,4.38,0,4.38,0,4.38,2001,4.38,2001,4.38,2001,4.38,2001
4.39,0,4.39,0,4.39,0,4.39,0,4.39,2006,4.39,2028,4.39,1961,4.39,2005,4.39,0,4.39,0,4.39,0,4.39,0,4.39,2001,4.39,2001,4.39,2001,4.39,2001
4.4,0,4.4,0,4.4,0,4.4,0,4.4,1998,4.4,1953,4.4,2064,4.4,1991,4.4,0,4.4,0,4.4,0,4.4,0,4.4,2001,4.4,2001,4.4,2001,4.4,2001
4.41,0,4.41,0,4.41,0,4.41,0,4.41,2052,4.41,1956,4.41,1956,4.41,2016,4.41,0,4.41,0,4.41,0,4.41,0,4.41,2001,4.41,2001,4.41,2001,4.41,2001
4.42,0,4.42,0,4.42,0,4.42,0,4.42,1996,4.42,2009,4.42,1995,4.42,2003,4.42,0,4.42,0,4.42,0,4.42,0,4.42,2001,4.42,2001,4.42,2001,4.42,2001
4.43,0,4.43,0,4.43,0,4.43,0,4.43,1981,4.43,2099,4.43,2018,4.43,1969,4.43,0,4.43,0,4.43,0,4.43,0,4.43,2001,4.43,2001,4.43,2001,4.43,2001
4.44,0,4.44,0,4.44,0,4.44,0,4.44,1996,4.44,1988,4.44,1989,4.44,2020,4.44,0,4.44,0,4.44,0,4.44,0,4.44,2001,4.44,2001,4.44,2001,4.44,2001
4.45,0,4.45,0,4.45,0,4.45,0,4.45,1988,4.45,2016,4.45,1976,4.45,1942,4.45,0,4.45,0,4.45,0,4.45,0,4.45,2001,4.45,2001,4.45,2001,4.45,2001
4.46,0,4.46,0,4.46,0,4.46,0,4.46,1999,4.46,1996,4.46,1992,4.46,2076,4.46,0,4.46,0,4.46,0,4.46,0,4.46,2001,4.46,2001,4.46,2001,4.46,2001
4.47,0,4.47,0,4.47,0,4.47,0,4.47,2047,4.47,2014,4.47,2063,4.47,1987,4.47,0,4.47,0,4.47,0,4.47,0,4.47,2001,4.47,2001,4.47,2001,4.47,2001
4.48,0,4.48,0,4.48,0,4.48,0,4.48,1985,4.48,2033,4.48,1964,4.48,2147,4.48,0,4.48,0,4.48,0,4.48,0,4.48,2001,4.48,2001,4.48,2001,4.48,2001
4.49,0,4.49,0,4.49,0,4.49,0,4.49,1970,4.49,1989,4.49,2046,4.49,1982,4.49,0,4.49,0,4.49,0,4.49,0,4.49,2001,4.49,2001,4.49,2001,4.49,2001
4.5,0,4.5,0,4.5,0,4.5,0,4.5,2063,4.5,2012,4.5,1994,4.5,2104,4.5,0,4.5,0,4.5,0,4.5,0,4.5,2001,4.5,2001,4.5,2001,4.5,2001
4.51,0,4.51,0,4.51,0,4.51,0,4.51,1992,4.51,1990,4.51,1995,4.51,2144,4.51,0,4.51,0,4.51,0,4.51,0,4.51,2001,4.51,2001,4.51,2001,4.51,2001
4.52,0,4.52,0,4.52,0,4.52,0,4.52,1999,4.52,1947,4.52,2115,4.52,2015,4.52,0,4.52,0,4.52,0,4.52,0,4.52,2001,4.52,2001,4.52,2001,4.52,2001
4.53,0,4.53,0,4.53,0,4.53,0,4.53,2014,4.53,2010,4.53,2017,4.53,1981,4.53,0,4.53,0,4.53,0,4.53,0,4.53,2001,4.53,2001,4.53,2001,4.53,2001
4.54,0,4.54,0,4.54,0,4.54,0,4.54,1997,4.54,2029,4.54,2013,4.54,1995,4.54,0,4.54,0,4.54,0,4.54,0,4.54,2001,4.54,2001,4.54,2001,4.54,2001
4.55,0,4.55,0,4.55,0,4.55,0,4.55,2019,4.55,1988,4.55,1968,4.55,1981,4.55,0,4.55,0,4.55,0,4.55,0,4.55,2001,4.55,2001,4.55,2001,4.55,2001
4.56,0,4.56,0,4.56,0,4.56,0,4.56,1988,4.56,2011,4.56,2005,4.56,2000,4.56,0,4.56,0,4.56,0,4.56,0,4.56,2001,4.56,2001,4.56,2001,4.56,2001
4.57,0,4.57,0,4.57,0,4.57,0,4.57,1981,4.57,2004,4.57,2252,4.57,2016,4.57,0,4.57,0,4.57,0,4.57,0,4.57,2001,4.57,2001,4.57,2001,4.57,2001
4.58,0,4.58,0,4.58,0,4.58,0,4.58,1995,4.58,1968,4.58,1990,4.58,1976,4.58,0,4.58,0,4.58,0,4.58,0,4.58,2001,4.58,2001,4.58,2001,4.58,2001
4.59,0,4.59,0,4.59,0,4.59,0,4.59,1986,4.59,1988,4.59,1976,4.59,1992,4.59,0,4.59,0,4.59,0,4.59,0,4.59,2001,4.59,2001,4.59,2001,4.59,2001
4.6,0,4.6,0,4.6,0,4.6,0,4.6,2013,4.6,2011,4.6,1966,4.6,2069,4.6,0,4.6,0,4.6,0,4.6,0,4.6,2001,4.6,2001,4.6,2001,4.6,2001
4.61,0,4.61,0,4.61,0,4.61,0,4.61,1986,4.61,1964,4.61,1985,4.61,1986,4.61,0,4.61,0,4.61,0,4.61,0,4.61,2001,4.61,2001,4.61,2001,4.61,2001
4.62,0,4.62,0,4.62,0,4.62,0,4.62,2003,4.62,2065,4.62,1988,4.62,1938,4.62,0,4.62,0,4.62,0,4.62,0,4.62,2001,4.62,2001,4.62,2001,4.62,2001
4.63,0,4.63,0,4.63,0,4.63,0,4.63,1968,4.63,2003,4.63,2001,4.63,2055,4.63,0,4.63,0,4.63,0,4.63,0,4.63,2001,4.63,2001,4.63,2001,4.63,2001
4.64,0,4.64,0,4.64,0,4.64,0,4.64,1999,4.64,1969,4.64,1996,4.64,1977,4.64,0,4.64,0,4.64,0,4.64,0,4.64,2001,4.64,2001,4.64,2001,4.64,2001
4.65,0,4.65,0,4.65,0,4.65,0,4.65,1987,4.65,1987,4.65,2005,4.65,1989,4.65,0,4.65,0,4.65,0,4.65,0,4.65,2001,4.65,2001,4.65,2001,4.65,2001
4.66,0,4.66,0,4.66,0,4.66,0,4.66,1956,4.66,2001,4.66,1976,4.66,2014,4.66,0,4.66,0,4.66,0,4.66,0,4.66,2001,4.66,2001,4.66,2001,4.66,2001
4.67,0,4.67,0,4.67,0,4.67,0,4.67,1988,4.67,1993,4.67,1976,4.67,1988,4.67,0,4.67,0,4.67,0,4.67,0,4.67,2001,4.67,2001,4.67,2001,4.67,2001
4.68,0,4.68,0,4.68,0,4.68,0,4.68,1984,4.68,1995,4.68,1999,4.68,1979,4.68,0,4.68,0,4.68,0,4.68,0,4.68,2001,4.68,2001,4.68,2001,4.68,2001
4.69,0,4.69,0,4.69,0,4.69,0,4.69,1970,4.69,2021,4.69,2070,4.69,2025,4.69,0,4.69,0,4.69,0,4.69,0,4.69,2001,4.69,2001,4.69,2001,4.69,2001
4.7,0,4.7,0,4.7,0,4.7,0,4.7,2013,4.7,2078,4.7,1994,4.7,1998,4.7,0,4.7,0,4.7,0,4.7,0,4.7,2001,4.7,2001,4.7,2001,4.7,2001
4.71,0,4.71,0,4.71,0,4.71,0,4.71,1989,4.71,2010,4.71,1970,4.71,2034,4.71,0,4.71,0,4.71,0,4.71,0,4.71,2001,4.71,2001,4.71,2001,4.71,2001
4.72,0,4.72,0,4.72,0,4.72,0,4.72,2003,4.72,2003,4.72,1980,4.72,1999,4.72,0,4.72,0,4.72,0,4.72,0,4.72,2001,4.72,2001,4.72,2001,4.72,2001
4.73,0,4.73,0,4.73,0,4.73,0,4.73,2003,4.73,2098,4.73,1993,4.73,1986,4.73,0,4.73,0,4.73,0,4.73,0,4.73,2001,4.73,2001,4.73,2001,4.73,2001
4.74,0,4.74,0,4.74,0,4.74,0,4.74,1956,4.74,1999,4.74,2012,4.74,1957,4.74,0,4.74,0,4.74,0,4.74,0,4.74,2001,4.74,2001,4.74,2001,4.74,2001
4.75,0,4.75,0,4.75,0,4.75,0,4.75,1994,4.75,1994,4.75,2000,4.75,2054,4.75,0,4.75,0,4.75,0,4.75,0,4.75,2001,4.75,2001,4.75,2001,4.75,2001
4.76,0,4.76,0,4.76,0,4.76,0,4.76,2011,4.76,1997,4.76,1985,4.76,1997,4.76,0,4.76,0,4.76,0,4.76,0,4.76,2001,4.76,2001,4.76,2001,4.76,2001
4.77,0,4.77,0,4.77,0,4.77,0,4.77,1994,4.77,1993,4.77,1992,4.77,2054,4.77,0,4.77,0,4.77,0,4.77,0,4.77,2001,4.77,2001,4.77,2001,4.77,2001
4.78,0,4.78,0,4.78,0,4.78,0,4.78,2014,4.78,2029,4.78,1976,4.78,1994,4.78,0,4.78,0,4.78,0,4.78,0,4.78,2001,4.78,2001,4.78,2001,4.78,2001
4.79,0,4.79,0,4.79,0,4.79,0,4.79,1994,4.79,2140,4.79,1980,4.79,2092,4.79,0,4.79,0,4.79,0,4.79,0,4.79,2001,4.79,2001,4.79,2001,4.79,2001
4.8,0,4.8,0,4.8,0,4.8,0,4.8,1990,4.8,1940,4.8,1935,4.8,1978,4.8,0,4.8,0,4.8,0,4.8,0,4.8,2001,4.8,2001,4.8,2001,4.8,2001
4.81,0,4.81,0,4.81,0,4.81,0,4.81,2129,4.81,2011,4.81,2002,4.81,2005,4.81,0,4.81,0,4.81,0,4.81,0,4.81,2001,4.81,2001,4.81,2001,4.81,2001
4.82,0,4.82,0,4.82,0,4.82,0,4.82,1956,4.82,2008,4.82,1973,4.82,1993,4.82,0,4.82,0,4.82,0,4.82,0,4.82,2001,4.82,2001,4.82,2001,4.82,2001
4.83,0,4.83,0,4.83,0,4.83,0,4.83,1982,4.83,1995,4.83,1995,4.83,1974,4.83,0,4.83,0,4.83,0,4.83,0,4.83,2001,4.83,2001,4.83,2001,4.83,2001
4.84,0,4.84,0,4.84,0,4.84,0,4.84,2001,4.84,2000,4.84,2004,4.84,1996,4.84,0,4.84,0,4.84,0,4.84,0,4.84,2001,4.84,2001,4.84,2001,4.84,2001
4.85,0,4.85,0,4.85,0,4.85,0,4.85,1990,4.85,1998,4.85,2005,4.85,2083,4.85,0,4.85,0,4.85,0,4.85,0,4.85,2001,4.85,2001,4.85,2001,4.85,2001
4.86,0,4.86,0,4.86,0,4.86,0,4.86,2102,4.86,1965,4.86,2010,4.86,1982,4.86,0,4.86,0,4.86,0,4.86,0,4.86,2001,4.86,2001,4.86,2001,4.86,2001
4.87,0,4.87,0,4.87,0,4.87,0,4.87,1997,4.87,1955,4.87,2006,4.87,2002,4.87,0,4.87,0,4.87,0,4.87,0,4.87,2001,4.87,2001,4.87,2001,4.87,2001
4.88,0,4.88,0,4.88,0,4.88,0,4.88,1961,4.88,1979,4.88,2010,4.88,1997,4.88,0,4.88,0,4.88,0,4.88,0,4.88,2001,4.88,2001,4.88,2001,4.88,2001
4.89,0,4.89,0,4.89,0,4.89,0,4.89,1994,4.89,1973,4.89,2010,4.89,1979,4.89,0,4.89,0,4.89,0,4.89,0,4.89,2001,4.89,2001,4.89,2001,4.89,2001
4.9,0,4.9,0,4.9,0,4.9,0,4.9,1999,4.9,1989,4.9,2007,4.9,2041,4.9,0,4.9,0,4.9,0,4.9,0,4.9,2001,4.9,2001,4.9,2001,4.9,2001
4.91,0,4.91,0,4.91,0,4.91,0,4.91,1962,4.91,1999,4.91,1979,4.91,1988,4.91,0,4.91,0,4.91,0,4.91,0,4.91,2001,4.91,2001,4.91,2001,4.91,2001
4.92,0,4.92,0,4.92,0,4.92,0,4.92,1993,4.92,1990,4.92,2009,4.92,1957,4.92,0,4.92,0,4.92,0,4.92,0,4.92,2001,4.92,2001,4.92,2001,4.92,2001
4.93,0,4.93,0,4.93,0,4.93,0,4.93,2001,4.93,2005,4.93,2006,4.93,1976,4.93,0,4.93,0,4.93,0,4.93,0,4.93,2001,4.93,2001,4.93,2001,4.93,2001
4.94,0,4.94,0,4.94,0,4.94,0,4.94,1995,4.94,2098,4.94,1977,4.94,2025,4.94,0,4.94,0,4.94,0,4.94,0,4.94,2001,4.94,2001,4.94,2001,4.94,2001
4.95,0,4.95,0,4.95,0,4.95,0,4.95,1997,4.95,1998,4.95,1990,4.95,1987,4.95,0,4.95,0,4.95,0,4.95,0,4.95,2001,4.95,2001,4.95,2001,4.95,2001
4.96,0,4.96,0,4.96,0,4.96,0,4.96,2000,4.96,1975,4.96,2001,4.96,2122,4.96,0,4.96,0,4.96,0,4.96,0,4.96,2001,4.96,2001,4.96,2001,4.96,2001
4.97,0,4.97,0,4.97,0,4.97,0,4.97,2010,4.97,2002,4.97,1985,4.97,2054,4.97,0,4.97,0,4.97,0,4.97,0,4.97,2001,4.97,2001,4.97,2001,4.97,2001
4.98,0,4.98,0,4.98,0,4.98,0,4.98,1975,4.98,1975,4.98,2055,4.98,1978,4.98,0,4.98,0,4.98,0,4.98,0,4.98,2001,4.98,2001,4.98,2001,4.98,2001
4.99,0,4.99,0,4.99,0,4.99,0,4.99,2000,4.99,1976,4.99,1988,4.99,2010,4.99,0,4.99,0,4.99,0,4.99,0,4.99,2001,4.99,2001,4.99,2001,4.99,2001
5,0,5,0,5,0,5,0,5,2008,5,2011,5,1972,5,1933,5,0,5,0,5,0,5,0,5,2001,5,2001,5,2001,5,2001
5.01,0,5.01,0,5.01,0,5.01,0,5.01,1968,5.01,1994,5.01,1969,5.01,1958,5.01,0,5.01,0,5.01,0,5.01,0,5.01,2001,5.01,2001,5.01,2001,5.01,2001
5.02,0,5.02,0,5.02,0,5.02,0,5.02,1990,5.02,1991,5.02,1966,5.02,2051,5.02,0,5.02,0,5.02,0,5.02,0,5.02,2001,5.02,2001,5.02,2001,5.02,2001
5.03,0,5.03,0,5.03,0,5.03,0,5.03,2010,5.03,2019,5.03,1970,5.03,2006,5.03,0,5.03,0,5.03,0,5.03,0,5.03,2001,5.03,2001,5.03,2001,5.03,2001
5.04,0,5.04,0,5.04,0,5.04,0,5.04,2091,5.04,1986,5.04,1990,5.04,1991,5.04,0,5.04,0,5.04,0,5.04,0,5.04,2001,5.04,2001,5.04,2001,5.04,2001
5.05,0,5.05,0,5.05,0,5.05,0,5.05,1999,5.05,2131,5.05,2004,5.05,1925,5.05,0,5.05,0,5.05,0,5.05,0,5.05,2001,5.05,2001,5.05,2001,5.05,2001
5.06,0,5.06,0,5.06,0,5.06,0,5.06,2034,5.06,1998,5.06,1949,5.06,1994,5.06,0,5.06,0,5.06,0,5.06,0,5.06,2001,5.06,2001,5.06,2001,5.06,2001
5.07,0,5.07,0,5.07,0,5.07,0,5.07,1988,5.07,1978,5.07,2006,5.07,1922,5.07,0,5.07,0,5.07,0,5.07,0,5.07,2001,5.07,2001,5.07,2001,5.07,2001
5.08,0,5.08,0,5.08,0,5.08,0,5.08,2048,5.08,2025,5.08,2006,5.08,1990,5.08,0,5.08,0,5.08,0,5.08,0,5.08,2001,5.08,2001,5.08,2001,5.08,2001
5.09,0,5.09,0,5.09,0,5.09,0,5.09,2023,5.09,1974,5.09,2004,5.09,2019,5.09,0,5.09,0,5.09,0,5.09,0,5.09,2001,5.09,2001,5.09,2001,5.09,2001
5.1,0,5.1,0,5.1,0,5.1,0,5.1,1990,5.1,1997,5.1,2000,5.1,1987,5.1,0,5.1,0,5.1,0,5.1,0,5.1,2001,5.1,2001,5.1,2001,5.1,2001
5.11,0,5.11,0,5.11,0,5.11,0,5.11,2001,5.11,1969,5.11,2072,5.11,2008,5.11,0,5.11,0,5.11,0,5.11,0,5.11,2001,5.11,2001,5.11,2001,5.11,2001
5.12,0,5.12,0,5.12,0,5.12,0,5.12,2082,5.12,2011,5.12,2008,5.12,2051,5.12,0,5.12,0,5.12,0,5.12,0,5.12,2001,5.12,2001,5.12,2001,5.12,2001
5.13,0,5.13,0,5.13,0,5.13,0,5.13,2088,5.13,1972,5.13,1993,5.13,1984,5.13,0,5.13,0,5.13,0,5.13,0,5.13,2001,5.13,2001,5.13,2001,5.13,2001
5.14,0,5.14,0,5.14,0,5.14,0,5.14,1986,5.14,1993,5.14,2013,5.14,2020,5.14,0,5.14,0,5.14,0,5.14,0,5.14,2001,5.14,2001,5.14,2001,5.14,2001
5.15,0,5.15,0,5.15,0,5.15,0,5.15,1997,5.15,2049,5.15,1988,5.15,1945,5.15,0,5.15,0,5.15,0,5.15,0,5.15,2001,5.15,2001,5.15,2001,5.15,2001
5.16,0,5.16,0,5.16,0,5.16,0,5.16,1979,5.16,1989,5.16,1988,5.16,1989,5.16,0,5.16,0,5.16,0,5.16,0,5.16,2001,5.16,2001,5.16,2001,5.16,2001
5.17,0,5.17,0,5.17,0,5.17,0,5.17,1986,5.17,2007,5.17,2010,5.17,2016,5.17,0,5.17,0,5.17,0,5.17,0,5.17,2001,5.17,2001,5.17,2001,5.17,2001
5.18,0,5.18,0,5.18,0,5.18,0,5.18,1996,5.18,2007,5.18,2024,5.18,2008,5.18,0,5.18,0,5.18,0,5.18,0,5.18,2001,5.18,2001,5.18,2001,5.18,2001
5.19,0,5.19,0,5.19,0,5.19,0,5.19,1964,5.19,1999,5.19,1986,5.19,1947,5.19,0,5.19,0,5.19,0,5.19,0,5.19,2001,5.19,2001,5.19,2001,5.19,2001
5.2,0,5.2,0,5.2,0,5.2,0,5.2,1992,5.2,1996,5.2,2052,5.2,1993,5.2,0,5.2,0,5.2,0,5.2,0,5.2,2001,5.2,2001,5.2,2001,5.2,2001
5.21,0,5.21,0,5.21,0,5.21,0,5.21,1998,5.21,1995,5.21,2014,5.21,2003,5.21,0,5.21,0,5.21,0,5.21,0,5.21,2001,5.21,2001,5.21,2001,5.21,2001
5.22,0,5.22,0,5.22,0,5.22,0,5.22,1977,5.22,2003,5.22,1983,5.22,2050,5.22,0,5.22,0,5.22,0,5.22,0,5.22,2001,5.22,2001,5.22,2001,5.22,2001
5.23,0,5.23,0,5.23,0,5.23,0,5.23,2131,5.23,1995,5.23,1980,5.23,2067,5.23,0,5.23,0,5.23,0,5.23,0,5.23,2001,5.23,2001,5.23,2001,5.23,2001
5.24,0,5.24,0,5.24,0,5.24,0,5.24,2001,5.24,2115,5.24,2019,5.24,2008,5.24,0,5.24,0,5.24,0,5.24,0,5.24,2001,5.24,2001,5.24,2001,5.24,2001
5.25,0,5.25,0,5.25,0,5.25,0,5.25,2027,5.25,1972,5.25,1972,5.25,1962,5.25,0,5.25,0,5.25,0,5.25,0,5.25,2001,5.25,2001,5.25,2001,5.25,2001
5.26,0,5.26,0,5.26,0,5.26,0,5.26,2010,5.26,1983,5.26,2014,5.26,1927,5.26,0,5.26,0,5.26,0,5.26,0,5.26,2001,5.26,2001,5.26,2001,5.26,2001
5.27,0,5.27,0,5.27,0,5.27,0,5.27,1977,5.27,2021,5.27,2014,5.27,1991,5.27,0,5.27,0,5.27,0,5.27,0,5.27,2001,5.27,2001,5.27,2001,5.27,2001
5.28,0,5.28,0,5.28,0,5.28,0,5.28,1984,5.28,1988,5.28,1970,5.28,2052,5.28,0,5.28,0,5.28,0,5.28,0,5.28,2001,5.28,2001,5.28,2001,5.28,2001
5.29,0,5.29,0,5.29,0,5.29,0,5.29,2036,5.29,2121,5.29,2237,5.29,2012,5.29,0,5.29,0,5.29,0,5.29,0,5.29,2001,5.29,2001,5.29,2001,5.29,2001
5.3,0,5.3,0,5.3,0,5.3,0,5.3,2000,5.3,1998,5.3,1999,5.3,2003,5.3,0,5.3,0,5.3,0,5.3,0,5.3,2001,5.3,2001,5.3,2001,5.3,2001
5.31,0,5.31,0,5.31,0,5.31,0,5.31,2005,5.31,2002,5.31,1988,5.31,1997,5.31,0,5.31,0,5.31,0,5.31,0,5.31,2001,5.31,2001,5.31,2001,5.31,2001
5.32,0,5.32,0,5.32,0,5.32,0,5.32,2072,5.32,2006,5.32,2019,5.32,2120,5.32,0,5.32,0,5.32,0,5.32,0,5.32,2001,5.32,2001,5.32,2001,5.32,2001
5.33,0,5.33,0,5.33,0,5.33,0,5.33,1988,5.33,1994,5.33,1970,5.33,1992,5.33,0,5.33,0,5.33,0,5.33,0,5.33,2001,5.33,2001,5.33,2001,5.33,2001
5.34,0,5.34,0,5.34,0,5.34,0,5.34,2004,5.34,1967,5.34,2030,5.34,1976,5.34,0,5.34,0,5.34,0,5.34,0,5.34,2001,5.34,2001,5.34,2001,5.34,2001
5.35,0,5.35,0,5.35,0,5.35,0,5.35,1983,5.35,1975,5.35,2052,5.35,1985,5.35,0,5.35,0,5.35,0,5.35,0,5.35,2001,5.35,2001,5.35,2001,5.35,2001
5.36,0,5.36,0,5.36,0,5.36,0,5.36,1994,5.36,1981,5.36,2047,5.36,2011,5.36,0,5.36,0,5.36,0,5.36,0,5.36,2001,5.36,2001,5.36,2001,5.36,2001
5.37,0,5.37,0,5.37,0,5.37,0,5.37,2108,5.37,1989,5.37,1969,5.37,2085,5.37,0,5.37,0,5.37,0,5.37,0,5.37,2001,5.37,2001,5.37,2001,5.37,2001
5.38,0,5.38,0,5.38,0,5.38,0,5.38,1998,5.38,1985,5.38,2016,5.38,1990,5.38,0,5.38,0,5.38,0,5.38,0,5.38,2001,5.38,2001,5.38,2001,5.38,2001
5.39,0,5.39,0,5.39,0,5.39,0,5.39,2007,5.39,2001,5.39,2033,5.39,2014,5.39,0,5.39,0,5.39,0,5.39,0,5.39,2001,5.39,2001,5.39,2001,5.39,2001
5.4,0,5.4,0,5.4,0,5.4,0,5.4,1965,5.4,1994,5.4,1918,5.4,1937,5.4,0,5.4,0,5.4,0,5.4,0,5.4,2001,5.4,2001,5.4,2001,5.4,2001
5.41,0,5.41,0,5.41,0,5.41,0,5.41,1980,5.41,2058,5.41,1931,5.41,1988,5.41,0,5.41,0,5.41,0,5.41,0,5.41,2001,5.41,2001,5.41,2001,5.41,2001
5.42,0,5.42,0,5.42,0,5.42,0,5.42,1990,5.42,1990,5.42,1956,5.42,1998,5.42,0,5.42,0,5.42,0,5.42,0,5.42,2001,5.42,2001,5.42,2001,5.42,2001
5.43,0,5.43,0,5.43,0,5.43,0,5.43,2045,5.43,1988,5.43,1982,5.43,1986,5.43,0,5.43,0,5.43,0,5.43,0,5.43,2001,5.43,2001,5.43,2001,5.43,2001
5.44,0,5.44,0,5.44,0,5.44,0,5.44,2065,5.44,2001,5.44,2008,5.44,2010,5.44,0,5.44,0,5.44,0,5.44,0,5.44,2001,5.44,2001,5.44,2001,5.44,2001
5.45,0,5.45,0,5.45,0,5.45,0,5.45,1969,5.45,2012,5.45,1982,5.45,1997,5.45,0,5.45,0,5.45,0,5.45,0,5.45,2001,5.45,2001,5.45,2001,5.45,2001
5.46,0,5.46,0,5.46,0,5.46,0,5.46,2001,5.46,1973,5.46,1973,5.46,1984,5.46,0,5.46,0,5.46,0,5.46,0,5.46,2001,5.46,2001,5.46,2001,5.46,2001
5.47,0,5.47,0,5.47,0,5.47,0,5.47,1957,5.47,1968,5.47,2046,5.47,2129,5.47,0,5.47,0,5.47,0,5.47,0,5.47,2001,5.47,2001,5.47,2001,5.47,2001
5.48,0,5.48,0,5.48,0,5.48,0,5.48,1980,5.48,2002,5.48,1979,5.48,1986,5.48,0,5.48,0,5.48,0,5.48,0,5.48,2001,5.48,2001,5.48,2001,5.48,2001
5.49,0,5.49,0,5.49,0,5.49,0,5.49,1989,5.49,1951,5.49,2045,5.49,1989,5.49,0,5.49,0,5.49,0,5.49,0,5.49,2001,5.49,2001,5.49,2001,5.49,2001
5.5,0,5.5,0,5.5,0,5.5,0,5.5,1990,5.5,1942,5.5,2038,5.5,1995,5.5,0,5.5,0,5.5,0,5.5,0,5.5,2001,5.5,2001,5.5,2001,5.5,2001
5.51,0,5.51,0,5.51,0,5.51,0,5.51,2037,5.51,1981,5.51,1985,5.51,2022,5.51,0,5.51,0,5.51,0,5.51,0,5.51,2001,5.51,2001,5.51,2001,5.51,2001
5.52,0,5.52,0,5.52,0,5.52,0,5.52,2014,5.52,1994,5.52,1970,5.52,1960,5.52,0,5.52,0,5.52,0,5.52,0,5.52,2001,5.52,2001,5.52,2001,5.52,2001
5.53,0,5.53,0,5.53,0,5.53,0,5.53,2058,5.53,2101,5.53,1933,5.53,1947,5.53,0,5.53,0,5.53,0,5.53,0,5.53,2001,5.53,2001,5.53,2001,5.53,2001
5.54,0,5.54,0,5.54,0,5.54,0,5.54,2013,5.54,1970,5.54,2004,5.54,1981,5.54,0,5.54,0,5.54,0,5.54,0,5.54,2001,5.54,2001,5.54,2001,5.54,2001
5.55,0,5.55,0,5.55,0,5.55,0,5.55,1976,5.55,1952,5.55,2001,5.55,2036,5.55,0,5.55,0,5.55,0,5.55,0,5.55,2001,5.55,2001,5.55,2001,5.55,2001
5.56,0,5.56,0,5.56,0,5.56,0,5.56,1945,5.56,1979,5.56,1988,5.56,1979,5.56,0,5.56,0,5.56,0,5.56,0,5.56,2001,5.56,2001,5.56,2001,5.56,2001
5.57,0,5.57,0,5.57,0,5.57,0,5.57,1984,5.57,2014,5.57,2032,5.57,2054,5.57,0,5.57,0,5.57,0,5.57,0,5.57,2001,5.57,2001,5.57,2001,5.57,2001
5.58,0,5.58,0,5.58,0,5.58,0,5.58,1984,5.58,2013,5.58,1992,5.58,2004,5.58,0,5.58,0,5.58,0,5.58,0,5.58,2001,5.58,2001,5.58,2001,5.58,2001
5.59,0,5.59,0,5.59,0,5.59,0,5.59,1993,5.59,1971,5.59,1988,5.59,1998,5.59,0,5.59,0,5.59,0,5.59,0,5.59,2001,5.59,2001,5.59,2001,5.59,2001
5.6,0,5.6,0,5.6,0,5.6,0,5.6,2017,5.6,2005,5.6,2002,5.6,1943,5.6,0,5.6,0,5.6,0,5.6,0,5.6,2001,5.6,2001,5.6,2001,5.6,2001
5.61,0,5.61,0,5.61,0,5.61,0,5.61,1984,5.61,1965,5.61,1988,5.61,1944,5.61,0,5.61,0,5.61,0,5.61,0,5.61,2001,5.61,2001,5.61,2001,5.61,2001
5.62,0,5.62,0,5.62,0,5.62,0,5.62,1986,5.62,1994,5.62,1978,5.62,1993,5.62,0,5.62,0,5.62,0,5.62,0,5.62,2001,5.62,2001,5.62,2001,5.62,2001
5.63,0,5.63,0,5.63,0,5.63,0,5.63,2114,5.63,2005,5.63,1998,5.63,2032,5.63,0,5.63,0,5.63,0,5.63,0,5.63,2001,5.63,2001,5.63,2001,5.63,2001
5.64,0,5.64,0,5.64,0,5.64,0,5.64,1990,5.64,2010,5.64,1980,5.64,1992,5.64,0,5.64,0,5.64,0,5.64,0,5.64,2001,5.64,2001,5.64,2001,5.64,2001
5.65,0,5.65,0,5.65,0,5.65,0,5.65,1993,5.65,1992,5.65,2001,5.65,2049,5.65,0,5.65,0,5.65,0,5.65,0,5.65,2001,5.65,2001,5.65,2001,5.65,2001
5.66,0,5.66,0,5.66,0,5.66,0,5.66,2137,5.66,2011,5.66,1990,5.66,1993,5.66,0,5.66,0,5.66,0,5.66,0,5.66,2001,5.66,2001,5.66,2001,5.66,2001
5.67,0,5.67,0,5.67,0,5.67,0,5.67,1996,5.67,1995,5.67,1989,5.67,2004,5.67,0,5.67,0,5.67,0,5.67,0,5.67,2001,5.67,2001,5.67,2001,5.67,2001
5.68,0,5.68,0,5.68,0,5.68,0,5.68,1998,5.68,1984,5.68,2003,5.68,1979,5.68,0,5.68,0,5.68,0,5.68,0,5.68,2001,5.68,2001,5.68,2001,5.68,2001
5.69,0,5.69,0,5.69,0,5.69,0,5.69,2000,5.69,2014,5.69,2052,5.69,2002,5.69,0,5.69,0,5.69,0,5.69,0,5.69,2001,5.69,2001,5.69,2001,5.69,2001
5.7,0,5.7,0,5.7,0,5.7,0,5.7,1967,5.7,2019,5.7,1999,5.7,2110,5.7,0,5.7,0,5.7,0,5.7,0,5.7,2001,5.7,2001,5.7,2001,5.7,2001
5.71,0,5.71,0,5.71,0,5.71,0,5.71,2036,5.71,1993,5.71,1990,5.71,1984,5.71,0,5.71,0,5.71,0,5.71,0,5.71,2001,5.71,2001,5.71,2001,5.71,2001
5.72,0,5.72,0,5.72,0,5.72,0,5.72,1991,5.72,2014,5.72,2041,5.72,2035,5.72,0,5.72,0,5.72,0,5.72,0,5.72,2001,5.72,2001,5.72,2001,5.72,2001
5.73,0,5.73,0,5.73,0,5.73,0,5.73,1992,5.73,1968,5.73,2085,5.73,2009,5.73,0,5.73,0,5.73,0,5.73,0,5.73,2001,5.73,2001,5.73,2001,5.73,2001
5.74,0,5.74,0,5.74,0,5.74,0,5.74,2001,5.74,1975,5.74,1970,5.74,1972,5.74,0,5.74,0,5.74,0,5.74,0,5.74,2001,5.74,2001,5.74,2001,5.74,2001
5.75,0,5.75,0,5.75,0,5.75,0,5.75,2022,5.75,2016,5.75,1990,5.75,2004,5.75,0,5.75,0,5.75,0,5.75,0,5.75,2001,5.75,2001,5.75,2001,5.75,2001
5.76,0,5.76,0,5.76,0,5.76,0,5.76,1972,5.76,1977,5.76,1998,5.76,1988,5.76,0,5.76,0,5.76,0,5.76,0,5.76,2001,5.76,2001,5.76,2001,5.76,2001
5.77,0,5.77,0,5.77,0,5.77,0,5.77,2135,5.77,2004,5.77,1954,5.77,1990,5.77,0,5.77,0,5.77,0,5.77,0,5.77,2001,5.77,2001,5.77,2001,5.77,2001
5.78,0,5.78,0,5.78,0,5.78,0,5.78,1990,5.78,1948,5.78,1941,5.78,2018,5.78,0,5.78,0,5.78,0,5.78,0,5.78,2001,5.78,2001,5.78,2001,5.78,2001
5.79,0,5.79,0,5.79,0,5.79,0,5.79,1981,5.79,1972,5.79,1949,5.79,1980,5.79,0,5.79,0,5.79,0,5.79,0,5.79,2001,5.79,2001,5.79,2001,5.79,2001
5.8,0,5.8,0,5.8,0,5.8,0,5.8,2047,5.8,1960,5.8,1992,5.8,1953,5.8,0,5.8,0,5.8,0,5.8,0,5.8,2001,5.8,2001,5.8,2001,5.8,2001
5.81,0,5.81,0,5.81,0,5.81,0,5.81,1989,5.81,1988,5.81,1989,5.81,2002,5.81,0,5.81,0,5.81,0,5.81,0,5.81,2001,5.81,2001,5.81,2001,5.81,2001
5.82,0,5.82,0,5.82,0,5.82,0,5.82,1995,5.82,2000,5.82,1982,5.82,2024,5.82,0,5.82,0,5.82,0,5.82,0,5.82,2001,5.82,2001,5.82,2001,5.82,2001
5.83,0,5.83,0,5.83,0,5.83,0,5.83,1990,5.83,1981,5.83,1984,5.83,1963,5.83,0,5.83,0,5.83,0,5.83,0,5.83,2001,5.83,2001,5.83,2001,5.83,2001
5.84,0,5.84,0,5.84,0,5.84,0,5.84,2002,5.84,1985,5.84,1994,5.84,2044,5.84,0,5.84,0,5.84,0,5.84,0,5.84,2001,5.84,2001,5.84,2001,5.84,2001
5.85,0,5.85,0,5.85,0,5.85,0,5.85,1957,5.85,1979,5.85,1994,5.85,2008,5.85,0,5.85,0,5.85,0,5.85,0,5.85,2001,5.85,2001,5.85,2001,5.85,2001
5.86,0,5.86,0,5.86,0,5.86,0,5.86,1923,5.86,1970,5.86,1987,5.86,1984,5.86,0,5.86,0,5.86,0,5.86,0,5.86,2001,5.86,2001,5.86,2001,5.86,2001
5.87,0,5.87,0,5.87,0,5.87,0,5.87,1901,5.87,2003,5.87,2017,5.87,2108,5.87,0,5.87,0,5.87,0,5.87,0,5.87,2001,5.87,2001,5.87,2001,5.87,2001
5.88,0,5.88,0,5.88,0,5.88,0,5.88,2000,5.88,2043,5.88,2004,5.88,2017,5.88,0,5.88,0,5.88,0,5.88,0,5.88,2001,5.88,2001,5.88,2001,5.88,2001
5.89,0,5.89,0,5.89,0,5.89,0,5.89,1975,5.89,1991,5.89,2025,5.89,1981,5.89,0,5.89,0,5.89,0,5.89,0,5.89,2001,5.89,2001,5.89,2001,5.89,2001
5.9,0,5.9,0,5.9,0,5.9,0,5.9,2012,5.9,1991,5.9,2079,5.9,1987,5.9,0,5.9,0,5.9,0,5.9,0,5.9,2001,5.9,2001,5.9,2001,5.9,2001
5.91,0,5.91,0,5.91,0,5.91,0,5.91,2014,5.91,2030,5.91,2045,5.91,2016,5.91,0,5.91,0,5.91,0,5.91,0,5.91,2001,5.91,2001,5.91,2001,5.91,2001
5.92,0,5.92,0,5.92,0,5.92,0,5.92,2063,5.92,1977,5.92,1993,5.92,2034,5.92,0,5.92,0,5.92,0,5.92,0,5.92,2001,5.92,2001,5.92,2001,5.92,2001
5.93,0,5.93,0,5.93,0,5.93,0,5.93,1953,5.93,1996,5.93,1954,5.93,1996,5.93,0,5.93,0,5.93,0,5.93,0,5.93,2001,5.93,2001,5.93,2001,5.93,2001
5.94,0,5.94,0,5.94,0,5.94,0,5.94,2075,5.94,2002,5.94,2041,5.94,2004,5.94,0,5.94,0,5.94,0,5.94,0,5.94,2001,5.94,2001,5.94,2001,5.94,2001
5.95,0,5.95,0,5.95,0,5.95,0,5.95,2073,5.95,1994,5.95,2034,5.95,1965,5.95,0,5.95,0,5.95,0,5.95,0,5.95,2001,5.95,2001,5.95,2001,5.95,2001
5.96,0,5.96,0,5.96,0,5.96,0,5.96,2041,5.96,1954,5.96,1992,5.96,1938,5.96,0,5.96,0,5.96,0,5.96,0,5.96,2001,5.96,2001,5.96,2001,5.96,2001
5.97,0,5.97,0,5.97,0,5.97,0,5.97,1990,5.97,2026,5.97,2011,5.97,1998,5.97,0,5.97,0,5.97,0,5.97,0,5.97,2001,5.97,2001,5.97,2001,5.97,2001
5.98,0,5.98,0,5.98,0,5.98,0,5.98,1999,5.98,2103,5.98,2079,5.98,2032,5.98,0,5.98,0,5.98,0,5.98,0,5.98,2001,5.98,2001,5.98,2001,5.98,2001
5.99,0,5.99,0,5.99,0,5.99,0,5.99,1958,5.99,2084,5.99,2007,5.99,1999,5.99,0,5.99,0,5.99,0,5.99,0,5.99,2001,5.99,2001,5.99,2001,5.99,2001
6,0,6,0,6,0,6,0,6,1988,6,2017,6,1998,6,2011,6,0,6,0,6,0,6,0,6,2001,6,2001,6,2001,6,2001
6.01,0,6.01,0,6.01,0,6.01,0,6.01,2001,6.01,1975,6.01,2007,6.01,1982,6.01,0,6.01,0,6.01,0,6.01,0,6.01,2001,6.01,2001,6.01,2001,6.01,2001
6.02,0,6.02,0,6.02,0,6.02,0,6.02,1969,6.02,1990,6.02,1986,6.02,2021,6.02,0,6.02,0,6.02,0,6.02,0,6.02,2001,6.02,2001,6.02,2001,6.02,2001
6.03,0,6.03,0,6.03,0,6.03,0,6.03,1943,6.03,2019,6.03,2096,6.03,1982,6.03,0,6.03,0,6.03,0,6.03,0,6.03,2001,6.03,2001,6.03,2001,6.03,2001
6.04,0,6.04,0,6.04,0,6.04,0,6.04,1994,6.04,1983,6.04,1986,6.04,1980,6.04,0,6.04,0,6.04,0,6.04,0,6.04,2001,6.04,2001,6.04,2001,6.04,2001
6.05,0,6.05,0,6.05,0,6.05,0,6.05,1999,6.05,1989,6.05,2045,6.05,2004,6.05,0,6.05,0,6.05,0,6.05,0,6.05,2001,6.05,2001,6.05,2001,6.05,2001
6.06,0,6.06,0,6.06,0,6.06,0,6.06,2048,6.06,1958,6.06,2092,6.06,2001,6.06,0,6.06,0,6.06,0,6.06,0,6.06,2001,6.06,2001,6.06,2001,6.06,2001
6.07,0,6.07,0,6.07,0,6.07,0,6.07,1997,6.07,1988,6.07,2002,6.07,1994,6.07,0,6.07,0,6.07,0,6.07,0,6.07,2001,6.07,2001,6.07,2001,6.07,2001
6.08,0,6.08,0,6.08,0,6.08,0,6.08,2012,6.08,1938,6.08,1998,6.08,1949,6.08,0,6.08,0,6.08,0,6.08,0,6.08,2001,6.08,2001,6.08,2001,6.08,2001
6.09,0,6.09,0,6.09,0,6.09,0,6.09,2016,6.09,1993,6.09,2025,6.09,2002,6.09,0,6.09,0,6.09,0,6.09,0,6.09,2001,6.09,2001,6.09,2001,6.09,2001
6.1,0,6.1,0,6.1,0,6.1,0,6.1,1972,6.1,1999,6.1,1990,6.1,1996,6.1,0,6.1,0,6.1,0,6.1,0,6.1,2001,6.1,2001,6.1,2001,6.1,2001
6.11,0,6.11,0,6.11,0,6.11,0,6.11,1994,6.11,2002,6.11,1970,6.11,1986,6.11,0,6.11,0,6.11,0,6.11,0,6.11,2001,6.11,2001,6.11,2001,6.11,2001
6.12,0,6.12,0,6.12,0,6.12,0,6.12,1998,6.12,1990,6.12,2047,6.12,1982,6.12,0,6.12,0,6.12,0,6.12,0,6.12,2001,6.12,2001,6.12,2001,6.12,2001
6.13,0,6.13,0,6.13,0,6.13,0,6.13,1969,6.13,2016,6.13,1985,6.13,1942,6.13,0,6.13,0,6.13,0,6.13,0,6.13,2001,6.13,2001,6.13,2001,6.13,2001
6.14,0,6.14,0,6.14,0,6.14,0,6.14,1952,6.14,1989,6.14,2088,6.14,1974,6.14,0,6.14,0,6.14,0,6.14,0,6.14,2001,6.14,2001,6.14,2001,6.14,2001
6.15,0,6.15,0,6.15,0,6.15,0,6.15,1981,6.15,2010,6.15,1995,6.15,1999,6.15,0,6.15,0,6.15,0,6.15,0,6.15,2001,6.15,2001,6.15,2001,6.15,2001
6.16,0,6.16,0,6.16,0,6.16,0,6.16,2022,6.16,2015,6.16,1983,6.16,1996,6.16,0,6.16,0,6.16,0,6.16,0,6.16,2001,6.16,2001,6.16,2001,6.16,2001
6.17,0,6.17,0,6.17,0,6.17,0,6.17,2016,6.17,2047,6.17,1998,6.17,1978,6.17,0,6.17,0,6.17,0,6.17,0,6.17,2001,6.17,2001,6.17,2001,6.17,2001
6.18,0,6.18,0,6.18,0,6.18,0,6.18,2005,6.18,1999,6.18,2019,6.18,2079,6.18,0,6.18,0,6.18,0,6.18,0,6.18,2001,6.18,2001,6.18,2001,6.18,2001
6.19,0,6.19,0,6.19,0,6.19,0,6.19,2016,6.19,1989,6.19,1945,6.19,1983,6.19,0,6.19,0,6.19,0,6.19,0,6.19,2001,6.19,2001,6.19,2001,6.19,2001
6.2,0,6.2,0,6.2,0,6.2,0,6.2,2022,6.2,1988,6.2,1955,6.2,1997,6.2,0,6.2,0,6.2,0,6.2,0,6.2,2001,6.2,2001,6.2,2001,6.2,2001
6.21,0,6.21,0,6.21,0,6.21,0,6.21,1972,6.21,2022,6.21,1995,6.21,2014,6.21,0,6.21,0,6.21,0,6.21,0,6.21,2001,6.21,2001,6.21,2001,6.21,2001
6.22,0,6.22,0,6.22,0,6.22,0,6.22,2000,6.22,1976,6.22,2000,6.22,1968,6.22,0,6.22,0,6.22,0,6.22,0,6.22,2001,6.22,2001,6.22,2001,6.22,2001
6.23,0,6.23,0,6.23,0,6.23,0,6.23,1994,6.23,2120,6.23,2002,6.23,1977,6.23,0,6.23,0,6.23,0,6.23,0,6.23,2001,6.23,2001,6.23,2001,6.23,2001
6.24,0,6.24,0,6.24,0,6.24,0,6.24,1997,6.24,1999,6.24,1930,6.24,2010,6.24,0,6.24,0,6.24,0,6.24,0,6.24,2001,6.24,2001,6.24,2001,6.24,2001
6.25,0,6.25,0,6.25,0,6.25,0,6.25,1971,6.25,1988,6.25,2003,6.25,2005,6.25,0,6.25,0,6.25,0,6.25,0,6.25,2001,6.25,2001,6.25,2001,6.25,2001
6.26,0,6.26,0,6.26,0,6.26,0,6.26,2000,6.26,1987,6.26,1914,6.26,2004,6.26,0,6.26,0,6.26,0,6.26,0,6.26,2001,6.26,2001,6.26,2001,6.26,2001
6.27,0,6.27,0,6.27,0,6.27,0,6.27,1997,6.27,2174,6.27,2020,6.27,1990,6.27,0,6.27,0,6.27,0,6.27,0,6.27,2001,6.27,2001,6.27,2001,6.27,2001
6.28,0,6.28,0,6.28,0,6.28,0,6.28,2001,6.28,1989,6.28,2004,6.28,2013,6.28,0,6.28,0,6.28,0,6.28,0,6.28,2001,6.28,2001,6.28,2001,6.28,2001
6.29,0,6.29,0,6.29,0,6.29,0,6.29,2031,6.29,1979,6.29,1999,6.29,1995,6.29,0,6.29,0,6.29,0,6.29,0,6.29,2001,6.29,2001,6.29,2001,6.29,2001
6.3,0,6.3,0,6.3,0,6.3,0,6.3,2032,6.3,2016,6.3,2008,6.3,2008,6.3,0,6.3,0,6.3,0,6.3,0,6.3,2001,6.3,2001,6.3,2001,6.3,2001
6.31,0,6.31,0,6.31,0,6.31,0,6.31,2004,6.31,2010,6.31,2035,6.31,2001,6.31,0,6.31,0,6.31,0,6.31,0,6.31,2001,6.31,2001,6.31,2001,6.31,2001
6.32,0,6.32,0,6.32,0,6.32,0,6.32,2052,6.32,1991,6.32,1986,6.32,1998,6.32,0,6.32,0,6.32,0,6.32,0,6.32,2001,6.32,2001,6.32,2001,6.32,2001
6.33,0,6.33,0,6.33,0,6.33,0,6.33,1942,6.33,1984,6.33,2013,6.33,2007,6.33,0,6.33,0,6.33,0,6.33,0,6.33,2001,6.33,2001,6.33,2001,6.33,2001
6.34,0,6.34,0,6.34,0,6.34,0,6.34,1975,6.34,2020,6.34,2007,6.34,1992,6.34,0,6.34,0,6.34,0,6.34,0,6.34,2001,6.34,2001,6.34,2001,6.34,2001
6.35,0,6.35,0,6.35,0,6.35,0,6.35,2034,6.35,2001,6.35,1982,6.35,2038,6.35,0,6.35,0,6.35,0,6.35,0,6.35,2001,6.35,2001,6.35,2001,6.35,2001
6.36,0,6.36,0,6.36,0,6.36,0,6.36,1950,6.36,2018,6.36,2006,6.36,1991,6.36,0,6.36,0,6.36,0,6.36,0,6.36,2001,6.36,2001,6.36,2001,6.36,2001
6.37,0,6.37,0,6.37,0,6.37,0,6.37,1997,6.37,1973,6.37,2036,6.37,1991,6.37,0,6.37,0,6.37,0,6.37,0,6.37,2001,6.37,2001,6.37,2001,6.37,2001
6.38,0,6.38,0,6.38,0,6.38,0,6.38,1993,6.38,2016,6.38,2011,6.38,2038,6.38,0,6.38,0,6.38,0,6.38,0,6.38,2001,6.38,2001,6.38,2001,6.38,2001
6.39,0,6.39,0,6.39,0,6.39,0,6.39,2009,6.39,2028,6.39,2031,6.39,1931,6.39,0,6.39,0,6.39,0,6.39,0,6.39,2001,6.39,2001,6.39,2001,6.39,2001
6.4,0,6.4,0,6.4,0,6.4,0,6.4,2012,6.4,2032,6.4,1992,6.4,1984,6.4,0,6.4,0,6.4,0,6.4,0,6.4,2001,6.4,2001,6.4,2001,6.4,2001
6.41,0,6.41,0,6.41,0,6.41,0,6.41,1996,6.41,1990,6.41,1991,6.41,2020,6.41,0,6.41,0,6.41,0,6.41,0,6.41,2001,6.41,2001,6.41,2001,6.41,2001
6.42,0,6.42,0,6.42,0,6.42,0,6.42,2003,6.42,2024,6.42,2006,6.42,2008,6.42,0,6.42,0,6.42,0,6.42,0,6.42,2001,6.42,2001,6.42,2001,6.42,2001
6.43,0,6.43,0,6.43,0,6.43,0,6.43,1999,6.43,2048,6.43,2017,6.43,1963,6.43,0,6.43,0,6.43,0,6.43,0,6.43,2001,6.43,2001,6.43,2001,6.43,2001
6.44,0,6.44,0,6.44,0,6.44,0,6.44,2003,6.44,1993,6.44,1980,6.44,1997,6.44,0,6.44,0,6.44,0,6.44,0,6.44,2001,6.44,2001,6.44,2001,6.44,2001
6.45,0,6.45,0,6.45,0,6.45,0,6.45,1989,6.45,2006,6.45,1990,6.45,1998,6.45,0,6.45,0,6.45,0,6.45,0,6.45,2001,6.45,2001,6.45,2001,6.45,2001
6.46,0,6.46,0,6.46,0,6.46,0,6.46,1980,6.46,1950,6.46,1991,6.46,2008,6.46,0,6.46,0,6.46,0,6.46,0,6.46,2001,6.46,2001,6.46,2001,6.46,2001
6.47,0,6.47,0,6.47,0,6.47,0,6.47,2032,6.47,2007,6.47,1987,6.47,1995,6.47,0,6.47,0,6.47,0,6.47,0,6.47,2001,6.47,2001,6.47,2001,6.47,2001
6.48,0,6.48,0,6.48,0,6.48,0,6.48,1999,6.48,1988,6.48,2005,6.48,2056,6.48,0,6.48,0,6.48,0,6.48,0,6.48,2001,6.48,2001,6.48,2001,6.48,2001
6.49,0,6.49,0,6.49,0,6.49,0,6.49,1998,6.49,2028,6.49,2050,6.49,1990,6.49,0,6.49,0,6.49,0,6.49,0,6.49,2001,6.49,2001,6.49,2001,6.49,2001
6.5,0,6.5,0,6.5,0,6.5,0,6.5,2013,6.5,1993,6.5,1976,6.5,1987,6.5,0,6.5,0,6.5,0,6.5,0,6.5,2001,6.5,2001,6.5,2001,6.5,2001
6.51,0,6.51,0,6.51,0,6.51,0,6.51,2012,6.51,2010,6.51,2004,6.51,2016,6.51,0,6.51,0,6.51,0,6.51,0,6.51,2001,6.51,2001,6.51,2001,6.51,2001
6.52,0,6.52,0,6.52,0,6.52,0,6.52,1989,6.52,1996,6.52,2065,6.52,1984,6.52,0,6.52,0,6.52,0,6.52,0,6.52,2001,6.52,2001,6.52,2001,6.52,2001
6.53,0,6.53,0,6.53,0,6.53,0,6.53,2008,6.53,1986,6.53,1923,6.53,2085,6.53,0,6.53,0,6.53,0,6.53,0,6.53,2001,6.53,2001,6.53,2001,6.53,2001
6.54,0,6.54,0,6.54,0,6.54,0,6.54,2024,6.54,2166,6.54,1987,6.54,1958,6.54,0,6.54,0,6.54,0,6.54,0,6.54,2001,6.54,2001,6.54,2001,6.54,2001
6.55,0,6.55,0,6.55,0,6.55,0,6.55,2019,6.55,2130,6.55,1995,6.55,1973,6.55,0,6.55,0,6.55,0,6.55,0,6.55,2001,6.55,2001,6.55,2001,6.55,2001
6.56,0,6.56,0,6.56,0,6.56,0,6.56,1994,6.56,2001,6.56,1996,6.56,1967,6.56,0,6.56,0,6.56,0,6.56,0,6.56,2001,6.56,2001,6.56,2001,6.56,2001
6.57,0,6.57,0,6.57,0,6.57,0,6.57,1965,6.57,2010,6.57,2007,6.57,2003,6.57,0,6.57,0,6.57,0,6.57,0,6.57,2001,6.57,2001,6.57,2001,6.57,2001
6.58,0,6.58,0,6.58,0,6.58,0,6.58,2011,6.58,2000,6.58,1994,6.58,1921,6.58,0,6.58,0,6.58,0,6.58,0,6.58,2001,6.58,2001,6.58,2001,6.58,2001
6.59,0,6.59,0,6.59,0,6.59,0,6.59,2108,6.59,2108,6.59,2031,6.59,1979,6.59,0,6.59,0,6.59,0,6.59,0,6.59,2001,6.59,2001,6.59,2001,6.59,2001
6.6,0,6.6,0,6.6,0,6.6,0,6.6,2081,6.6,2027,6.6,1998,6.6,2079,6.6,0,6.6,0,6.6,0,6.6,0,6.6,2001,6.6,2001,6.6,2001,6.6,2001
6.61,0,6.61,0,6.61,0,6.61,0,6.61,1981,6.61,2019,6.61,1988,6.61,2014,6.61,0,6.61,0,6.61,0,6.61,0,6.61,2001,6.61,2001,6.61,2001,6.61,2001
6.62,0,6.62,0,6.62,0,6.62,0,6.62,2023,6.62,2102,6.62,1988,6.62,2036,6.62,0,6.62,0,6.62,0,6.62,0,6.62,2001,6.62,2001,6.62,2001,6.62,2001
6.63,0,6.63,0,6.63,0,6.63,0,6.63,1985,6.63,2005,6.63,1956,6.63,2002,6.63,0,6.63,0,6.63,0,6.63,0,6.63,2001,6.63,2001,6.63,2001,6.63,2001
6.64,0,6.64,0,6.64,0,6.64,0,6.64,2004,6.64,2007,6.64,2014,6.64,1991,6.64,0,6.64,0,6.64,0,6.64,0,6.64,2001,6.64,2001,6.64,2001,6.64,2001
6.65,0,6.65,0,6.65,0,6.65,0,6.65,2005,6.65,2002,6.65,2029,6.65,1975,6.65,0,6.65,0,6.65,0,6.65,0,6.65,2001,6.65,2001,6.65,2001,6.65,2001
6.66,0,6.66,0,6.66,0,6.66,0,6.66,2000,6.66,1981,6.66,1965,6.66,1978,6.66,0,6.66,0,6.66,0,6.66,0,6.66,2001,6.66,2001,6.66,2001,6.66,2001
6.67,0,6.67,0,6.67,0,6.67,0,6.67,1995,6.67,1991,6.67,1999,6.67,2019,6.67,0,6.67,0,6.67,0,6.67,0,6.67,2001,6.67,2001,6.67,2001,6.67,2001
6.68,0,6.68,0,6.68,0,6.68,0,6.68,2012,6.68,2022,6.68,1991,6.68,1987,6.68,0,6.68,0,6.68,0,6.68,0,6.68,2001,6.68,2001,6.68,2001,6.68,2001
6.69,0,6.69,0,6.69,0,6.69,0,6.69,2039,6.69,1937,6.69,1988,6.69,2020,6.69,0,6.69,0,6.69,0,6.69,0,6.69,2001,6.69,2001,6.69,2001,6.69,2001
6.7,0,6.7,0,6.7,0,6.7,0,6.7,1999,6.7,1996,6.7,2066,6.7,2026,6.7,0,6.7,0,6.7,0,6.7,0,6.7,2001,6.7,2001,6.7,2001,6.7,2001
6.71,0,6.71,0,6.71,0,6.71,0,6.71,1996,6.71,1993,6.71,2028,6.71,1998,6.71,0,6.71,0,6.71,0,6.71,0,6.71,2001,6.71,2001,6.71,2001,6.71,2001
6.72,0,6.72,0,6.72,0,6.72,0,6.72,1982,6.72,1952,6.72,1992,6.72,2020,6.72,0,6.72,0,6.72,0,6.72,0,6.72,2001,6.72,2001,6.72,2001,6.72,2001
6.73,0,6.73,0,6.73,0,6.73,0,6.73,1983,6.73,2001,6.73,1995,6.73,1995,6.73,0,6.73,0,6.73,0,6.73,0,6.73,2001,6.73,2001,6.73,2001,6.73,2001
6.74,0,6.74,0,6.74,0,6.74,0,6.74,2005,6.74,2010,6.74,1990,6.74,2013,6.74,0,6.74,0,6.74,0,6.74,0,6.74,2001,6.74,2001,6.74,2001,6.74,2001
6.75,0,6.75,0,6.75,0,6.75,0,6.75,1979,6.75,1991,6.75,2116,6.75,2003,6.75,0,6.75,0,6.75,0,6.75,0,6.75,2001,6.75,2001,6.75,2001,6.75,2001
6.76,0,6.76,0,6.76,0,6.76,0,6.76,1985,6.76,2019,6.76,1985,6.76,2001,6.76,0,6.76,0,6.76,0,6.76,0,6.76,2001,6.76,2001,6.76,2001,6.76,2001
6.77,0,6.77,0,6.77,0,6.77,0,6.77,1996,6.77,2110,6.77,1981,6.77,1958,6.77,0,6.77,0,6.77,0,6.77,0,6.77,2001,6.77,2001,6.77,2001,6.77,2001
6.78,0,6.78,0,6.78,0,6.78,0,6.78,1981,6.78,1989,6.78,2098,6.78,2012,6.78,0,6.78,0,6.78,0,6.78,0,6.78,2001,6.78,2001,6.78,2001,6.78,2001
6.79,0,6.79,0,6.79,0,6.79,0,6.79,1982,6.79,2007,6.79,2006,6.79,2055,6.79,0,6.79,0,6.79,0,6.79,0,6.79,2001,6.79,2001,6.79,2001,6.79,2001
6.8,0,6.8,0,6.8,0,6.8,0,6.8,2011,6.8,2011,6.8,1975,6.8,2032,6.8,0,6.8,0,6.8,0,6.8,0,6.8,2001,6.8,2001,6.8,2001,6.8,2001
6.81,0,6.81,0,6.81,0,6.81,0,6.81,2012,6.81,2009,6.81,1984,6.81,2280,6.81,0,6.81,0,6.81,0,6.81,0,6.81,2001,6.81,2001,6.81,2001,6.81,2001
6.82,0,6.82,0,6.82,0,6.82,0,6.82,1980,6.82,2014,6.82,2001,6.82,2040,6.82,0,6.82,0,6.82,0,6.82,0,6.82,2001,6.82,2001,6.82,2001,6.82,2001
6.83,0,6.83,0,6.83,0,6.83,0,6.83,1970,6.83,2001,6.83,1997,6.83,1969,6.83,0,6.83,0,6.83,0,6.83,0,6.83,2001,6.83,2001,6.83,2001,6.83,2001
6.84,0,6.84,0,6.84,0,6.84,0,6.84,2013,6.84,1966,6.84,1976,6.84,1979,6.84,0,6.84,0,6.84,0,6.84,0,6.84,2001,6.84,2001,6.84,2001,6.84,2001
6.85,0,6.85,0,6.85,0,6.85,0,6.85,1987,6.85,1954,6.85,1943,6.85,1994,6.85,0,6.85,0,6.85,0,6.85,0,6.85,2001,6.85,2001,6.85,2001,6.85,2001
6.86,0,6.86,0,6.86,0,6.86,0,6.86,2020,6.86,2059,6.86,2006,6.86,1971,6.86,0,6.86,0,6.86,0,6.86,0,6.86,2001,6.86,2001,6.86,2001,6.86,2001
6.87,0,6.87,0,6.87,0,6.87,0,6.87,2005,6.87,1928,6.87,2009,6.87,1974,6.87,0,6.87,0,6.87,0,6.87,0,6.87,2001,6.87,2001,6.87,2001,6.87,2001
6.88,0,6.88,0,6.88,0,6.88,0,6.88,1952,6.88,1994,6.88,2103,6.88,2004,6.88,0,6.88,0,6.88,0,6.88,0,6.88,2001,6.88,2001,6.88,2001,6.88,2001
6.89,0,6.89,0,6.89,0,6.89,0,6.89,2047,6.89,2034,6.89,2000,6.89,2013,6.89,0,6.89,0,6.89,0,6.89,0,6.89,2001,6.89,2001,6.89,2001,6.89,2001
6.9,0,6.9,0,6.9,0,6.9,0,6.9,1998,6.9,1971,6.9,1995,6.9,2016,6.9,0,6.9,0,6.9,0,6.9,0,6.9,2001,6.9,2001,6.9,2001,6.9,2001
6.91,0,6.91,0,6.91,0,6.91,0,6.91,1994,6.91,2001,6.91,2105,6.91,2014,6.91,0,6.91,0,6.91,0,6.91,0,6.91,2001,6.91,2001,6.91,2001,6.91,2001
6.92,0,6.92,0,6.92,0,6.92,0,6.92,2023,6.92,2010,6.92,1978,6.92,2003,6.92,0,6.92,0,6.92,0,6.92,0,6.92,2001,6.92,2001,6.92,2001,6.92,2001
6.93,0,6.93,0,6.93,0,6.93,0,6.93,1985,6.93,1982,6.93,1980,6.93,1976,6.93,0,6.93,0,6.93,0,6.93,0,6.93,2001,6.93,2001,6.93,2001,6.93,2001
6.94,0,6.94,0,6.94,0,6.94,0,6.94,1990,6.94,1974,6.94,1995,6.94,1980,6.94,0,6.94,0,6.94,0,6.94,0,6.94,2001,6.94,2001,6.94,2001,6.94,2001
6.95,0,6.95,0,6.95,0,6.95,0,6.95,1990,6.95,1931,6.95,2013,6.95,1986,6.95,0,6.95,0,6.95,0,6.95,0,6.95,2001,6.95,2001,6.95,2001,6.95,2001
6.96,0,6.96,0,6.96,0,6.96,0,6.96,1993,6.96,1974,6.96,1989,6.96,1971,6.96,0,6.96,0,6.96,0,6.96,0,6.96,2001,6.96,2001,6.96,2001,6.96,2001
6.97,0,6.97,0,6.97,0,6.97,0,6.97,1995,6.97,2084,6.97,1991,6.97,2046,6.97,0,6.97,0,6.97,0,6.97,0,6.97,2001,6.97,2001,6.97,2001,6.97,2001
6.98,0,6.98,0,6.98,0,6.98,0,6.98,1994,6.98,2065,6.98,1997,6.98,2012,6.98,0,6.98,0,6.98,0,6.98,0,6.98,2001,6.98,2001,6.98,2001,6.98,2001
6.99,0,6.99,0,6.99,0,6.99,0,6.99,1985,6.99,1992,6.99,1992,6.99,2071,6.99,0,6.99,0,6.99,0,6.99,0,6.99,2001,6.99,2001,6.99,2001,6.99,2001
7,0,7,0,7,0,7,0,7,2002,7,2000,7,1998,7,2010,7,0,7,0,7,0,7,0,7,2001,7,2001,7,2001,7,2001
7.01,0,7.01,0,7.01,0,7.01,0,7.01,1940,7.01,1994,7.01,2067,7.01,1997,7.01,0,7.01,0,7.01,0,7.01,0,7.01,2001,7.01,2001,7.01,2001,7.01,2001
7.02,0,7.02,0,7.02,0,7.02,0,7.02,1993,7.02,2008,7.02,2011,7.02,1966,7.02,0,7.02,0,7.02,0,7.02,0,7.02,2001,7.02,2001,7.02,2001,7.02,2001
7.03,0,7.03,0,7.03,0,7.03,0,7.03,2010,7.03,2006,7.03,2004,7.03,2012,7.03,0,7.03,0,7.03,0,7.03,0,7.03,2001,7.03,2001,7.03,2001,7.03,2001
7.04,0,7.04,0,7.04,0,7.04,0,7.04,2003,7.04,1975,7.04,1988,7.04,1992,7.04,0,7.04,0,7.04,0,7.04,0,7.04,2001,7.04,2001,7.04,2001,7.04,2001
7.05,0,7.05,0,7.05,0,7.05,0,7.05,1986,7.05,1989,7.05,1976,7.05,1986,7.05,0,7.05,0,7.05,0,7.05,0,7.05,2001,7.05,2001,7.05,2001,7.05,2001
7.06,0,7.06,0,7.06,0,7.06,0,7.06,2003,7.06,2108,7.06,2018,7.06,2010,7.06,0,7.06,0,7.06,0,7.06,0,7.06,2001,7.06,2001,7.06,2001,7.06,2001
7.07,0,7.07,0,7.07,0,7.07,0,7.07,2003,7.07,2108,7.07,2018,7.07,2010,7.07,0,7.07,0,7.07,0,7.07,0,7.07,2001,7.07,2001,7.07,2001,7.07,2001
7.08,0,7.08,0,7.08,0,7.08,0,7.08,2131,7.08,1993,7.08,1986,7.08,2003,7.08,0,7.08,0,7.08,0,7.08,0,7.08,2001,7.08,2001,7.08,2001,7.08,2001
7.09,0,7.09,0,7.09,0,7.09,0,7.09,2068,7.09,1978,7.09,1992,7.09,1919,7.09,0,7.09,0,7.09,0,7.09,0,7.09,2001,7.09,2001,7.09,2001,7.09,2001
7.1,0,7.1,0,7.1,0,7.1,0,7.1,1997,7.1,2026,7.1,2081,7.1,2005,7.1,0,7.1,0,7.1,0,7.1,0,7.1,2001,7.1,2001,7.1,2001,7.1,2001
7.11,0,7.11,0,7.11,0,7.11,0,7.11,2003,7.11,1982,7.11,1930,7.11,1984,7.11,0,7.11,0,7.11,0,7.11,0,7.11,2001,7.11,2001,7.11,2001,7.11,2001
7.12,0,7.12,0,7.12,0,7.12,0,7.12,1980,7.12,2020,7.12,1990,7.12,1909,7.12,0,7.12,0,7.12,0,7.12,0,7.12,2001,7.12,2001,7.12,2001,7.12,2001
7.13,0,7.13,0,7.13,0,7.13,0,7.13,2017,7.13,1970,7.13,1989,7.13,2002,7.13,0,7.13,0,7.13,0,7.13,0,7.13,2001,7.13,2001,7.13,2001,7.13,2001
7.14,0,7.14,0,7.14,0,7.14,0,7.14,1997,7.14,1969,7.14,2064,7.14,1971,7.14,0,7.14,0,7.14,0,7.14,0,7.14,2001,7.14,2001,7.14,2001,7.14,2001
7.15,0,7.15,0,7.15,0,7.15,0,7.15,1962,7.15,1927,7.15,2096,7.15,2013,7.15,0,7.15,0,7.15,0,7.15,0,7.15,2001,7.15,2001,7.15,2001,7.15,2001
7.16,0,7.16,0,7.16,0,7.16,0,7.16,2012,7.16,2010,7.16,2080,7.16,2007,7.16,0,7.16,0,7.16,0,7.16,0,7.16,2001,7.16,2001,7.16,2001,7.16,2001
7.17,0,7.17,0,7.17,0,7.17,0,7.17,2006,7.17,1960,7.17,1992,7.17,1968,7.17,0,7.17,0,7.17,0,7.17,0,7.17,2001,7.17,2001,7.17,2001,7.17,2001
7.18,0,7.18,0,7.18,0,7.18,0,7.18,1934,7.18,1976,7.18,2002,7.18,2015,7.18,0,7.18,0,7.18,0,7.18,0,7.18,2001,7.18,2001,7.18,2001,7.18,2001
7.19,0,7.19,0,7.19,0,7.19,0,7.19,1973,7.19,1950,7.19,1977,7.19,2011,7.19,0,7.19,0,7.19,0,7.19,0,7.19,2001,7.19,2001,7.19,2001,7.19,2001
7.2,0,7.2,0,7.2,0,7.2,0,7.2,2037,7.2,1967,7.2,1966,7.2,1992,7.2,0,7.2,0,7.2,0,7.2,0,7.2,2001,7.2,2001,7.2,2001,7.2,2001
7.21,0,7.21,0,7.21,0,7.21,0,7.21,1998,7.21,2003,7.21,2012,7.21,2004,7.21,0,7.21,0,7.21,0,7.21,0,7.21,2001,7.21,2001,7.21,2001,7.21,2001
7.22,0,7.22,0,7.22,0,7.22,0,7.22,1987,7.22,1988,7.22,2012,7.22,1995,7.22,0,7.22,0,7.22,0,7.22,0,7.22,2001,7.22,2001,7.22,2001,7.22,2001
7.23,0,7.23,0,7.23,0,7.23,0,7.23,2010,7.23,1951,7.23,1973,7.23,1990,7.23,0,7.23,0,7.23,0,7.23,0,7.23,2001,7.23,2001,7.23,2001,7.23,2001
7.24,0,7.24,0,7.24,0,7.24,0,7.24,1988,7.24,2050,7.24,1999,7.24,1993,7.24,0,7.24,0,7.24,0,7.24,0,7.24,2001,7.24,2001,7.24,2001,7.24,2001
7.25,0,7.25,0,7.25,0,7.25,0,7.25,2008,7.25,1925,7.25,2008,7.25,2040,7.25,0,7.25,0,7.25,0,7.25,0,7.25,2001,7.25,2001,7.25,2001,7.25,2001
7.26,0,7.26,0,7.26,0,7.26,0,7.26,1985,7.26,1953,7.26,2022,7.26,2008,7.26,0,7.26,0,7.26,0,7.26,0,7.26,2001,7.26,2001,7.26,2001,7.26,2001
7.27,0,7.27,0,7.27,0,7.27,0,7.27,1992,7.27,1949,7.27,1992,7.27,1985,7.27,0,7.27,0,7.27,0,7.27,0,7.27,2001,7.27,2001,7.27,2001,7.27,2001
7.28,0,7.28,0,7.28,0,7.28,0,7.28,2000,7.28,1996,7.28,2038,7.28,2001,7.28,0,7.28,0,7.28,0,7.28,0,7.28,2001,7.28,2001,7.28,2001,7.28,2001
7.29,0,7.29,0,7.29,0,7.29,0,7.29,1995,7.29,1976,7.29,1989,7.29,2094,7.29,0,7.29,0,7.29,0,7.29,0,7.29,2001,7.29,2001,7.29,2001,7.29,2001
7.3,0,7.3,0,7.3,0,7.3,0,7.3,1985,7.3,1993,7.3,1972,7.3,2000,7.3,0,7.3,0,7.3,0,7.3,0,7.3,2001,7.3,2001,7.3,2001,7.3,2001
7.31,0,7.31,0,7.31,0,7.31,0,7.31,2008,7.31,2008,7.31,1949,7.31,2064,7.31,0,7.31,0,7.31,0,7.31,0,7.31,2001,7.31,2001,7.31,2001,7.31,2001
7.32,0,7.32,0,7.32,0,7.32,0,7.32,2008,7.32,1965,7.32,1998,7.32,1939,7.32,0,7.32,0,7.32,0,7.32,0,7.32,2001,7.32,2001,7.32,2001,7.32,2001
7.33,0,7.33,0,7.33,0,7.33,0,7.33,1986,7.33,1997,7.33,1955,7.33,1996,7.33,0,7.33,0,7.33,0,7.33,0,7.33,2001,7.33,2001,7.33,2001,7.33,2001
7.34,0,7.34,0,7.34,0,7.34,0,7.34,2290,7.34,2016,7.34,2016,7.34,2051,7.34,0,7.34,0,7.34,0,7.34,0,7.34,2001,7.34,2001,7.34,2001,7.34,2001
7.35,0,7.35,0,7.35,0,7.35,0,7.35,1987,7.35,2015,7.35,1982,7.35,1982,7.35,0,7.35,0,7.35,0,7.35,0,7.35,2001,7.35,2001,7.35,2001,7.35,2001
7.36,0,7.36,0,7.36,0,7.36,0,7.36,1981,7.36,2011,7.36,1996,7.36,2092,7.36,0,7.36,0,7.36,0,7.36,0,7.36,2001,7.36,2001,7.36,2001,7.36,2001
7.37,0,7.37,0,7.37,0,7.37,0,7.37,2002,7.37,1986,7.37,2008,7.37,2001,7.37,0,7.37,0,7.37,0,7.37,0,7.37,2001,7.37,2001,7.37,2001,7.37,2001
7.38,0,7.38,0,7.38,0,7.38,0,7.38,2013,7.38,1976,7.38,2077,7.38,1979,7.38,0,7.38,0,7.38,0,7.38,0,7.38,2001,7.38,2001,7.38,2001,7.38,2001
7.39,0,7.39,0,7.39,0,7.39,0,7.39,1987,7.39,1968,7.39,2006,7.39,1943,7.39,0,7.39,0,7.39,0,7.39,0,7.39,2001,7.39,2001,7.39,2001,7.39,2001
7.4,0,7.4,0,7.4,0,7.4,0,7.4,1995,7.4,2014,7.4,2027,7.4,2004,7.4,0,7.4,0,7.4,0,7.4,0,7.4,2001,7.4,2001,7.4,2001,7.4,2001
7.41,0,7.41,0,7.41,0,7.41,0,7.41,2000,7.41,2093,7.41,1986,7.41,1919,7.41,0,7.41,0,7.41,0,7.41,0,7.41,2001,7.41,2001,7.41,2001,7.41,2001
7.42,0,7.42,0,7.42,0,7.42,0,7.42,1994,7.42,1956,7.42,1968,7.42,2070,7.42,0,7.42,0,7.42,0,7.42,0,7.42,2001,7.42,2001,7.42,2001,7.42,2001
7.43,0,7.43,0,7.43,0,7.43,0,7.43,2050,7.43,2000,7.43,1996,7.43,2031,7.43,0,7.43,0,7.43,0,7.43,0,7.43,2001,7.43,2001,7.43,2001,7.43,2001
7.44,0,7.44,0,7.44,0,7.44,0,7.44,1996,7.44,1986,7.44,2017,7.44,1993,7.44,0,7.44,0,7.44,0,7.44,0,7.44,2001,7.44,2001,7.44,2001,7.44,2001
7.45,0,7.45,0,7.45,0,7.45,0,7.45,1983,7.45,1942,7.45,1997,7.45,1984,7.45,0,7.45,0,7.45,0,7.45,0,7.45,2001,7.45,2001,7.45,2001,7.45,2001
7.46,0,7.46,0,7.46,0,7.46,0,7.46,1992,7.46,2075,7.46,2015,7.46,2109,7.46,0,7.46,0,7.46,0,7.46,0,7.46,2001,7.46,2001,7.46,2001,7.46,2001
7.47,0,7.47,0,7.47,0,7.47,0,7.47,2000,7.47,1942,7.47,1999,7.47,2000,7.47,0,7.47,0,7.47,0,7.47,0,7.47,2001,7.47,2001,7.47,2001,7.47,2001
7.48,0,7.48,0,7.48,0,7.48,0,7.48,1986,7.48,1979,7.48,1992,7.48,1983,7.48,0,7.48,0,7.48,0,7.48,0,7.48,2001,7.48,2001,7.48,2001,7.48,2001
7.49,0,7.49,0,7.49,0,7.49,0,7.49,2026,7.49,2011,7.49,2083,7.49,2002,7.49,0,7.49,0,7.49,0,7.49,0,7.49,2001,7.49,2001,7.49,2001,7.49,2001
7.5,0,7.5,0,7.5,0,7.5,0,7.5,1993,7.5,2003,7.5,2004,7.5,2006,7.5,0,7.5,0,7.5,0,7.5,0,7.5,2001,7.5,2001,7.5,2001,7.5,2001
7.51,0,7.51,0,7.51,0,7.51,0,7.51,2000,7.51,1993,7.51,1979,7.51,1940,7.51,0,7.51,0,7.51,0,7.51,0,7.51,2001,7.51,2001,7.51,2001,7.51,2001
7.52,0,7.52,0,7.52,0,7.52,0,7.52,2034,7.52,2023,7.52,2113,7.52,1999,7.52,0,7.52,0,7.52,0,7.52,0,7.52,2001,7.52,2001,7.52,2001,7.52,2001
7.53,0,7.53,0,7.53,0,7.53,0,7.53,1986,7.53,1973,7.53,2028,7.53,2052,7.53,0,7.53,0,7.53,0,7.53,0,7.53,2001,7.53,2001,7.53,2001,7.53,2001
7.54,0,7.54,0,7.54,0,7.54,0,7.54,2001,7.54,1982,7.54,1917,7.54,1983,7.54,0,7.54,0,7.54,0,7.54,0,7.54,2001,7.54,2001,7.54,2001,7.54,2001
7.55,0,7.55,0,7.55,0,7.55,0,7.55,2004,7.55,2038,7.55,2018,7.55,2009,7.55,0,7.55,0,7.55,0,7.55,0,7.55,2001,7.55,2001,7.55,2001,7.55,2001
7.56,0,7.56,0,7.56,0,7.56,0,7.56,2006,7.56,1973,7.56,1993,7.56,1987,7.56,0,7.56,0,7.56,0,7.56,0,7.56,2001,7.56,2001,7.56,2001,7.56,2001
7.57,0,7.57,0,7.57,0,7.57,0,7.57,1991,7.57,2061,7.57,2018,7.57,2000,7.57,0,7.57,0,7.57,0,7.57,0,7.57,2001,7.57,2001,7.57,2001,7.57,2001
7.58,0,7.58,0,7.58,0,7.58,0,7.58,1988,7.58,2062,7.58,2008,7.58,2014,7.58,0,7.58,0,7.58,0,7.58,0,7.58,2001,7.58,2001,7.58,2001,7.58,2001
7.59,0,7.59,0,7.59,0,7.59,0,7.59,2142,7.59,1998,7.59,1972,7.59,1994,7.59,0,7.59,0,7.59,0,7.59,0,7.59,2001,7.59,2001,7.59,2001,7.59,2001
7.6,0,7.6,0,7.6,0,7.6,0,7.6,1982,7.6,2002,7.6,1984,7.6,2008,7.6,0,7.6,0,7.6,0,7.6,0,7.6,2001,7.6,2001,7.6,2001,7.6,2001
7.61,0,7.61,0,7.61,0,7.61,0,7.61,2006,7.61,2017,7.61,2028,7.61,2042,7.61,0,7.61,0,7.61,0,7.61,0,7.61,2001,7.61,2001,7.61,2001,7.61,2001
7.62,0,7.62,0,7.62,0,7.62,0,7.62,1958,7.62,2054,7.62,2042,7.62,1986,7.62,0,7.62,0,7.62,0,7.62,0,7.62,2001,7.62,2001,7.62,2001,7.62,2001
7.63,0,7.63,0,7.63,0,7.63,0,7.63,2108,7.63,1983,7.63,1996,7.63,2033,7.63,0,7.63,0,7.63,0,7.63,0,7.63,2001,7.63,2001,7.63,2001,7.63,2001
7.64,0,7.64,0,7.64,0,7.64,0,7.64,1990,7.64,1996,7.64,1992,7.64,2058,7.64,0,7.64,0,7.64,0,7.64,0,7.64,2001,7.64,2001,7.64,2001,7.64,2001
7.65,0,7.65,0,7.65,0,7.65,0,7.65,1985,7.65,1980,7.65,1960,7.65,2069,7.65,0,7.65,0,7.65,0,7.65,0,7.65,2001,7.65,2001,7.65,2001,7.65,2001
7.66,0,7.66,0,7.66,0,7.66,0,7.66,1989,7.66,1968,7.66,1963,7.66,1999,7.66,0,7.66,0,7.66,0,7.66,0,7.66,2001,7.66,2001,7.66,2001,7.66,2001
7.67,0,7.67,0,7.67,0,7.67,0,7.67,1997,7.67,1988,7.67,2100,7.67,2005,7.67,0,7.67,0,7.67,0,7.67,0,7.67,2001,7.67,2001,7.67,2001,7.67,2001
7.68,0,7.68,0,7.68,0,7.68,0,7.68,1993,7.68,2003,7.68,1988,7.68,1995,7.68,0,7.68,0,7.68,0,7.68,0,7.68,2001,7.68,2001,7.68,2001,7.68,2001
7.69,0,7.69,0,7.69,0,7.69,0,7.69,2011,7.69,1984,7.69,1981,7.69,2021,7.69,0,7.69,0,7.69,0,7.69,0,7.69,2001,7.69,2001,7.69,2001,7.69,2001
7.7,0,7.7,0,7.7,0,7.7,0,7.7,2045,7.7,2000,7.7,1978,7.7,2091,7.7,0,7.7,0,7.7,0,7.7,0,7.7,2001,7.7,2001,7.7,2001,7.7,2001
7.71,0,7.71,0,7.71,0,7.71,0,7.71,2020,7.71,1988,7.71,2020,7.71,1981,7.71,0,7.71,0,7.71,0,7.71,0,7.71,2001,7.71,2001,7.71,2001,7.71,2001
7.72,0,7.72,0,7.72,0,7.72,0,7.72,1970,7.72,2020,7.72,1951,7.72,1921,7.72,0,7.72,0,7.72,0,7.72,0,7.72,2001,7.72,2001,7.72,2001,7.72,2001
7.73,0,7.73,0,7.73,0,7.73,0,7.73,2002,7.73,1997,7.73,2008,7.73,2001,7.73,0,7.73,0,7.73,0,7.73,0,7.73,2001,7.73,2001,7.73,2001,7.73,2001
7.74,0,7.74,0,7.74,0,7.74,0,7.74,2009,7.74,1967,7.74,2004,7.74,1981,7.74,0,7.74,0,7.74,0,7.74,0,7.74,2001,7.74,2001,7.74,2001,7.74,2001
7.75,0,7.75,0,7.75,0,7.75,0,7.75,1951,7.75,1970,7.75,2037,7.75,2006,7.75,0,7.75,0,7.75,0,7.75,0,7.75,2001,7.75,2001,7.75,2001,7.75,2001
7.76,0,7.76,0,7.76,0,7.76,0,7.76,1998,7.76,1987,7.76,2017,7.76,1996,7.76,0,7.76,0,7.76,0,7.76,0,7.76,2001,7.76,2001,7.76,2001,7.76,2001
7.77,0,7.77,0,7.77,0,7.77,0,7.77,2081,7.77,1975,7.77,2012,7.77,1989,7.77,0,7.77,0,7.77,0,7.77,0,7.77,2001,7.77,2001,7.77,2001,7.77,2001
7.78,0,7.78,0,7.78,0,7.78,0,7.78,1968,7.78,1987,7.78,1978,7.78,1994,7.78,0,7.78,0,7.78,0,7.78,0,7.78,2001,7.78,2001,7.78,2001,7.78,2001
7.79,0,7.79,0,7.79,0,7.79,0,7.79,2001,7.79,2003,7.79,2101,7.79,2009,7.79,0,7.79,0,7.79,0,7.79,0,7.79,2001,7.79,2001,7.79,2001,7.79,2001
7.8,0,7.8,0,7.8,0,7.8,0,7.8,2004,7.8,1982,7.8,2001,7.8,1980,7.8,0,7.8,0,7.8,0,7.8,0,7.8,2001,7.8,2001,7.8,2001,7.8,2001
7.81,0,7.81,0,7.81,0,7.81,0,7.81,1969,7.81,1975,7.81,1979,7.81,2010,7.81,0,7.81,0,7.81,0,7.81,0,7.81,2001,7.81,2001,7.81,2001,7.81,2001
7.82,0,7.82,0,7.82,0,7.82,0,7.82,2020,7.82,1974,7.82,2052,7.82,2020,7.82,0,7.82,0,7.82,0,7.82,0,7.82,2001,7.82,2001,7.82,2001,7.82,2001
7.83,0,7.83,0,7.83,0,7.83,0,7.83,1996,7.83,1984,7.83,1974,7.83,2030,7.83,0,7.83,0,7.83,0,7.83,0,7.83,2001,7.83,2001,7.83,2001,7.83,2001
7.84,0,7.84,0,7.84,0,7.84,0,7.84,1988,7.84,1965,7.84,1993,7.84,1983,7.84,0,7.84,0,7.84,0,7.84,0,7.84,2001,7.84,2001,7.84,2001,7.84,2001
7.85,0,7.85,0,7.85,0,7.85,0,7.85,2012,7.85,2007,7.85,1971,7.85,2001,7.85,0,7.85,0,7.85,0,7.85,0,7.85,2001,7.85,2001,7.85,2001,7.85,2001
7.86,0,7.86,0,7.86,0,7.86,0,7.86,2082,7.86,2017,7.86,2010,7.86,1992,7.86,0,7.86,0,7.86,0,7.86,0,7.86,2001,7.86,2001,7.86,2001,7.86,2001
7.87,0,7.87,0,7.87,0,7.87,0,7.87,1971,7.87,1996,7.87,1949,7.87,1972,7.87,0,7.87,0,7.87,0,7.87,0,7.87,2001,7.87,2001,7.87,2001,7.87,2001
7.88,0,7.88,0,7.88,0,7.88,0,7.88,1979,7.88,1989,7.88,2000,7.88,1983,7.88,0,7.88,0,7.88,0,7.88,0,7.88,2001,7.88,2001,7.88,2001,7.88,2001
7.89,0,7.89,0,7.89,0,7.89,0,7.89,2001,7.89,2006,7.89,2004,7.89,1987,7.89,0,7.89,0,7.89,0,7.89,0,7.89,2001,7.89,2001,7.89,2001,7.89,2001
7.9,0,7.9,0,7.9,0,7.9,0,7.9,1986,7.9,1940,7.9,2008,7.9,1978,7.9,0,7.9,0,7.9,0,7.9,0,7.9,2001,7.9,2001,7.9,2001,7.9,2001
7.91,0,7.91,0,7.91,0,7.91,0,7.91,1982,7.91,1965,7.91,1978,7.91,1989,7.91,0,7.91,0,7.91,0,7.91,0,7.91,2001,7.91,2001,7.91,2001,7.91,2001
7.92,0,7.92,0,7.92,0,7.92,0,7.92,2004,7.92,1995,7.92,2009,7.92,2010,7.92,0,7.92,0,7.92,0,7.92,0,7.92,2001,7.92,2001,7.92,2001,7.92,2001
7.93,0,7.93,0,7.93,0,7.93,0,7.93,2105,7.93,1999,7.93,2004,7.93,1982,7.93,0,7.93,0,7.93,0,7.93,0,7.93,2001,7.93,2001,7.93,2001,7.93,2001
7.94,0,7.94,0,7.94,0,7.94,0,7.94,1985,7.94,1988,7.94,1965,7.94,1967,7.94,0,7.94,0,7.94,0,7.94,0,7.94,2001,7.94,2001,7.94,2001,7.94,2001
7.95,0,7.95,0,7.95,0,7.95,0,7.95,2006,7.95,2031,7.95,2089,7.95,2092,7.95,0,7.95,0,7.95,0,7.95,0,7.95,2001,7.95,2001,7.95,2001,7.95,2001
7.96,0,7.96,0,7.96,0,7.96,0,7.96,2029,7.96,1982,7.96,1917,7.96,1966,7.96,0,7.96,0,7.96,0,7.96,0,7.96,2001,7.96,2001,7.96,2001,7.96,2001
7.97,0,7.97,0,7.97,0,7.97,0,7.97,1974,7.97,1943,7.97,2102,7.97,1984,7.97,0,7.97,0,7.97,0,7.97,0,7.97,2001,7.97,2001,7.97,2001,7.97,2001
7.98,0,7.98,0,7.98,0,7.98,0,7.98,2009,7.98,2014,7.98,1941,7.98,2019,7.98,0,7.98,0,7.98,0,7.98,0,7.98,2001,7.98,2001,7.98,2001,7.98,2001
7.99,0,7.99,0,7.99,0,7.99,0,7.99,2006,7.99,1993,7.99,2079,7.99,1977,7.99,0,7.99,0,7.99,0,7.99,0,7.99,2001,7.99,2001,7.99,2001,7.99,2001
8,0,8,0,8,0,8,0,8,2045,8,2032,8,1971,8,2015,8,0,8,0,8,0,8,0,8,2001,8,2001,8,2001,8,2001
8.01,0,8.01,0,8.01,0,8.01,0,8.01,2019,8.01,2011,8.01,1925,8.01,1937,8.01,0,8.01,0,8.01,0,8.01,0,8.01,2001,8.01,2001,8.01,2001,8.01,2001
8.02,0,8.02,0,8.02,0,8.02,0,8.02,1989,8.02,1987,8.02,2111,8.02,1988,8.02,0,8.02,0,8.02,0,8.02,0,8.02,2001,8.02,2001,8.02,2001,8.02,2001
8.03,0,8.03,0,8.03,0,8.03,0,8.03,2041,8.03,1992,8.03,1970,8.03,2018,8.03,0,8.03,0,8.03,0,8.03,0,8.03,2001,8.03,2001,8.03,2001,8.03,2001
8.04,0,8.04,0,8.04,0,8.04,0,8.04,1991,8.04,1966,8.04,2095,8.04,2010,8.04,0,8.04,0,8.04,0,8.04,0,8.04,2001,8.04,2001,8.04,2001,8.04,2001
8.05,0,8.05,0,8.05,0,8.05,0,8.05,2022,8.05,1992,8.05,1982,8.05,1988,8.05,0,8.05,0,8.05,0,8.05,0,8.05,2001,8.05,2001,8.05,2001,8.05,2001
8.06,0,8.06,0,8.06,0,8.06,0,8.06,1995,8.06,2005,8.06,1969,8.06,2010,8.06,0,8.06,0,8.06,0,8.06,0,8.06,2001,8.06,2001,8.06,2001,8.06,2001
8.07,0,8.07,0,8.07,0,8.07,0,8.07,2063,8.07,2024,8.07,1956,8.07,2058,8.07,0,8.07,0,8.07,0,8.07,0,8.07,2001,8.07,2001,8.07,2001,8.07,2001
8.08,0,8.08,0,8.08,0,8.08,0,8.08,1999,8.08,2002,8.08,1997,8.08,2003,8.08,0,8.08,0,8.08,0,8.08,0,8.08,2001,8.08,2001,8.08,2001,8.08,2001
8.09,0,8.09,0,8.09,0,8.09,0,8.09,1992,8.09,2070,8.09,1989,8.09,2008,8.09,0,8.09,0,8.09,0,8.09,0,8.09,2001,8.09,2001,8.09,2001,8.09,2001
8.1,0,8.1,0,8.1,0,8.1,0,8.1,2020,8.1,1968,8.1,2000,8.1,2005,8.1,0,8.1,0,8.1,0,8.1,0,8.1,2001,8.1,2001,8.1,2001,8.1,2001
8.11,0,8.11,0,8.11,0,8.11,0,8.11,1977,8.11,1942,8.11,1960,8.11,2016,8.11,0,8.11,0,8.11,0,8.11,0,8.11,2001,8.11,2001,8.11,2001,8.11,2001
8.12,0,8.12,0,8.12,0,8.12,0,8.12,1944,8.12,1995,8.12,1989,8.12,1990,8.12,0,8.12,0,8.12,0,8.12,0,8.12,2001,8.12,2001,8.12,2001,8.12,2001
8.13,0,8.13,0,8.13,0,8.13,0,8.13,2004,8.13,2001,8.13,1968,8.13,2010,8.13,0,8.13,0,8.13,0,8.13,0,8.13,2001,8.13,2001,8.13,2001,8.13,2001
8.14,0,8.14,0,8.14,0,8.14,0,8.14,1996,8.14,2063,8.14,2032,8.14,1967,8.14,0,8.14,0,8.14,0,8.14,0,8.14,2001,8.14,2001,8.14,2001,8.14,2001
8.15,0,8.15,0,8.15,0,8.15,0,8.15,2033,8.15,1990,8.15,2006,8.15,2066,8.15,0,8.15,0,8.15,0,8.15,0,8.15,2001,8.15,2001,8.15,2001,8.15,2001
8.16,0,8.16,0,8.16,0,8.16,0,8.16,2002,8.16,2004,8.16,2011,8.16,2001,8.16,0,8.16,0,8.16,0,8.16,0,8.16,2001,8.16,2001,8.16,2001,8.16,2001
8.17,0,8.17,0,8.17,0,8.17,0,8.17,2006,8.17,2010,8.17,1951,8.17,1982,8.17,0,8.17,0,8.17,0,8.17,0,8.17,2001,8.17,2001,8.17,2001,8.17,2001
8.18,0,8.18,0,8.18,0,8.18,0,8.18,2008,8.18,2052,8.18,1972,8.18,2023,8.18,0,8.18,0,8.18,0,8.18,0,8.18,2001,8.18,2001,8.18,2001,8.18,2001
8.19,0,8.19,0,8.19,0,8.19,0,8.19,1985,8.19,1991,8.19,2014,8.19,2001,8.19,0,8.19,0,8.19,0,8.19,0,8.19,2001,8.19,2001,8.19,2001,8.19,2001
8.2,0,8.2,0,8.2,0,8.2,0,8.2,1990,8.2,1982,8.2,1956,8.2,2005,8.2,0,8.2,0,8.2,0,8.2,0,8.2,2001,8.2,2001,8.2,2001,8.2,2001
8.21,0,8.21,0,8.21,0,8.21,0,8.21,2037,8.21,2077,8.21,1974,8.21,2041,8.21,0,8.21,0,8.21,0,8.21,0,8.21,2001,8.21,2001,8.21,2001,8.21,2001
8.22,0,8.22,0,8.22,0,8.22,0,8.22,2012,8.22,2073,8.22,1981,8.22,2005,8.22,0,8.22,0,8.22,0,8.22,0,8.22,2001,8.22,2001,8.22,2001,8.22,2001
8.23,0,8.23,0,8.23,0,8.23,0,8.23,1992,8.23,1966,8.23,2012,8.23,1992,8.23,0,8.23,0,8.23,0,8.23,0,8.23,2001,8.23,2001,8.23,2001,8.23,2001
8.24,0,8.24,0,8.24,0,8.24,0,8.24,1981,8.24,2093,8.24,1997,8.24,1977,8.24,0,8.24,0,8.24,0,8.24,0,8.24,2001,8.24,2001,8.24,2001,8.24,2001
8.25,0,8.25,0,8.25,0,8.25,0,8.25,1987,8.25,2085,8.25,1990,8.25,2008,8.25,0,8.25,0,8.25,0,8.25,0,8.25,2001,8.25,2001,8.25,2001,8.25,2001
8.26,0,8.26,0,8.26,0,8.26,0,8.26,1985,8.26,2006,8.26,2002,8.26,1970,8.26,0,8.26,0,8.26,0,8.26,0,8.26,2001,8.26,2001,8.26,2001,8.26,2001
8.27,0,8.27,0,8.27,0,8.27,0,8.27,2272,8.27,1930,8.27,2013,8.27,2030,8.27,0,8.27,0,8.27,0,8.27,0,8.27,2001,8.27,2001,8.27,2001,8.27,2001
8.28,0,8.28,0,8.28,0,8.28,0,8.28,1955,8.28,1998,8.28,1982,8.28,2008,8.28,0,8.28,0,8.28,0,8.28,0,8.28,2001,8.28,2001,8.28,2001,8.28,2001
8.29,0,8.29,0,8.29,0,8.29,0,8.29,1952,8.29,2006,8.29,1998,8.29,1993,8.29,0,8.29,0,8.29,0,8.29,0,8.29,2001,8.29,2001,8.29,2001,8.29,2001
8.3,0,8.3,0,8.3,0,8.3,0,8.3,2077,8.3,1990,8.3,1988,8.3,1991,8.3,0,8.3,0,8.3,0,8.3,0,8.3,2001,8.3,2001,8.3,2001,8.3,2001
8.31,0,8.31,0,8.31,0,8.31,0,8.31,1988,8.31,1993,8.31,1940,8.31,1953,8.31,0,8.31,0,8.31,0,8.31,0,8.31,2001,8.31,2001,8.31,2001,8.31,2001
8.32,0,8.32,0,8.32,0,8.32,0,8.32,1984,8.32,2018,8.32,2018,8.32,1985,8.32,0,8.32,0,8.32,0,8.32,0,8.32,2001,8.32,2001,8.32,2001,8.32,2001
8.33,0,8.33,0,8.33,0,8.33,0,8.33,1998,8.33,1972,8.33,2071,8.33,2010,8.33,0,8.33,0,8.33,0,8.33,0,8.33,2001,8.33,2001,8.33,2001,8.33,2001
8.34,0,8.34,0,8.34,0,8.34,0,8.34,1993,8.34,2002,8.34,1994,8.34,2001,8.34,0,8.34,0,8.34,0,8.34,0,8.34,2001,8.34,2001,8.34,2001,8.34,2001
8.35,0,8.35,0,8.35,0,8.35,0,8.35,1983,8.35,1965,8.35,2079,8.35,1976,8.35,0,8.35,0,8.35,0,8.35,0,8.35,2001,8.35,2001,8.35,2001,8.35,2001
8.36,0,8.36,0,8.36,0,8.36,0,8.36,2039,8.36,1941,8.36,1997,8.36,2013,8.36,0,8.36,0,8.36,0,8.36,0,8.36,2001,8.36,2001,8.36,2001,8.36,2001
8.37,0,8.37,0,8.37,0,8.37,0,8.37,1990,8.37,2117,8.37,1996,8.37,2048,8.37,0,8.37,0,8.37,0,8.37,0,8.37,2001,8.37,2001,8.37,2001,8.37,2001
8.38,0,8.38,0,8.38,0,8.38,0,8.38,2067,8.38,2013,8.38,2002,8.38,1976,8.38,0,8.38,0,8.38,0,8.38,0,8.38,2001,8.38,2001,8.38,2001,8.38,2001
8.39,0,8.39,0,8.39,0,8.39,0,8.39,1990,8.39,1966,8.39,1981,8.39,2018,8.39,0,8.39,0,8.39,0,8.39,0,8.39,2001,8.39,2001,8.39,2001,8.39,2001
8.4,0,8.4,0,8.4,0,8.4,0,8.4,2000,8.4,1964,8.4,2058,8.4,1872,8.4,0,8.4,0,8.4,0,8.4,0,8.4,2001,8.4,2001,8.4,2001,8.4,2001
8.41,0,8.41,0,8.41,0,8.41,0,8.41,1999,8.41,1992,8.41,1986,8.41,1969,8.41,0,8.41,0,8.41,0,8.41,0,8.41,2001,8.41,2001,8.41,2001,8.41,2001
8.42,0,8.42,0,8.42,0,8.42,0,8.42,2004,8.42,1985,8.42,1982,8.42,1970,8.42,0,8.42,0,8.42,0,8.42,0,8.42,2001,8.42,2001,8.42,2001,8.42,2001
8.43,0,8.43,0,8.43,0,8.43,0,8.43,1977,8.43,1993,8.43,1972,8.43,2012,8.43,0,8.43,0,8.43,0,8.43,0,8.43,2001,8.43,2001,8.43,2001,8.43,2001
8.44,0,8.44,0,8.44,0,8.44,0,8.44,1982,8.44,2011,8.44,2008,8.44,2010,8.44,0,8.44,0,8.44,0,8.44,0,8.44,2001,8.44,2001,8.44,2001,8.44,2001
8.45,0,8.45,0,8.45,0,8.45,0,8.45,1971,8.45,1980,8.45,2008,8.45,1988,8.45,0,8.45,0,8.45,0,8.45,0,8.45,2001,8.45,2001,8.45,2001,8.45,2001
8.46,0,8.46,0,8.46,0,8.46,0,8.46,2000,8.46,2011,8.46,1982,8.46,2011,8.46,0,8.46,0,8.46,0,8.46,0,8.46,2001,8.46,2001,8.46,2001,8.46,2001
8.47,0,8.47,0,8.47,0,8.47,0,8.47,1984,8.47,1948,8.47,2071,8.47,1994,8.47,0,8.47,0,8.47,0,8.47,0,8.47,2001,8.47,2001,8.47,2001,8.47,2001
8.48,0,8.48,0,8.48,0,8.48,0,8.48,1995,8.48,1986,8.48,2046,8.48,1994,8.48,0,8.48,0,8.48,0,8.48,0,8.48,2001,8.48,2001,8.48,2001,8.48,2001
8.49,0,8.49,0,8.49,0,8.49,0,8.49,2003,8.49,1998,8.49,1999,8.49,1990,8.49,0,8.49,0,8.49,0,8.49,0,8.49,2001,8.49,2001,8.49,2001,8.49,2001
8.5,0,8.5,0,8.5,0,8.5,0,8.5,2084,8.5,2046,8.5,2038,8.5,2095,8.5,0,8.5,0,8.5,0,8.5,0,8.5,2001,8.5,2001,8.5,2001,8.5,2001
8.51,0,8.51,0,8.51,0,8.51,0,8.51,2016,8.51,2020,8.51,1995,8.51,1946,8.51,0,8.51,0,8.51,0,8.51,0,8.51,2001,8.51,2001,8.51,2001,8.51,2001
8.52,0,8.52,0,8.52,0,8.52,0,8.52,2013,8.52,1977,8.52,2105,8.52,2006,8.52,0,8.52,0,8.52,0,8.52,0,8.52,2001,8.52,2001,8.52,2001,8.52,2001
8.53,0,8.53,0,8.53,0,8.53,0,8.53,1985,8.53,2010,8.53,1987,8.53,1990,8.53,0,8.53,0,8.53,0,8.53,0,8.53,2001,8.53,2001,8.53,2001,8.53,2001
8.54,0,8.54,0,8.54,0,8.54,0,8.54,1990,8.54,2008,8.54,1998,8.54,2059,8.54,0,8.54,0,8.54,0,8.54,0,8.54,2001,8.54,2001,8.54,2001,8.54,2001
8.55,0,8.55,0,8.55,0,8.55,0,8.55,2006,8.55,1998,8.55,1974,8.55,2001,8.55,0,8.55,0,8.55,0,8.55,0,8.55,2001,8.55,2001,8.55,2001,8.55,2001
8.56,0,8.56,0,8.56,0,8.56,0,8.56,1989,8.56,2006,8.56,1992,8.56,1979,8.56,0,8.56,0,8.56,0,8.56,0,8.56,2001,8.56,2001,8.56,2001,8.56,2001
8.57,0,8.57,0,8.57,0,8.57,0,8.57,2000,8.57,1968,8.57,1976,8.57,1990,8.57,0,8.57,0,8.57,0,8.57,0,8.57,2001,8.57,2001,8.57,2001,8.57,2001
8.58,0,8.58,0,8.58,0,8.58,0,8.58,2011,8.58,2008,8.58,1971,8.58,2002,8.58,0,8.58,0,8.58,0,8.58,0,8.58,2001,8.58,2001,8.58,2001,8.58,2001
8.59,0,8.59,0,8.59,0,8.59,0,8.59,1992,8.59,1970,8.59,1986,8.59,1998,8.59,0,8.59,0,8.59,0,8.59,0,8.59,2001,8.59,2001,8.59,2001,8.59,2001
8.6,0,8.6,0,8.6,0,8.6,0,8.6,1987,8.6,1986,8.6,1977,8.6,1994,8.6,0,8.6,0,8.6,0,8.6,0,8.6,2001,8.6,2001,8.6,2001,8.6,2001
8.61,0,8.61,0,8.61,0,8.61,0,8.61,2016,8.61,2117,8.61,1959,8.61,1941,8.61,0,8.61,0,8.61,0,8.61,0,8.61,2001,8.61,2001,8.61,2001,8.61,2001
8.62,0,8.62,0,8.62,0,8.62,0,8.62,2025,8.62,1989,8.62,2005,8.62,1983,8.62,0,8.62,0,8.62,0,8.62,0,8.62,2001,8.62,2001,8.62,2001,8.62,2001
8.63,0,8.63,0,8.63,0,8.63,0,8.63,1981,8.63,1984,8.63,2216,8.63,1979,8.63,0,8.63,0,8.63,0,8.63,0,8.63,2001,8.63,2001,8.63,2001,8.63,2001
8.64,0,8.64,0,8.64,0,8.64,0,8.64,1988,8.64,1985,8.64,1987,8.64,1976,8.64,0,8.64,0,8.64,0,8.64,0,8.64,2001,8.64,2001,8.64,2001,8.64,2001
8.65,0,8.65,0,8.65,0,8.65,0,8.65,1992,8.65,1999,8.65,1995,8.65,1928,8.65,0,8.65,0,8.65,0,8.65,0,8.65,2001,8.65,2001,8.65,2001,8.65,2001
8.66,0,8.66,0,8.66,0,8.66,0,8.66,1979,8.66,1958,8.66,2007,8.66,1978,8.66,0,8.66,0,8.66,0,8.66,0,8.66,2001,8.66,2001,8.66,2001,8.66,2001
8.67,0,8.67,0,8.67,0,8.67,0,8.67,2094,8.67,2014,8.67,1980,8.67,2017,8.67,0,8.67,0,8.67,0,8.67,0,8.67,2001,8.67,2001,8.67,2001,8.67,2001
8.68,0,8.68,0,8.68,0,8.68,0,8.68,1936,8.68,1951,8.68,2001,8.68,1997,8.68,0,8.68,0,8.68,0,8.68,0,8.68,2001,8.68,2001,8.68,2001,8.68,2001
8.69,0,8.69,0,8.69,0,8.69,0,8.69,1986,8.69,1987,8.69,1934,8.69,1956,8.69,0,8.69,0,8.69,0,8.69,0,8.69,2001,8.69,2001,8.69,2001,8.69,2001
8.7,0,8.7,0,8.7,0,8.7,0,8.7,1998,8.7,2081,8.7,1992,8.7,1993,8.7,0,8.7,0,8.7,0,8.7,0,8.7,2001,8.7,2001,8.7,2001,8.7,2001
8.71,0,8.71,0,8.71,0,8.71,0,8.71,1993,8.71,2024,8.71,1986,8.71,2000,8.71,0,8.71,0,8.71,0,8.71,0,8.71,2001,8.71,2001,8.71,2001,8.71,2001
8.72,0,8.72,0,8.72,0,8.72,0,8.72,1999,8.72,2005,8.72,1978,8.72,1991,8.72,0,8.72,0,8.72,0,8.72,0,8.72,2001,8.72,2001,8.72,2001,8.72,2001
8.73,0,8.73,0,8.73,0,8.73,0,8.73,2025,8.73,1970,8.73,1991,8.73,2066,8.73,0,8.73,0,8.73,0,8.73,0,8.73,2001,8.73,2001,8.73,2001,8.73,2001
8.74,0,8.74,0,8.74,0,8.74,0,8.74,1993,8.74,1971,8.74,1988,8.74,1971,8.74,0,8.74,0,8.74,0,8.74,0,8.74,2001,8.74,2001,8.74,2001,8.74,2001
8.75,0,8.75,0,8.75,0,8.75,0,8.75,1989,8.75,1998,8.75,2002,8.75,1997,8.75,0,8.75,0,8.75,0,8.75,0,8.75,2001,8.75,2001,8.75,2001,8.75,2001
8.76,0,8.76,0,8.76,0,8.76,0,8.76,2044,8.76,2010,8.76,1992,8.76,2004,8.76,0,8.76,0,8.76,0,8.76,0,8.76,2001,8.76,2001,8.76,2001,8.76,2001
8.77,0,8.77,0,8.77,0,8.77,0,8.77,1991,8.77,1994,8.77,2011,8.77,1986,8.77,0,8.77,0,8.77,0,8.77,0,8.77,2001,8.77,2001,8.77,2001,8.77,2001
8.78,0,8.78,0,8.78,0,8.78,0,8.78,2046,8.78,1998,8.78,2025,8.78,1986,8.78,0,8.78,0,8.78,0,8.78,0,8.78,2001,8.78,2001,8.78,2001,8.78,2001
8.79,0,8.79,0,8.79,0,8.79,0,8.79,1985,8.79,1985,8.79,1978,8.79,2013,8.79,0,8.79,0,8.79,0,8.79,0,8.79,2001,8.79,2001,8.79,2001,8.79,2001
8.8,0,8.8,0,8.8,0,8.8,0,8.8,2036,8.8,1980,8.8,1989,8.8,1999,8.8,0,8.8,0,8.8,0,8.8,0,8.8,2001,8.8,2001,8.8,2001,8.8,2001
8.81,0,8.81,0,8.81,0,8.81,0,8.81,1960,8.81,2013,8.81,2119,8.81,1964,8.81,0,8.81,0,8.81,0,8.81,0,8.81,2001,8.81,2001,8.81,2001,8.81,2001
8.82,0,8.82,0,8.82,0,8.82,0,8.82,1990,8.82,2027,8.82,1922,8.82,1993,8.82,0,8.82,0,8.82,0,8.82,0,8.82,2001,8.82,2001,8.82,2001,8.82,2001
8.83,0,8.83,0,8.83,0,8.83,0,8.83,2115,8.83,2018,8.83,1996,8.83,2003,8.83,0,8.83,0,8.83,0,8.83,0,8.83,2001,8.83,2001,8.83,2001,8.83,2001
8.84,0,8.84,0,8.84,0,8.84,0,8.84,1983,8.84,2013,8.84,2007,8.84,2101,8.84,0,8.84,0,8.84,0,8.84,0,8.84,2001,8.84,2001,8.84,2001,8.84,2001
8.85,0,8.85,0,8.85,0,8.85,0,8.85,2014,8.85,1956,8.85,2038,8.85,2089,8.85,0,8.85,0,8.85,0,8.85,0,8.85,2001,8.85,2001,8.85,2001,8.85,2001
8.86,0,8.86,0,8.86,0,8.86,0,8.86,2006,8.86,2056,8.86,1982,8.86,1900,8.86,0,8.86,0,8.86,0,8.86,0,8.86,2001,8.86,2001,8.86,2001,8.86,2001
8.87,0,8.87,0,8.87,0,8.87,0,8.87,1997,8.87,1955,8.87,2015,8.87,1972,8.87,0,8.87,0,8.87,0,8.87,0,8.87,2001,8.87,2001,8.87,2001,8.87,2001
8.88,0,8.88,0,8.88,0,8.88,0,8.88,2029,8.88,1974,8.88,2077,8.88,2017,8.88,0,8.88,0,8.88,0,8.88,0,8.88,2001,8.88,2001,8.88,2001,8.88,2001
8.89,0,8.89,0,8.89,0,8.89,0,8.89,1996,8.89,2019,8.89,1977,8.89,1982,8.89,0,8.89,0,8.89,0,8.89,0,8.89,2001,8.89,2001,8.89,2001,8.89,2001
8.9,0,8.9,0,8.9,0,8.9,0,8.9,2007,8.9,2008,8.9,2111,8.9,2019,8.9,0,8.9,0,8.9,0,8.9,0,8.9,2001,8.9,2001,8.9,2001,8.9,2001
8.91,0,8.91,0,8.91,0,8.91,0,8.91,2021,8.91,2008,8.91,2015,8.91,2006,8.91,0,8.91,0,8.91,0,8.91,0,8.91,2001,8.91,2001,8.91,2001,8.91,2001
8.92,0,8.92,0,8.92,0,8.92,0,8.92,1983,8.92,1966,8.92,1980,8.92,2007,8.92,0,8.92,0,8.92,0,8.92,0,8.92,2001,8.92,2001,8.92,2001,8.92,2001
8.93,0,8.93,0,8.93,0,8.93,0,8.93,1941,8.93,1966,8.93,1997,8.93,1973,8.93,0,8.93,0,8.93,0,8.93,0,8.93,2001,8.93,2001,8.93,2001,8.93,2001
8.94,0,8.94,0,8.94,0,8.94,0,8.94,1998,8.94,1974,8.94,2025,8.94,2061,8.94,0,8.94,0,8.94,0,8.94,0,8.94,2001,8.94,2001,8.94,2001,8.94,2001
8.95,0,8.95,0,8.95,0,8.95,0,8.95,1936,8.95,2009,8.95,2022,8.95,1989,8.95,0,8.95,0,8.95,0,8.95,0,8.95,2001,8.95,2001,8.95,2001,8.95,2001
8.96,0,8.96,0,8.96,0,8.96,0,8.96,1986,8.96,1994,8.96,2004,8.96,1986,8.96,0,8.96,0,8.96,0,8.96,0,8.96,2001,8.96,2001,8.96,2001,8.96,2001
8.97,0,8.97,0,8.97,0,8.97,0,8.97,2007,8.97,1989,8.97,1990,8.97,2020,8.97,0,8.97,0,8.97,0,8.97,0,8.97,2001,8.97,2001,8.97,2001,8.97,2001
8.98,0,8.98,0,8.98,0,8.98,0,8.98,2014,8.98,2002,8.98,1980,8.98,2022,8.98,0,8.98,0,8.98,0,8.98,0,8.98,2001,8.98,2001,8.98,2001,8.98,2001
8.99,0,8.99,0,8.99,0,8.99,0,8.99,1988,8.99,1994,8.99,1981,8.99,2004,8.99,0,8.99,0,8.99,0,8.99,0,8.99,2001,8.99,2001,8.99,2001,8.99,2001
9,0,9,0,9,0,9,0,9,2021,9,1989,9,1948,9,2014,9,0,9,0,9,0,9,0,9,2001,9,2001,9,2001,9,2001
9.01,0,9.01,0,9.01,0,9.01,0,9.01,1983,9.01,1990,9.01,2263,9.01,2002,9.01,0,9.01,0,9.01,0,9.01,0,9.01,2001,9.01,2001,9.01,2001,9.01,2001
9.02,0,9.02,0,9.02,0,9.02,0,9.02,1981,9.02,1989,9.02,1979,9.02,1988,9.02,0,9.02,0,9.02,0,9.02,0,9.02,2001,9.02,2001,9.02,2001,9.02,2001
9.03,0,9.03,0,9.03,0,9.03,0,9.03,2118,9.03,1996,9.03,2007,9.03,1999,9.03,0,9.03,0,9.03,0,9.03,0,9.03,2001,9.03,2001,9.03,2001,9.03,2001
9.04,0,9.04,0,9.04,0,9.04,0,9.04,2007,9.04,2005,9.04,1946,9.04,2014,9.04,0,9.04,0,9.04,0,9.04,0,9.04,2001,9.04,2001,9.04,2001,9.04,2001
9.05,0,9.05,0,9.05,0,9.05,0,9.05,2020,9.05,1959,9.05,2013,9.05,1986,9.05,0,9.05,0,9.05,0,9.05,0,9.05,2001,9.05,2001,9.05,2001,9.05,2001
9.06,0,9.06,0,9.06,0,9.06,0,9.06,2001,9.06,2119,9.06,2016,9.06,2002,9.06,0,9.06,0,9.06,0,9.06,0,9.06,2001,9.06,2001,9.06,2001,9.06,2001
9.07,0,9.07,0,9.07,0,9.07,0,9.07,1985,9.07,1972,9.07,1992,9.07,1989,9.07,0,9.07,0,9.07,0,9.07,0,9.07,2001,9.07,2001,9.07,2001,9.07,2001
9.08,0,9.08,0,9.08,0,9.08,0,9.08,1988,9.08,2009,9.08,2018,9.08,2013,9.08,0,9.08,0,9.08,0,9.08,0,9.08,2001,9.08,2001,9.08,2001,9.08,2001
9.09,0,9.09,0,9.09,0,9.09,0,9.09,1994,9.09,1984,9.09,2001,9.09,1996,9.09,0,9.09,0,9.09,0,9.09,0,9.09,2001,9.09,2001,9.09,2001,9.09,2001
9.1,0,9.1,0,9.1,0,9.1,0,9.1,1988,9.1,2146,9.1,1993,9.1,1961,9.1,0,9.1,0,9.1,0,9.1,0,9.1,2001,9.1,2001,9.1,2001,9.1,2001
9.11,0,9.11,0,9.11,0,9.11,0,9.11,1984,9.11,1961,9.11,2040,9.11,1977,9.11,0,9.11,0,9.11,0,9.11,0,9.11,2001,9.11,2001,9.11,2001,9.11,2001
9.12,0,9.12,0,9.12,0,9.12,0,9.12,1992,9.12,1980,9.12,1997,9.12,2008,9.12,0,9.12,0,9.12,0,9.12,0,9.12,2001,9.12,2001,9.12,2001,9.12,2001
9.13,0,9.13,0,9.13,0,9.13,0,9.13,2020,9.13,2002,9.13,1992,9.13,2000,9.13,0,9.13,0,9.13,0,9.13,0,9.13,2001,9.13,2001,9.13,2001,9.13,2001
9.14,0,9.14,0,9.14,0,9.14,0,9.14,1980,9.14,2021,9.14,2041,9.14,2024,9.14,0,9.14,0,9.14,0,9.14,0,9.14,2001,9.14,2001,9.14,2001,9.14,2001
9.15,0,9.15,0,9.15,0,9.15,0,9.15,1995,9.15,1985,9.15,1990,9.15,2011,9.15,0,9.15,0,9.15,0,9.15,0,9.15,2001,9.15,2001,9.15,2001,9.15,2001
9.16,0,9.16,0,9.16,0,9.16,0,9.16,2004,9.16,1989,9.16,1983,9.16,2012,9.16,0,9.16,0,9.16,0,9.16,0,9.16,2001,9.16,2001,9.16,2001,9.16,2001
9.17,0,9.17,0,9.17,0,9.17,0,9.17,1980,9.17,2026,9.17,2053,9.17,2013,9.17,0,9.17,0,9.17,0,9.17,0,9.17,2001,9.17,2001,9.17,2001,9.17,2001
9.18,0,9.18,0,9.18,0,9.18,0,9.18,1980,9.18,2006,9.18,1988,9.18,1980,9.18,0,9.18,0,9.18,0,9.18,0,9.18,2001,9.18,2001,9.18,2001,9.18,2001
9.19,0,9.19,0,9.19,0,9.19,0,9.19,2003,9.19,2002,9.19,1969,9.19,1949,9.19,0,9.19,0,9.19,0,9.19,0,9.19,2001,9.19,2001,9.19,2001,9.19,2001
9.2,0,9.2,0,9.2,0,9.2,0,9.2,1992,9.2,2020,9.2,1999,9.2,2030,9.2,0,9.2,0,9.2,0,9.2,0,9.2,2001,9.2,2001,9.2,2001,9.2,2001
9.21,0,9.21,0,9.21,0,9.21,0,9.21,1999,9.21,1970,9.21,2025,9.21,1982,9.21,0,9.21,0,9.21,0,9.21,0,9.21,2001,9.21,2001,9.21,2001,9.21,2001
9.22,0,9.22,0,9.22,0,9.22,0,9.22,1983,9.22,2118,9.22,1977,9.22,2082,9.22,0,9.22,0,9.22,0,9.22,0,9.22,2001,9.22,2001,9.22,2001,9.22,2001
9.23,0,9.23,0,9.23,0,9.23,0,9.23,1995,9.23,1985,9.23,1944,9.23,1972,9.23,0,9.23,0,9.23,0,9.23,0,9.23,2001,9.23,2001,9.23,2001,9.23,2001
9.24,0,9.24,0,9.24,0,9.24,0,9.24,1906,9.24,1985,9.24,2003,9.24,1994,9.24,0,9.24,0,9.24,0,9.24,0,9.24,2001,9.24,2001,9.24,2001,9.24,2001
9.25,0,9.25,0,9.25,0,9.25,0,9.25,1988,9.25,2008,9.25,1984,9.25,2030,9.25,0,9.25,0,9.25,0,9.25,0,9.25,2001,9.25,2001,9.25,2001,9.25,2001
9.26,0,9.26,0,9.26,0,9.26,0,9.26,2015,9.26,1983,9.26,1934,9.26,1981,9.26,0,9.26,0,9.26,0,9.26,0,9.26,2001,9.26,2001,9.26,2001,9.26,2001
9.27,0,9.27,0,9.27,0,9.27,0,9.27,2000,9.27,1976,9.27,2072,9.27,1994,9.27,0,9.27,0,9.27,0,9.27,0,9.27,2001,9.27,2001,9.27,2001,9.27,2001
9.28,0,9.28,0,9.28,0,9.28,0,9.28,2004,9.28,1986,9.28,1977,9.28,2081,9.28,0,9.28,0,9.28,0,9.28,0,9.28,2001,9.28,2001,9.28,2001,9.28,2001
9.29,0,9.29,0,9.29,0,9.29,0,9.29,1961,9.29,1997,9.29,2013,9.29,1978,9.29,0,9.29,0,9.29,0,9.29,0,9.29,2001,9.29,2001,9.29,2001,9.29,2001
9.3,0,9.3,0,9.3,0,9.3,0,9.3,2029,9.3,1982,9.3,2023,9.3,2011,9.3,0,9.3,0,9.3,0,9.3,0,9.3,2001,9.3,2001,9.3,2001,9.3,2001
9.31,0,9.31,0,9.31,0,9.31,0,9.31,2003,9.31,1995,9.31,1989,9.31,2099,9.31,0,9.31,0,9.31,0,9.31,0,9.31,2001,9.31,2001,9.31,2001,9.31,2001
9.32,0,9.32,0,9.32,0,9.32,0,9.32,1999,9.32,2135,9.32,1976,9.32,1990,9.32,0,9.32,0,9.32,0,9.32,0,9.32,2001,9.32,2001,9.32,2001,9.32,2001
9.33,0,9.33,0,9.33,0,9.33,0,9.33,2017,9.33,2022,9.33,2000,9.33,1990,9.33,0,9.33,0,9.33,0,9.33,0,9.33,2001,9.33,2001,9.33,2001,9.33,2001
9.34,0,9.34,0,9.34,0,9.34,0,9.34,1985,9.34,2028,9.34,1988,9.34,2012,9.34,0,9.34,0,9.34,0,9.34,0,9.34,2001,9.34,2001,9.34,2001,9.34,2001
9.35,0,9.35,0,9.35,0,9.35,0,9.35,1986,9.35,2058,9.35,1975,9.35,2083,9.35,0,9.35,0,9.35,0,9.35,0,9.35,2001,9.35,2001,9.35,2001,9.35,2001
9.36,0,9.36,0,9.36,0,9.36,0,9.36,1994,9.36,1999,9.36,2003,9.36,2094,9.36,0,9.36,0,9.36,0,9.36,0,9.36,2001,9.36,2001,9.36,2001,9.36,2001
9.37,0,9.37,0,9.37,0,9.37,0,9.37,1983,9.37,2056,9.37,2070,9.37,1991,9.37,0,9.37,0,9.37,0,9.37,0,9.37,2001,9.37,2001,9.37,2001,9.37,2001
9.38,0,9.38,0,9.38,0,9.38,0,9.38,1988,9.38,2019,9.38,1980,9.38,1985,9.38,0,9.38,0,9.38,0,9.38,0,9.38,2001,9.38,2001,9.38,2001,9.38,2001
9.39,0,9.39,0,9.39,0,9.39,0,9.39,1998,9.39,1984,9.39,2040,9.39,1988,9.39,0,9.39,0,9.39,0,9.39,0,9.39,2001,9.39,2001,9.39,2001,9.39,2001
9.4,0,9.4,0,9.4,0,9.4,0,9.4,1998,9.4,1979,9.4,1985,9.4,2002,9.4,0,9.4,0,9.4,0,9.4,0,9.4,2001,9.4,2001,9.4,2001,9.4,2001
9.41,0,9.41,0,9.41,0,9.41,0,9.41,1972,9.41,1976,9.41,1966,9.41,1975,9.41,0,9.41,0,9.41,0,9.41,0,9.41,2001,9.41,2001,9.41,2001,9.41,2001
9.42,0,9.42,0,9.42,0,9.42,0,9.42,1990,9.42,2039,9.42,1977,9.42,2008,9.42,0,9.42,0,9.42,0,9.42,0,9.42,2001,9.42,2001,9.42,2001,9.42,2001
9.43,0,9.43,0,9.43,0,9.43,0,9.43,1957,9.43,1996,9.43,1981,9.43,2015,9.43,0,9.43,0,9.43,0,9.43,0,9.43,2001,9.43,2001,9.43,2001,9.43,2001
9.44,0,9.44,0,9.44,0,9.44,0,9.44,1947,9.44,1962,9.44,2020,9.44,1980,9.44,0,9.44,0,9.44,0,9.44,0,9.44,2001,9.44,2001,9.44,2001,9.44,2001
9.45,0,9.45,0,9.45,0,9.45,0,9.45,1986,9.45,2034,9.45,1993,9.45,1998,9.45,0,9.45,0,9.45,0,9.45,0,9.45,2001,9.45,2001,9.45,2001,9.45,2001
9.46,0,9.46,0,9.46,0,9.46,0,9.46,1998,9.46,2019,9.46,1984,9.46,2010,9.46,0,9.46,0,9.46,0,9.46,0,9.46,2001,9.46,2001,9.46,2001,9.46,2001
9.47,0,9.47,0,9.47,0,9.47,0,9.47,2049,9.47,1997,9.47,1987,9.47,2016,9.47,0,9.47,0,9.47,0,9.47,0,9.47,2001,9.47,2001,9.47,2001,9.47,2001
9.48,0,9.48,0,9.48,0,9.48,0,9.48,2028,9.48,2006,9.48,2012,9.48,2052,9.48,0,9.48,0,9.48,0,9.48,0,9.48,2001,9.48,2001,9.48,2001,9.48,2001
9.49,0,9.49,0,9.49,0,9.49,0,9.49,1974,9.49,1985,9.49,2006,9.49,2136,9.49,0,9.49,0,9.49,0,9.49,0,9.49,2001,9.49,2001,9.49,2001,9.49,2001
9.5,0,9.5,0,9.5,0,9.5,0,9.5,2004,9.5,1959,9.5,1995,9.5,1993,9.5,0,9.5,0,9.5,0,9.5,0,9.5,2001,9.5,2001,9.5,2001,9.5,2001
9.51,0,9.51,0,9.51,0,9.51,0,9.51,1995,9.51,1998,9.51,2032,9.51,1960,9.51,0,9.51,0,9.51,0,9.51,0,9.51,2001,9.51,2001,9.51,2001,9.51,2001
9.52,0,9.52,0,9.52,0,9.52,0,9.52,1995,9.52,1996,9.52,1990,9.52,2259,9.52,0,9.52,0,9.52,0,9.52,0,9.52,2001,9.52,2001,9.52,2001,9.52,2001
9.53,0,9.53,0,9.53,0,9.53,0,9.53,1999,9.53,1987,9.53,1992,9.53,1975,9.53,0,9.53,0,9.53,0,9.53,0,9.53,2001,9.53,2001,9.53,2001,9.53,2001
9.54,0,9.54,0,9.54,0,9.54,0,9.54,2023,9.54,1999,9.54,2006,9.54,1965,9.54,0,9.54,0,9.54,0,9.54,0,9.54,2001,9.54,2001,9.54,2001,9.54,2001
9.55,0,9.55,0,9.55,0,9.55,0,9.55,2004,9.55,1988,9.55,1990,9.55,1931,9.55,0,9.55,0,9.55,0,9.55,0,9.55,2001,9.55,2001,9.55,2001,9.55,2001
9.56,0,9.56,0,9.56,0,9.56,0,9.56,1999,9.56,2149,9.56,2306,9.56,2004,9.56,0,9.56,0,9.56,0,9.56,0,9.56,2001,9.56,2001,9.56,2001,9.56,2001
9.57,0,9.57,0,9.57,0,9.57,0,9.57,2006,9.57,2015,9.57,1974,9.57,2090,9.57,0,9.57,0,9.57,0,9.57,0,9.57,2001,9.57,2001,9.57,2001,9.57,2001
9.58,0,9.58,0,9.58,0,9.58,0,9.58,1991,9.58,1989,9.58,2009,9.58,2066,9.58,0,9.58,0,9.58,0,9.58,0,9.58,2001,9.58,2001,9.58,2001,9.58,2001
9.59,0,9.59,0,9.59,0,9.59,0,9.59,2003,9.59,2137,9.59,1959,9.59,1988,9.59,0,9.59,0,9.59,0,9.59,0,9.59,2001,9.59,2001,9.59,2001,9.59,2001
9.6,0,9.6,0,9.6,0,9.6,0,9.6,2000,9.6,2144,9.6,2008,9.6,1979,9.6,0,9.6,0,9.6,0,9.6,0,9.6,2001,9.6,2001,9.6,2001,9.6,2001
9.61,0,9.61,0,9.61,0,9.61,0,9.61,1997,9.61,1976,9.61,1974,9.61,2020,9.61,0,9.61,0,9.61,0,9.61,0,9.61,2001,9.61,2001,9.61,2001,9.61,2001
9.62,0,9.62,0,9.62,0,9.62,0,9.62,2004,9.62,2006,9.62,1946,9.62,2419,9.62,0,9.62,0,9.62,0,9.62,0,9.62,2001,9.62,2001,9.62,2001,9.62,2001
9.63,0,9.63,0,9.63,0,9.63,0,9.63,2048,9.63,2011,9.63,2015,9.63,1989,9.63,0,9.63,0,9.63,0,9.63,0,9.63,2001,9.63,2001,9.63,2001,9.63,2001
9.64,0,9.64,0,9.64,0,9.64,0,9.64,2010,9.64,1958,9.64,1926,9.64,1932,9.64,0,9.64,0,9.64,0,9.64,0,9.64,2001,9.64,2001,9.64,2001,9.64,2001
9.65,0,9.65,0,9.65,0,9.65,0,9.65,1994,9.65,2087,9.65,1984,9.65,1998,9.65,0,9.65,0,9.65,0,9.65,0,9.65,2001,9.65,2001,9.65,2001,9.65,2001
9.66,0,9.66,0,9.66,0,9.66,0,9.66,1998,9.66,1994,9.66,2104,9.66,1978,9.66,0,9.66,0,9.66,0,9.66,0,9.66,2001,9.66,2001,9.66,2001,9.66,2001
9.67,0,9.67,0,9.67,0,9.67,0,9.67,2016,9.67,1996,9.67,2006,9.67,1986,9.67,0,9.67,0,9.67,0,9.67,0,9.67,2001,9.67,2001,9.67,2001,9.67,2001
9.68,0,9.68,0,9.68,0,9.68,0,9.68,1996,9.68,1995,9.68,1982,9.68,2010,9.68,0,9.68,0,9.68,0,9.68,0,9.68,2001,9.68,2001,9.68,2001,9.68,2001
9.69,0,9.69,0,9.69,0,9.69,0,9.69,1978,9.69,2009,9.69,2094,9.69,2080,9.69,0,9.69,0,9.69,0,9.69,0,9.69,2001,9.69,2001,9.69,2001,9.69,2001
9.7,0,9.7,0,9.7,0,9.7,0,9.7,2016,9.7,2010,9.7,2004,9.7,2000,9.7,0,9.7,0,9.7,0,9.7,0,9.7,2001,9.7,2001,9.7,2001,9.7,2001
9.71,0,9.71,0,9.71,0,9.71,0,9.71,2044,9.71,1996,9.71,1960,9.71,1992,9.71,0,9.71,0,9.71,0,9.71,0,9.71,2001,9.71,2001,9.71,2001,9.71,2001
9.72,0,9.72,0,9.72,0,9.72,0,9.72,1987,9.72,1981,9.72,1971,9.72,2006,9.72,0,9.72,0,9.72,0,9.72,0,9.72,2001,9.72,2001,9.72,2001,9.72,2001
9.73,0,9.73,0,9.73,0,9.73,0,9.73,1986,9.73,1936,9.73,2001,9.73,2071,9.73,0,9.73,0,9.73,0,9.73,0,9.73,2001,9.73,2001,9.73,2001,9.73,2001
9.74,0,9.74,0,9.74,0,9.74,0,9.74,2024,9.74,1978,9.74,2013,9.74,2027,9.74,0,9.74,0,9.74,0,9.74,0,9.74,2001,9.74,2001,9.74,2001,9.74,2001
9.75,0,9.75,0,9.75,0,9.75,0,9.75,1983,9.75,2008,9.75,1969,9.75,1994,9.75,0,9.75,0,9.75,0,9.75,0,9.75,2001,9.75,2001,9.75,2001,9.75,2001
9.76,0,9.76,0,9.76,0,9.76,0,9.76,1991,9.76,1956,9.76,1957,9.76,2005,9.76,0,9.76,0,9.76,0,9.76,0,9.76,2001,9.76,2001,9.76,2001,9.76,2001
9.77,0,9.77,0,9.77,0,9.77,0,9.77,2002,9.77,1978,9.77,2002,9.77,2009,9.77,0,9.77,0,9.77,0,9.77,0,9.77,2001,9.77,2001,9.77,2001,9.77,2001
9.78,0,9.78,0,9.78,0,9.78,0,9.78,1981,9.78,1999,9.78,1985,9.78,1996,9.78,0,9.78,0,9.78,0,9.78,0,9.78,2001,9.78,2001,9.78,2001,9.78,2001
9.79,0,9.79,0,9.79,0,9.79,0,9.79,2014,9.79,1986,9.79,2068,9.79,2013,9.79,0,9.79,0,9.79,0,9.79,0,9.79,2001,9.79,2001,9.79,2001,9.79,2001
9.8,0,9.8,0,9.8,0,9.8,0,9.8,2023,9.8,2015,9.8,1984,9.8,2006,9.8,0,9.8,0,9.8,0,9.8,0,9.8,2001,9.8,2001,9.8,2001,9.8,2001
9.81,0,9.81,0,9.81,0,9.81,0,9.81,2003,9.81,1992,9.81,2000,9.81,1994,9.81,0,9.81,0,9.81,0,9.81,0,9.81,2001,9.81,2001,9.81,2001,9.81,2001
9.82,0,9.82,0,9.82,0,9.82,0,9.82,1989,9.82,1978,9.82,1992,9.82,2008,9.82,0,9.82,0,9.82,0,9.82,0,9.82,2001,9.82,2001,9.82,2001,9.82,2001
9.83,0,9.83,0,9.83,0,9.83,0,9.83,2013,9.83,1986,9.83,1993,9.83,2001,9.83,0,9.83,0,9.83,0,9.83,0,9.83,2001,9.83,2001,9.83,2001,9.83,2001
9.84,0,9.84,0,9.84,0,9.84,0,9.84,2014,9.84,2012,9.84,1986,9.84,1984,9.84,0,9.84,0,9.84,0,9.84,0,9.84,2001,9.84,2001,9.84,2001,9.84,2001
9.85,0,9.85,0,9.85,0,9.85,0,9.85,1957,9.85,1988,9.85,1999,9.85,2010,9.85,0,9.85,0,9.85,0,9.85,0,9.85,2001,9.85,2001,9.85,2001,9.85,2001
9.86,0,9.86,0,9.86,0,9.86,0,9.86,1983,9.86,1990,9.86,1991,9.86,2006,9.86,0,9.86,0,9.86,0,9.86,0,9.86,2001,9.86,2001,9.86,2001,9.86,2001
9.87,0,9.87,0,9.87,0,9.87,0,9.87,2007,9.87,1963,9.87,1998,9.87,1987,9.87,0,9.87,0,9.87,0,9.87,0,9.87,2001,9.87,2001,9.87,2001,9.87,2001
9.88,0,9.88,0,9.88,0,9.88,0,9.88,1998,9.88,2011,9.88,1953,9.88,1992,9.88,0,9.88,0,9.88,0,9.88,0,9.88,2001,9.88,2001,9.88,2001,9.88,2001
9.89,0,9.89,0,9.89,0,9.89,0,9.89,1901,9.89,1982,9.89,1989,9.89,2092,9.89,0,9.89,0,9.89,0,9.89,0,9.89,2001,9.89,2001,9.89,2001,9.89,2001
9.9,0,9.9,0,9.9,0,9.9,0,9.9,1993,9.9,1998,9.9,2098,9.9,2003,9.9,0,9.9,0,9.9,0,9.9,0,9.9,2001,9.9,2001,9.9,2001,9.9,2001
9.91,0,9.91,0,9.91,0,9.91,0,9.91,2012,9.91,2100,9.91,2010,9.91,1995,9.91,0,9.91,0,9.91,0,9.91,0,9.91,2001,9.91,2001,9.91,2001,9.91,2001
9.92,0,9.92,0,9.92,0,9.92,0,9.92,2031,9.92,2004,9.92,1947,9.92,2008,9.92,0,9.92,0,9.92,0,9.92,0,9.92,2001,9.92,2001,9.92,2001,9.92,2001
9.93,0,9.93,0,9.93,0,9.93,0,9.93,1992,9.93,2014,9.93,1988,9.93,1992,9.93,0,9.93,0,9.93,0,9.93,0,9.93,2001,9.93,2001,9.93,2001,9.93,2001
9.94,0,9.94,0,9.94,0,9.94,0,9.94,2021,9.94,1969,9.94,1995,9.94,1985,9.94,0,9.94,0,9.94,0,9.94,0,9.94,2001,9.94,2001,9.94,2001,9.94,2001
9.95,0,9.95,0,9.95,0,9.95,0,9.95,2008,9.95,1970,9.95,2002,9.95,2004,9.95,0,9.95,0,9.95,0,9.95,0,9.95,2001,9.95,2001,9.95,2001,9.95,2001
9.96,0,9.96,0,9.96,0,9.96,0,9.96,1992,9.96,1959,9.96,1978,9.96,2007,9.96,0,9.96,0,9.96,0,9.96,0,9.96,2001,9.96,2001,9.96,2001,9.96,2001
9.97,0,9.97,0,9.97,0,9.97,0,9.97,2014,9.97,1976,9.97,2006,9.97,1985,9.97,0,9.97,0,9.97,0,9.97,0,9.97,2001,9.97,2001,9.97,2001,9.97,2001
9.98,0,9.98,0,9.98,0,9.98,0,9.98,1984,9.98,1933,9.98,2016,9.98,2004,9.98,0,9.98,0,9.98,0,9.98,0,9.98,2001,9.98,2001,9.98,2001,9.98,2001
9.99,0,9.99,0,9.99,0,9.99,0,9.99,1966,9.99,2009,9.99,2084,9.99,2000,9.99,0,9.99,0,9.99,0,9.99,0,9.99,2001,9.99,2001,9.99,2001,9.99,2001
10,0,10,0,10,0,10,0,10,1983,10,2016,10,2010,10,2017,10,0,10,0,10,0,10,0,10,2001,10,2001,10,2001,10,2001
10.01,0,10.01,0,10.01,0,10.01,0,10.01,1990,10.01,2043,10.01,1988,10.01,1985,10.01,0,10.01,0,10.01,0,10.01,0,10.01,2001,10.01,2001,10.01,2001,10.01,2001
10.02,0,10.02,0,10.02,0,10.02,0,10.02,1970,10.02,2015,10.02,2044,10.02,2006,10.02,0,10.02,0,10.02,0,10.02,0,10.02,2001,10.02,2001,10.02,2001,10.02,2001
10.03,0,10.03,0,10.03,0,10.03,0,10.03,1985,10.03,2034,10.03,1894,10.03,2024,10.03,0,10.03,0,10.03,0,10.03,0,10.03,2001,10.03,2001,10.03,2001,10.03,2001
10.04,0,10.04,0,10.04,0,10.04,0,10.04,1984,10.04,2051,10.04,1988,10.04,2005,10.04,0,10.04,0,10.04,0,10.04,0,10.04,2001,10.04,2001,10.04,2001,10.04,2001
10.05,0,10.05,0,10.05,0,10.05,0,10.05,1965,10.05,2007,10.05,1980,10.05,1996,10.05,0,10.05,0,10.05,0,10.05,0,10.05,2001,10.05,2001,10.05,2001,10.05,2001
10.06,0,10.06,0,10.06,0,10.06,0,10.06,2002,10.06,1986,10.06,2003,10.06,2025,10.06,0,10.06,0,10.06,0,10.06,0,10.06,2001,10.06,2001,10.06,2001,10.06,2001
10.07,0,10.07,0,10.07,0,10.07,0,10.07,2120,10.07,2029,10.07,1998,10.07,2025,10.07,0,10.07,0,10.07,0,10.07,0,10.07,2001,10.07,2001,10.07,2001,10.07,2001
10.08,0,10.08,0,10.08,0,10.08,0,10.08,1991,10.08,1976,10.08,1997,10.08,2012,10.08,0,10.08,0,10.08,0,10.08,0,10.08,2001,10.08,2001,10.08,2001,10.08,2001
10.09,0,10.09,0,10.09,0,10.09,0,10.09,2006,10.09,2008,10.09,2012,10.09,1973,10.09,0,10.09,0,10.09,0,10.09,0,10.09,2001,10.09,2001,10.09,2001,10.09,2001
10.1,0,10.1,0,10.1,0,10.1,0,10.1,2005,10.1,1979,10.1,1999,10.1,2006,10.1,0,10.1,0,10.1,0,10.1,0,10.1,2001,10.1,2001,10.1,2001,10.1,2001
10.11,0,10.11,0,10.11,0,10.11,0,10.11,1984,10.11,2002,10.11,2008,10.11,2009,10.11,0,10.11,0,10.11,0,10.11,0,10.11,2001,10.11,2001,10.11,2001,10.11,2001
10.12,0,10.12,0,10.12,0,10.12,0,10.12,2000,10.12,1991,10.12,1998,10.12,2028,10.12,0,10.12,0,10.12,0,10.12,0,10.12,2001,10.12,2001,10.12,2001,10.12,2001
10.13,0,10.13,0,10.13,0,10.13,0,10.13,2072,10.13,1969,10.13,2004,10.13,2010,10.13,0,10.13,0,10.13,0,10.13,0,10.13,2001,10.13,2001,10.13,2001,10.13,2001
10.14,0,10.14,0,10.14,0,10.14,0,10.14,1988,10.14,1986,10.14,2060,10.14,2012,10.14,0,10.14,0,10.14,0,10.14,0,10.14,2001,10.14,2001,10.14,2001,10.14,2001
10.15,0,10.15,0,10.15,0,10.15,0,10.15,1966,10.15,2021,10.15,1993,10.15,1978,10.15,0,10.15,0,10.15,0,10.15,0,10.15,2001,10.15,2001,10.15,2001,10.15,2001
10.16,0,10.16,0,10.16,0,10.16,0,10.16,2024,10.16,1984,10.16,2016,10.16,2010,10.16,0,10.16,0,10.16,0,10.16,0,10.16,2001,10.16,2001,10.16,2001,10.16,2001
10.17,0,10.17,0,10.17,0,10.17,0,10.17,1981,10.17,2077,10.17,2327,10.17,1987,10.17,0,10.17,0,10.17,0,10.17,0,10.17,2001,10.17,2001,10.17,2001,10.17,2001
10.18,0,10.18,0,10.18,0,10.18,0,10.18,2033,10.18,2002,10.18,1989,10.18,1990,10.18,0,10.18,0,10.18,0,10.18,0,10.18,2001,10.18,2001,10.18,2001,10.18,2001
10.19,0,10.19,0,10.19,0,10.19,0,10.19,1945,10.19,1982,10.19,2014,10.19,2013,10.19,0,10.19,0,10.19,0,10.19,0,10.19,2001,10.19,2001,10.19,2001,10.19,2001
10.2,0,10.2,0,10.2,0,10.2,0,10.2,1958,10.2,2114,10.2,1899,10.2,2000,10.2,0,10.2,0,10.2,0,10.2,0,10.2,2001,10.2,2001,10.2,2001,10.2,2001
10.21,0,10.21,0,10.21,0,10.21,0,10.21,1988,10.21,1947,10.21,2005,10.21,1988,10.21,0,10.21,0,10.21,0,10.21,0,10.21,2001,10.21,2001,10.21,2001,10.21,2001
10.22,0,10.22,0,10.22,0,10.22,0,10.22,1983,10.22,1946,10.22,2016,10.22,2079,10.22,0,10.22,0,10.22,0,10.22,0,10.22,2001,10.22,2001,10.22,2001,10.22,2001
10.23,0,10.23,0,10.23,0,10.23,0,10.23,2026,10.23,1978,10.23,1974,10.23,1990,10.23,0,10.23,0,10.23,0,10.23,0,10.23,2001,10.23,2001,10.23,2001,10.23,2001
10.24,0,10.24,0,10.24,0,10.24,0,10.24,1996,10.24,2003,10.24,1996,10.24,1976,10.24,0,10.24,0,10.24,0,10.24,0,10.24,2001,10.24,2001,10.24,2001,10.24,2001
10.25,0,10.25,0,10.25,0,10.25,0,10.25,1982,10.25,1982,10.25,1915,10.25,2022,10.25,0,10.25,0,10.25,0,10.25,0,10.25,2001,10.25,2001,10.25,2001,10.25,2001
10.26,0,10.26,0,10.26,0,10.26,0,10.26,1989,10.26,2000,10.26,2067,10.26,2002,10.26,0,10.26,0,10.26,0,10.26,0,10.26,2001,10.26,2001,10.26,2001,10.26,2001
10.27,0,10.27,0,10.27,0,10.27,0,10.27,2062,10.27,2006,10.27,2043,10.27,1981,10.27,0,10.27,0,10.27,0,10.27,0,10.27,2001,10.27,2001,10.27,2001,10.27,2001
10.28,0,10.28,0,10.28,0,10.28,0,10.28,2016,10.28,1994,10.28,2115,10.28,2104,10.28,0,10.28,0,10.28,0,10.28,0,10.28,2001,10.28,2001,10.28,2001,10.28,2001
10.29,0,10.29,0,10.29,0,10.29,0,10.29,1998,10.29,2003,10.29,1969,10.29,2001,10.29,0,10.29,0,10.29,0,10.29,0,10.29,2001,10.29,2001,10.29,2001,10.29,2001
10.3,0,10.3,0,10.3,0,10.3,0,10.3,1992,10.3,2002,10.3,1976,10.3,2003,10.3,0,10.3,0,10.3,0,10.3,0,10.3,2001,10.3,2001,10.3,2001,10.3,2001
10.31,0,10.31,0,10.31,0,10.31,0,10.31,1990,10.31,1988,10.31,2106,10.31,2010,10.31,0,10.31,0,10.31,0,10.31,0,10.31,2001,10.31,2001,10.31,2001,10.31,2001
10.32,0,10.32,0,10.32,0,10.32,0,10.32,2039,10.32,2013,10.32,2075,10.32,2060,10.32,0,10.32,0,10.32,0,10.32,0,10.32,2001,10.32,2001,10.32,2001,10.32,2001
10.33,0,10.33,0,10.33,0,10.33,0,10.33,1999,10.33,2015,10.33,1987,10.33,1921,10.33,0,10.33,0,10.33,0,10.33,0,10.33,2001,10.33,2001,10.33,2001,10.33,2001
10.34,0,10.34,0,10.34,0,10.34,0,10.34,1969,10.34,1979,10.34,2014,10.34,1988,10.34,0,10.34,0,10.34,0,10.34,0,10.34,2001,10.34,2001,10.34,2001,10.34,2001
10.35,0,10.35,0,10.35,0,10.35,0,10.35,2026,10.35,1966,10.35,1977,10.35,2000,10.35,0,10.35,0,10.35,0,10.35,0,10.35,2001,10.35,2001,10.35,2001,10.35,2001
10.36,0,10.36,0,10.36,0,10.36,0,10.36,1972,10.36,2006,10.36,1984,10.36,1990,10.36,0,10.36,0,10.36,0,10.36,0,10.36,2001,10.36,2001,10.36,2001,10.36,2001
10.37,0,10.37,0,10.37,0,10.37,0,10.37,1984,10.37,1999,10.37,1999,10.37,1992,10.37,0,10.37,0,10.37,0,10.37,0,10.37,2001,10.37,2001,10.37,2001,10.37,2001
10.38,0,10.38,0,10.38,0,10.38,0,10.38,1987,10.38,2002,10.38,1979,10.38,2120,10.38,0,10.38,0,10.38,0,10.38,0,10.38,2001,10.38,2001,10.38,2001,10.38,2001
10.39,0,10.39,0,10.39,0,10.39,0,10.39,2027,10.39,1994,10.39,1987,10.39,1994,10.39,0,10.39,0,10.39,0,10.39,0,10.39,2001,10.39,2001,10.39,2001,10.39,2001
10.4,0,10.4,0,10.4,0,10.4,0,10.4,1993,10.4,1986,10.4,2004,10.4,2010,10.4,0,10.4,0,10.4,0,10.4,0,10.4,2001,10.4,2001,10.4,2001,10.4,2001
10.41,0,10.41,0,10.41,0,10.41,0,10.41,1993,10.41,1998,10.41,1994,10.41,1988,10.41,0,10.41,0,10.41,0,10.41,0,10.41,2001,10.41,2001,10.41,2001,10.41,2001
10.42,0,10.42,0,10.42,0,10.42,0,10.42,2009,10.42,2020,10.42,1994,10.42,1942,10.42,0,10.42,0,10.42,0,10.42,0,10.42,2001,10.42,2001,10.42,2001,10.42,2001
10.43,0,10.43,0,10.43,0,10.43,0,10.43,2009,10.43,1992,10.43,2016,10.43,2033,10.43,0,10.43,0,10.43,0,10.43,0,10.43,2001,10.43,2001,10.43,2001,10.43,2001
10.44,0,10.44,0,10.44,0,10.44,0,10.44,1990,10.44,2003,10.44,1993,10.44,1998,10.44,0,10.44,0,10.44,0,10.44,0,10.44,2001,10.44,2001,10.44,2001,10.44,2001
10.45,0,10.45,0,10.45,0,10.45,0,10.45,2033,10.45,2000,10.45,1974,10.45,1983,10.45,0,10.45,0,10.45,0,10.45,0,10.45,2001,10.45,2001,10.45,2001,10.45,2001
10.46,0,10.46,0,10.46,0,10.46,0,10.46,1992,10.46,1987,10.46,2005,10.46,1973,10.46,0,10.46,0,10.46,0,10.46,0,10.46,2001,10.46,2001,10.46,2001,10.46,2001
10.47,0,10.47,0,10.47,0,10.47,0,10.47,1992,10.47,1953,10.47,1994,10.47,1998,10.47,0,10.47,0,10.47,0,10.47,0,10.47,2001,10.47,2001,10.47,2001,10.47,2001
10.48,0,10.48,0,10.48,0,10.48,0,10.48,1988,10.48,1981,10.48,1978,10.48,1976,10.48,0,10.48,0,10.48,0,10.48,0,10.48,2001,10.48,2001,10.48,2001,10.48,2001
10.49,0,10.49,0,10.49,0,10.49,0,10.49,2002,10.49,1973,10.49,1993,10.49,2040,10.49,0,10.49,0,10.49,0,10.49,0,10.49,2001,10.49,2001,10.49,2001,10.49,2001
10.5,0,10.5,0,10.5,0,10.5,0,10.5,2012,10.5,2084,10.5,2003,10.5,2000,10.5,0,10.5,0,10.5,0,10.5,0,10.5,2001,10.5,2001,10.5,2001,10.5,2001
10.51,0,10.51,0,10.51,0,10.51,0,10.51,2115,10.51,1986,10.51,1987,10.51,2004,10.51,0,10.51,0,10.51,0,10.51,0,10.51,2001,10.51,2001,10.51,2001,10.51,2001
10.52,0,10.52,0,10.52,0,10.52,0,10.52,2169,10.52,2064,10.52,2013,10.52,2013,10.52,0,10.52,0,10.52,0,10.52,0,10.52,2001,10.52,2001,10.52,2001,10.52,2001
10.53,0,10.53,0,10.53,0,10.53,0,10.53,1985,10.53,1992,10.53,2340,10.53,2018,10.53,0,10.53,0,10.53,0,10.53,0,10.53,2001,10.53,2001,10.53,2001,10.53,2001
10.54,0,10.54,0,10.54,0,10.54,0,10.54,1983,10.54,1992,10.54,2027,10.54,1996,10.54,0,10.54,0,10.54,0,10.54,0,10.54,2001,10.54,2001,10.54,2001,10.54,2001
10.55,0,10.55,0,10.55,0,10.55,0,10.55,1990,10.55,2107,10.55,1983,10.55,1982,10.55,0,10.55,0,10.55,0,10.55,0,10.55,2001,10.55,2001,10.55,2001,10.55,2001
10.56,0,10.56,0,10.56,0,10.56,0,10.56,1986,10.56,1989,10.56,1948,10.56,2059,10.56,0,10.56,0,10.56,0,10.56,0,10.56,2001,10.56,2001,10.56,2001,10.56,2001
10.57,0,10.57,0,10.57,0,10.57,0,10.57,1954,10.57,1990,10.57,1972,10.57,1977,10.57,0,10.57,0,10.57,0,10.57,0,10.57,2001,10.57,2001,10.57,2001,10.57,2001
10.58,0,10.58,0,10.58,0,10.58,0,10.58,1990,10.58,1951,10.58,2018,10.58,2039,10.58,0,10.58,0,10.58,0,10.58,0,10.58,2001,10.58,2001,10.58,2001,10.58,2001
10.59,0,10.59,0,10.59,0,10.59,0,10.59,1999,10.59,1974,10.59,1979,10.59,2037,10.59,0,10.59,0,10.59,0,10.59,0,10.59,2001,10.59,2001,10.59,2001,10.59,2001
10.6,0,10.6,0,10.6,0,10.6,0,10.6,2006,10.6,2130,10.6,1988,10.6,2030,10.6,0,10.6,0,10.6,0,10.6,0,10.6,2001,10.6,2001,10.6,2001,10.6,2001
10.61,0,10.61,0,10.61,0,10.61,0,10.61,2002,10.61,1994,10.61,2069,10.61,2016,10.61,0,10.61,0,10.61,0,10.61,0,10.61,2001,10.61,2001,10.61,2001,10.61,2001
10.62,0,10.62,0,10.62,0,10.62,0,10.62,2009,10.62,2095,10.62,1921,10.62,2019,10.62,0,10.62,0,10.62,0,10.62,0,10.62,2001,10.62,2001,10.62,2001,10.62,2001
10.63,0,10.63,0,10.63,0,10.63,0,10.63,1990,10.63,1977,10.63,1931,10.63,2006,10.63,0,10.63,0,10.63,0,10.63,0,10.63,2001,10.63,2001,10.63,2001,10.63,2001
10.64,0,10.64,0,10.64,0,10.64,0,10.64,2018,10.64,2082,10.64,1978,10.64,1992,10.64,0,10.64,0,10.64,0,10.64,0,10.64,2001,10.64,2001,10.64,2001,10.64,2001
10.65,0,10.65,0,10.65,0,10.65,0,10.65,1994,10.65,1987,10.65,1988,10.65,2142,10.65,0,10.65,0,10.65,0,10.65,0,10.65,2001,10.65,2001,10.65,2001,10.65,2001
10.66,0,10.66,0,10.66,0,10.66,0,10.66,1991,10.66,2012,10.66,1957,10.66,1968,10.66,0,10.66,0,10.66,0,10.66,0,10.66,2001,10.66,2001,10.66,2001,10.66,2001
10.67,0,10.67,0,10.67,0,10.67,0,10.67,1997,10.67,1991,10.67,1969,10.67,2000,10.67,0,10.67,0,10.67,0,10.67,0,10.67,2001,10.67,2001,10.67,2001,10.67,2001
10.68,0,10.68,0,10.68,0,10.68,0,10.68,2004,10.68,1989,10.68,1982,10.68,1995,10.68,0,10.68,0,10.68,0,10.68,0,10.68,2001,10.68,2001,10.68,2001,10.68,2001
10.69,0,10.69,0,10.69,0,10.69,0,10.69,2004,10.69,1958,10.69,2004,10.69,1968,10.69,0,10.69,0,10.69,0,10.69,0,10.69,2001,10.69,2001,10.69,2001,10.69,2001
10.7,0,10.7,0,10.7,0,10.7,0,10.7,1992,10.7,1993,10.7,1948,10.7,2043,10.7,0,10.7,0,10.7,0,10.7,0,10.7,2001,10.7,2001,10.7,2001,10.7,2001
10.71,0,10.71,0,10.71,0,10.71,0,10.71,1995,10.71,2025,10.71,1998,10.71,1873,10.71,0,10.71,0,10.71,0,10.71,0,10.71,2001,10.71,2001,10.71,2001,10.71,2001
10.72,0,10.72,0,10.72,0,10.72,0,10.72,1999,10.72,2013,10.72,1974,10.72,1942,10.72,0,10.72,0,10.72,0,10.72,0,10.72,2001,10.72,2001,10.72,2001,10.72,2001
10.73,0,10.73,0,10.73,0,10.73,0,10.73,1971,10.73,2004,10.73,1918,10.73,1974,10.73,0,10.73,0,10.73,0,10.73,0,10.73,2001,10.73,2001,10.73,2001,10.73,2001
10.74,0,10.74,0,10.74,0,10.74,0,10.74,1988,10.74,1998,10.74,2002,10.74,1968,10.74,0,10.74,0,10.74,0,10.74,0,10.74,2001,10.74,2001,10.74,2001,10.74,2001
10.75,0,10.75,0,10.75,0,10.75,0,10.75,2001,10.75,2005,10.75,1997,10.75,1998,10.75,0,10.75,0,10.75,0,10.75,0,10.75,2001,10.75,2001,10.75,2001,10.75,2001
10.76,0,10.76,0,10.76,0,10.76,0,10.76,1995,10.76,2010,10.76,1979,10.76,1975,10.76,0,10.76,0,10.76,0,10.76,0,10.76,2001,10.76,2001,10.76,2001,10.76,2001
10.77,0,10.77,0,10.77,0,10.77,0,10.77,1989,10.77,1998,10.77,1996,10.77,1998,10.77,0,10.77,0,10.77,0,10.77,0,10.77,2001,10.77,2001,10.77,2001,10.77,2001
10.78,0,10.78,0,10.78,0,10.78,0,10.78,2044,10.78,1995,10.78,1993,10.78,1997,10.78,0,10.78,0,10.78,0,10.78,0,10.78,2001,10.78,2001,10.78,2001,10.78,2001
10.79,0,10.79,0,10.79,0,10.79,0,10.79,1991,10.79,2036,10.79,1982,10.79,2090,10.79,0,10.79,0,10.79,0,10.79,0,10.79,2001,10.79,2001,10.79,2001,10.79,2001
10.8,0,10.8,0,10.8,0,10.8,0,10.8,1994,10.8,1971,10.8,2002,10.8,2038,10.8,0,10.8,0,10.8,0,10.8,0,10.8,2001,10.8,2001,10.8,2001,10.8,2001
10.81,0,10.81,0,10.81,0,10.81,0,10.81,2000,10.81,1997,10.81,2068,10.81,1983,10.81,0,10.81,0,10.81,0,10.81,0,10.81,2001,10.81,2001,10.81,2001,10.81,2001
10.82,0,10.82,0,10.82,0,10.82,0,10.82,2019,10.82,1959,10.82,1990,10.82,1986,10.82,0,10.82,0,10.82,0,10.82,0,10.82,2001,10.82,2001,10.82,2001,10.82,2001
10.83,0,10.83,0,10.83,0,10.83,0,10.83,1974,10.83,2016,10.83,2012,10.83,2005,10.83,0,10.83,0,10.83,0,10.83,0,10.83,2001,10.83,2001,10.83,2001,10.83,2001
10.84,0,10.84,0,10.84,0,10.84,0,10.84,2007,10.84,2008,10.84,1997,10.84,2070,10.84,0,10.84,0,10.84,0,10.84,0,10.84,2001,10.84,2001,10.84,2001,10.84,2001
10.85,0,10.85,0,10.85,0,10.85,0,10.85,1988,10.85,2020,10.85,1977,10.85,1988,10.85,0,10.85,0,10.85,0,10.85,0,10.85,2001,10.85,2001,10.85,2001,10.85,2001
10.86,0,10.86,0,10.86,0,10.86,0,10.86,1988,10.86,1974,10.86,2006,10.86,2004,10.86,0,10.86,0,10.86,0,10.86,0,10.86,2001,10.86,2001,10.86,2001,10.86,2001
10.87,0,10.87,0,10.87,0,10.87,0,10.87,1987,10.87,1976,10.87,2067,10.87,1989,10.87,0,10.87,0,10.87,0,10.87,0,10.87,2001,10.87,2001,10.87,2001,10.87,2001
10.88,0,10.88,0,10.88,0,10.88,0,10.88,2004,10.88,2003,10.88,1992,10.88,2006,10.88,0,10.88,0,10.88,0,10.88,0,10.88,2001,10.88,2001,10.88,2001,10.88,2001
10.89,0,10.89,0,10.89,0,10.89,0,10.89,1988,10.89,1933,10.89,2010,10.89,1940,10.89,0,10.89,0,10.89,0,10.89,0,10.89,2001,10.89,2001,10.89,2001,10.89,2001
10.9,0,10.9,0,10.9,0,10.9,0,10.9,1999,10.9,1997,10.9,1996,10.9,2053,10.9,0,10.9,0,10.9,0,10.9,0,10.9,2001,10.9,2001,10.9,2001,10.9,2001
10.91,0,10.91,0,10.91,0,10.91,0,10.91,2026,10.91,2001,10.91,1982,10.91,1984,10.91,0,10.91,0,10.91,0,10.91,0,10.91,2001,10.91,2001,10.91,2001,10.91,2001
10.92,0,10.92,0,10.92,0,10.92,0,10.92,1959,10.92,1999,10.92,1994,10.92,2043,10.92,0,10.92,0,10.92,0,10.92,0,10.92,2001,10.92,2001,10.92,2001,10.92,2001
10.93,0,10.93,0,10.93,0,10.93,0,10.93,1965,10.93,1991,10.93,1985,10.93,2027,10.93,0,10.93,0,10.93,0,10.93,0,10.93,2001,10.93,2001,10.93,2001,10.93,2001
10.94,0,10.94,0,10.94,0,10.94,0,10.94,1999,10.94,2066,10.94,1955,10.94,1973,10.94,0,10.94,0,10.94,0,10.94,0,10.94,2001,10.94,2001,10.94,2001,10.94,2001
10.95,0,10.95,0,10.95,0,10.95,0,10.95,1985,10.95,1989,10.95,2031,10.95,1997,10.95,0,10.95,0,10.95,0,10.95,0,10.95,2001,10.95,2001,10.95,2001,10.95,2001
10.96,0,10.96,0,10.96,0,10.96,0,10.96,2059,10.96,1981,10.96,1990,10.96,2032,10.96,0,10.96,0,10.96,0,10.96,0,10.96,2001,10.96,2001,10.96,2001,10.96,2001
10.97,0,10.97,0,10.97,0,10.97,0,10.97,1975,10.97,2127,10.97,1981,10.97,1962,10.97,0,10.97,0,10.97,0,10.97,0,10.97,2001,10.97,2001,10.97,2001,10.97,2001
10.98,0,10.98,0,10.98,0,10.98,0,10.98,2054,10.98,2045,10.98,1995,10.98,2013,10.98,0,10.98,0,10.98,0,10.98,0,10.98,2001,10.98,2001,10.98,2001,10.98,2001
10.99,0,10.99,0,10.99,0,10.99,0,10.99,2034,10.99,2006,10.99,2005,10.99,2002,10.99,0,10.99,0,10.99,0,10.99,0,10.99,2001,10.99,2001,10.99,2001,10.99,2001
11,0,11,0,11,0,11,0,11,2006,11,1974,11,2066,11,2079,11,0,11,0,11,0,11,0,11,2001,11,2001,11,2001,11,2001
11.01,0,11.01,0,11.01,0,11.01,0,11.01,1980,11.01,1989,11.01,1978,11.01,2004,11.01,0,11.01,0,11.01,0,11.01,0,11.01,2001,11.01,2001,11.01,2001,11.01,2001
11.02,0,11.02,0,11.02,0,11.02,0,11.02,1982,11.02,1980,11.02,1990,11.02,1980,11.02,0,11.02,0,11.02,0,11.02,0,11.02,2001,11.02,2001,11.02,2001,11.02,2001
11.03,0,11.03,0,11.03,0,11.03,0,11.03,1985,11.03,2023,11.03,1982,11.03,1998,11.03,0,11.03,0,11.03,0,11.03,0,11.03,2001,11.03,2001,11.03,2001,11.03,2001
11.04,0,11.04,0,11.04,0,11.04,0,11.04,1996,11.04,1978,11.04,1999,11.04,1999,11.04,0,11.04,0,11.04,0,11.04,0,11.04,2001,11.04,2001,11.04,2001,11.04,2001
11.05,0,11.05,0,11.05,0,11.05,0,11.05,1981,11.05,1999,11.05,1994,11.05,1998,11.05,0,11.05,0,11.05,0,11.05,0,11.05,2001,11.05,2001,11.05,2001,11.05,2001
11.06,0,11.06,0,11.06,0,11.06,0,11.06,1977,11.06,2000,11.06,1987,11.06,2005,11.06,0,11.06,0,11.06,0,11.06,0,11.06,2001,11.06,2001,11.06,2001,11.06,2001
11.07,0,11.07,0,11.07,0,11.07,0,11.07,1955,11.07,1983,11.07,2138,11.07,2014,11.07,0,11.07,0,11.07,0,11.07,0,11.07,2001,11.07,2001,11.07,2001,11.07,2001
11.08,0,11.08,0,11.08,0,11.08,0,11.08,1988,11.08,2005,11.08,2110,11.08,2031,11.08,0,11.08,0,11.08,0,11.08,0,11.08,2001,11.08,2001,11.08,2001,11.08,2001
11.09,0,11.09,0,11.09,0,11.09,0,11.09,2011,11.09,1990,11.09,1995,11.09,1969,11.09,0,11.09,0,11.09,0,11.09,0,11.09,2001,11.09,2001,11.09,2001,11.09,2001
11.1,0,11.1,0,11.1,0,11.1,0,11.1,1979,11.1,1998,11.1,1981,11.1,2018,11.1,0,11.1,0,11.1,0,11.1,0,11.1,2001,11.1,2001,11.1,2001,11.1,2001
11.11,0,11.11,0,11.11,0,11.11,0,11.11,1999,11.11,1994,11.11,2015,11.11,2032,11.11,0,11.11,0,11.11,0,11.11,0,11.11,2001,11.11,2001,11.11,2001,11.11,2001
11.12,0,11.12,0,11.12,0,11.12,0,11.12,2013,11.12,2006,11.12,1996,11.12,1984,11.12,0,11.12,0,11.12,0,11.12,0,11.12,2001,11.12,2001,11.12,2001,11.12,2001
11.13,0,11.13,0,11.13,0,11.13,0,11.13,1971,11.13,2077,11.13,1974,11.13,1993,11.13,0,11.13,0,11.13,0,11.13,0,11.13,2001,11.13,2001,11.13,2001,11.13,2001
11.14,0,11.14,0,11.14,0,11.14,0,11.14,2010,11.14,1982,11.14,2006,11.14,1999,11.14,0,11.14,0,11.14,0,11.14,0,11.14,2001,11.14,2001,11.14,2001,11.14,2001
11.15,0,11.15,0,11.15,0,11.15,0,11.15,1997,11.15,2029,11.15,2049,11.15,1999,11.15,0,11.15,0,11.15,0,11.15,0,11.15,2001,11.15,2001,11.15,2001,11.15,2001
11.16,0,11.16,0,11.16,0,11.16,0,11.16,1990,11.16,1956,11.16,2001,11.16,1952,11.16,0,11.16,0,11.16,0,11.16,0,11.16,2001,11.16,2001,11.16,2001,11.16,2001
11.17,0,11.17,0,11.17,0,11.17,0,11.17,2012,11.17,1976,11.17,2006,11.17,1979,11.17,0,11.17,0,11.17,0,11.17,0,11.17,2001,11.17,2001,11.17,2001,11.17,2001
11.18,0,11.18,0,11.18,0,11.18,0,11.18,2016,11.18,1954,11.18,1983,11.18,1991,11.18,0,11.18,0,11.18,0,11.18,0,11.18,2001,11.18,2001,11.18,2001,11.18,2001
11.19,0,11.19,0,11.19,0,11.19,0,11.19,1995,11.19,1987,11.19,1999,11.19,1990,11.19,0,11.19,0,11.19,0,11.19,0,11.19,2001,11.19,2001,11.19,2001,11.19,2001
11.2,0,11.2,0,11.2,0,11.2,0,11.2,2032,11.2,1961,11.2,2004,11.2,1953,11.2,0,11.2,0,11.2,0,11.2,0,11.2,2001,11.2,2001,11.2,2001,11.2,2001
11.21,0,11.21,0,11.21,0,11.21,0,11.21,2002,11.21,2006,11.21,1976,11.21,1978,11.21,0,11.21,0,11.21,0,11.21,0,11.21,2001,11.21,2001,11.21,2001,11.21,2001
11.22,0,11.22,0,11.22,0,11.22,0,11.22,1998,11.22,2006,11.22,1984,11.22,2095,11.22,0,11.22,0,11.22,0,11.22,0,11.22,2001,11.22,2001,11.22,2001,11.22,2001
11.23,0,11.23,0,11.23,0,11.23,0,11.23,2013,11.23,1989,11.23,2047,11.23,1980,11.23,0,11.23,0,11.23,0,11.23,0,11.23,2001,11.23,2001,11.23,2001,11.23,2001
11.24,0,11.24,0,11.24,0,11.24,0,11.24,1953,11.24,2096,11.24,2088,11.24,1975,11.24,0,11.24,0,11.24,0,11.24,0,11.24,2001,11.24,2001,11.24,2001,11.24,2001
11.25,0,11.25,0,11.25,0,11.25,0,11.25,1955,11.25,1997,11.25,1944,11.25,2024,11.25,0,11.25,0,11.25,0,11.25,0,11.25,2001,11.25,2001,11.25,2001,11.25,2001
11.26,0,11.26,0,11.26,0,11.26,0,11.26,1997,11.26,2012,11.26,2011,11.26,2020,11.26,0,11.26,0,11.26,0,11.26,0,11.26,2001,11.26,2001,11.26,2001,11.26,2001
11.27,0,11.27,0,11.27,0,11.27,0,11.27,1984,11.27,2003,11.27,1993,11.27,1967,11.27,0,11.27,0,11.27,0,11.27,0,11.27,2001,11.27,2001,11.27,2001,11.27,2001
11.28,0,11.28,0,11.28,0,11.28,0,11.28,2014,11.28,2016,11.28,1997,11.28,2012,11.28,0,11.28,0,11.28,0,11.28,0,11.28,2001,11.28,2001,11.28,2001,11.28,2001
11.29,0,11.29,0,11.29,0,11.29,0,11.29,2092,11.29,1982,11.29,2030,11.29,1977,11.29,0,11.29,0,11.29,0,11.29,0,11.29,2001,11.29,2001,11.29,2001,11.29,2001
11.3,0,11.3,0,11.3,0,11.3,0,11.3,1997,11.3,1991,11.3,1991,11.3,1970,11.3,0,11.3,0,11.3,0,11.3,0,11.3,2001,11.3,2001,11.3,2001,11.3,2001
11.31,0,11.31,0,11.31,0,11.31,0,11.31,2002,11.31,1997,11.31,1994,11.31,2019,11.31,0,11.31,0,11.31,0,11.31,0,11.31,2001,11.31,2001,11.31,2001,11.31,2001
11.32,0,11.32,0,11.32,0,11.32,0,11.32,2002,11.32,1970,11.32,2013,11.32,2012,11.32,0,11.32,0,11.32,0,11.32,0,11.32,2001,11.32,2001,11.32,2001,11.32,2001
11.33,0,11.33,0,11.33,0,11.33,0,11.33,2018,11.33,2012,11.33,1907,11.33,2013,11.33,0,11.33,0,11.33,0,11.33,0,11.33,2001,11.33,2001,11.33,2001,11.33,2001
11.34,0,11.34,0,11.34,0,11.34,0,11.34,2003,11.34,2103,11.34,1989,11.34,2012,11.34,0,11.34,0,11.34,0,11.34,0,11.34,2001,11.34,2001,11.34,2001,11.34,2001
11.35,0,11.35,0,11.35,0,11.35,0,11.35,2028,11.35,2062,11.35,2003,11.35,2002,11.35,0,11.35,0,11.35,0,11.35,0,11.35,2001,11.35,2001,11.35,2001,11.35,2001
11.36,0,11.36,0,11.36,0,11.36,0,11.36,2153,11.36,1995,11.36,1927,11.36,1989,11.36,0,11.36,0,11.36,0,11.36,0,11.36,2001,11.36,2001,11.36,2001,11.36,2001
11.37,0,11.37,0,11.37,0,11.37,0,11.37,1981,11.37,2109,11.37,1976,11.37,1994,11.37,0,11.37,0,11.37,0,11.37,0,11.37,2001,11.37,2001,11.37,2001,11.37,2001
11.38,0,11.38,0,11.38,0,11.38,0,11.38,1977,11.38,1972,11.38,2017,11.38,1999,11.38,0,11.38,0,11.38,0,11.38,0,11.38,2001,11.38,2001,11.38,2001,11.38,2001
11.39,0,11.39,0,11.39,0,11.39,0,11.39,1984,11.39,1982,11.39,1938,11.39,1983,11.39,0,11.39,0,11.39,0,11.39,0,11.39,2001,11.39,2001,11.39,2001,11.39,2001
11.4,0,11.4,0,11.4,0,11.4,0,11.4,2061,11.4,1965,11.4,1951,11.4,2045,11.4,0,11.4,0,11.4,0,11.4,0,11.4,2001,11.4,2001,11.4,2001,11.4,2001
11.41,0,11.41,0,11.41,0,11.41,0,11.41,2004,11.41,1995,11.41,2012,11.41,1974,11.41,0,11.41,0,11.41,0,11.41,0,11.41,2001,11.41,2001,11.41,2001,11.41,2001
11.42,0,11.42,0,11.42,0,11.42,0,11.42,1985,11.42,2070,11.42,2017,11.42,1941,11.42,0,11.42,0,11.42,0,11.42,0,11.42,2001,11.42,2001,11.42,2001,11.42,2001
11.43,0,11.43,0,11.43,0,11.43,0,11.43,1991,11.43,1991,11.43,1957,11.43,1983,11.43,0,11.43,0,11.43,0,11.43,0,11.43,2001,11.43,2001,11.43,2001,11.43,2001
11.44,0,11.44,0,11.44,0,11.44,0,11.44,2090,11.44,1980,11.44,2000,11.44,2016,11.44,0,11.44,0,11.44,0,11.44,0,11.44,2001,11.44,2001,11.44,2001,11.44,2001
11.45,0,11.45,0,11.45,0,11.45,0,11.45,1970,11.45,1975,11.45,2110,11.45,2055,11.45,0,11.45,0,11.45,0,11.45,0,11.45,2001,11.45,2001,11.45,2001,11.45,2001
11.46,0,11.46,0,11.46,0,11.46,0,11.46,1942,11.46,1948,11.46,2013,11.46,1939,11.46,0,11.46,0,11.46,0,11.46,0,11.46,2001,11.46,2001,11.46,2001,11.46,2001
11.47,0,11.47,0,11.47,0,11.47,0,11.47,1988,11.47,1988,11.47,2003,11.47,1995,11.47,0,11.47,0,11.47,0,11.47,0,11.47,2001,11.47,2001,11.47,2001,11.47,2001
11.48,0,11.48,0,11.48,0,11.48,0,11.48,2007,11.48,2003,11.48,1993,11.48,1988,11.48,0,11.48,0,11.48,0,11.48,0,11.48,2001,11.48,2001,11.48,2001,11.48,2001
11.49,0,11.49,0,11.49,0,11.49,0,11.49,2030,11.49,2000,11.49,1976,11.49,2009,11.49,0,11.49,0,11.49,0,11.49,0,11.49,2001,11.49,2001,11.49,2001,11.49,2001
11.5,0,11.5,0,11.5,0,11.5,0,11.5,2005,11.5,1982,11.5,2025,11.5,2019,11.5,0,11.5,0,11.5,0,11.5,0,11.5,2001,11.5,2001,11.5,2001,11.5,2001
11.51,0,11.51,0,11.51,0,11.51,0,11.51,2025,11.51,2012,11.51,1980,11.51,1984,11.51,0,11.51,0,11.51,0,11.51,0,11.51,2001,11.51,2001,11.51,2001,11.51,2001
11.52,0,11.52,0,11.52,0,11.52,0,11.52,1995,11.52,1968,11.52,1968,11.52,1993,11.52,0,11.52,0,11.52,0,11.52,0,11.52,2001,11.52,2001,11.52,2001,11.52,2001
11.53,0,11.53,0,11.53,0,11.53,0,11.53,1990,11.53,1949,11.53,2080,11.53,2039,11.53,0,11.53,0,11.53,0,11.53,0,11.53,2001,11.53,2001,11.53,2001,11.53,2001
11.54,0,11.54,0,11.54,0,11.54,0,11.54,2026,11.54,1991,11.54,1994,11.54,2005,11.54,0,11.54,0,11.54,0,11.54,0,11.54,2001,11.54,2001,11.54,2001,11.54,2001
11.55,0,11.55,0,11.55,0,11.55,0,11.55,1995,11.55,2024,11.55,1966,11.55,2006,11.55,0,11.55,0,11.55,0,11.55,0,11.55,2001,11.55,2001,11.55,2001,11.55,2001
11.56,0,11.56,0,11.56,0,11.56,0,11.56,1993,11.56,1941,11.56,1997,11.56,1976,11.56,0,11.56,0,11.56,0,11.56,0,11.56,2001,11.56,2001,11.56,2001,11.56,2001
11.57,0,11.57,0,11.57,0,11.57,0,11.57,2022,11.57,1988,11.57,1977,11.57,1971,11.57,0,11.57,0,11.57,0,11.57,0,11.57,2001,11.57,2001,11.57,2001,11.57,2001
11.58,0,11.58,0,11.58,0,11.58,0,11.58,1985,11.58,1998,11.58,1986,11.58,1986,11.58,0,11.58,0,11.58,0,11.58,0,11.58,2001,11.58,2001,11.58,2001,11.58,2001
11.59,0,11.59,0,11.59,0,11.59,0,11.59,1994,11.59,2011,11.59,2108,11.59,2009,11.59,0,11.59,0,11.59,0,11.59,0,11.59,2001,11.59,2001,11.59,2001,11.59,2001
11.6,0,11.6,0,11.6,0,11.6,0,11.6,1955,11.6,2122,11.6,1989,11.6,2035,11.6,0,11.6,0,11.6,0,11.6,0,11.6,2001,11.6,2001,11.6,2001,11.6,2001
11.61,0,11.61,0,11.61,0,11.61,0,11.61,2000,11.61,1999,11.61,1914,11.61,2006,11.61,0,11.61,0,11.61,0,11.61,0,11.61,2001,11.61,2001,11.61,2001,11.61,2001
11.62,0,11.62,0,11.62,0,11.62,0,11.62,1995,11.62,2096,11.62,1996,11.62,2012,11.62,0,11.62,0,11.62,0,11.62,0,11.62,2001,11.62,2001,11.62,2001,11.62,2001
11.63,0,11.63,0,11.63,0,11.63,0,11.63,2012,11.63,1968,11.63,1986,11.63,1983,11.63,0,11.63,0,11.63,0,11.63,0,11.63,2001,11.63,2001,11.63,2001,11.63,2001
11.64,0,11.64,0,11.64,0,11.64,0,11.64,2026,11.64,2001,11.64,2063,11.64,2009,11.64,0,11.64,0,11.64,0,11.64,0,11.64,2001,11.64,2001,11.64,2001,11.64,2001
11.65,0,11.65,0,11.65,0,11.65,0,11.65,1993,11.65,1997,11.65,2015,11.65,2007,11.65,0,11.65,0,11.65,0,11.65,0,11.65,2001,11.65,2001,11.65,2001,11.65,2001
11.66,0,11.66,0,11.66,0,11.66,0,11.66,1997,11.66,1933,11.66,1996,11.66,1982,11.66,0,11.66,0,11.66,0,11.66,0,11.66,2001,11.66,2001,11.66,2001,11.66,2001
11.67,0,11.67,0,11.67,0,11.67,0,11.67,2010,11.67,1944,11.67,1950,11.67,1975,11.67,0,11.67,0,11.67,0,11.67,0,11.67,2001,11.67,2001,11.67,2001,11.67,2001
11.68,0,11.68,0,11.68,0,11.68,0,11.68,2031,11.68,1965,11.68,1995,11.68,2022,11.68,0,11.68,0,11.68,0,11.68,0,11.68,2001,11.68,2001,11.68,2001,11.68,2001
11.69,0,11.69,0,11.69,0,11.69,0,11.69,2013,11.69,1981,11.69,2022,11.69,1992,11.69,0,11.69,0,11.69,0,11.69,0,11.69,2001,11.69,2001,11.69,2001,11.69,2001
11.7,0,11.7,0,11.7,0,11.7,0,11.7,1984,11.7,2000,11.7,1975,11.7,1986,11.7,0,11.7,0,11.7,0,11.7,0,11.7,2001,11.7,2001,11.7,2001,11.7,2001
11.71,0,11.71,0,11.71,0,11.71,0,11.71,1981,11.71,1990,11.71,1995,11.71,2004,11.71,0,11.71,0,11.71,0,11.71,0,11.71,2001,11.71,2001,11.71,2001,11.71,2001
11.72,0,11.72,0,11.72,0,11.72,0,11.72,1994,11.72,2000,11.72,1998,11.72,1988,11.72,0,11.72,0,11.72,0,11.72,0,11.72,2001,11.72,2001,11.72,2001,11.72,2001
11.73,0,11.73,0,11.73,0,11.73,0,11.73,1996,11.73,1995,11.73,2008,11.73,1989,11.73,0,11.73,0,11.73,0,11.73,0,11.73,2001,11.73,2001,11.73,2001,11.73,2001
11.74,0,11.74,0,11.74,0,11.74,0,11.74,2012,11.74,1993,11.74,2005,11.74,1954,11.74,0,11.74,0,11.74,0,11.74,0,11.74,2001,11.74,2001,11.74,2001,11.74,2001
11.75,0,11.75,0,11.75,0,11.75,0,11.75,2000,11.75,2011,11.75,1976,11.75,2002,11.75,0,11.75,0,11.75,0,11.75,0,11.75,2001,11.75,2001,11.75,2001,11.75,2001
11.76,0,11.76,0,11.76,0,11.76,0,11.76,1981,11.76,1995,11.76,1991,11.76,2019,11.76,0,11.76,0,11.76,0,11.76,0,11.76,2001,11.76,2001,11.76,2001,11.76,2001
11.77,0,11.77,0,11.77,0,11.77,0,11.77,2008,11.77,2104,11.77,2004,11.77,2003,11.77,0,11.77,0,11.77,0,11.77,0,11.77,2001,11.77,2001,11.77,2001,11.77,2001
11.78,0,11.78,0,11.78,0,11.78,0,11.78,1994,11.78,1980,11.78,1996,11.78,1992,11.78,0,11.78,0,11.78,0,11.78,0,11.78,2001,11.78,2001,11.78,2001,11.78,2001
11.79,0,11.79,0,11.79,0,11.79,0,11.79,2044,11.79,1991,11.79,1977,11.79,2023,11.79,0,11.79,0,11.79,0,11.79,0,11.79,2001,11.79,2001,11.79,2001,11.79,2001
11.8,0,11.8,0,11.8,0,11.8,0,11.8,2037,11.8,2005,11.8,1986,11.8,2004,11.8,0,11.8,0,11.8,0,11.8,0,11.8,2001,11.8,2001,11.8,2001,11.8,2001
11.81,0,11.81,0,11.81,0,11.81,0,11.81,2036,11.81,1979,11.81,2007,11.81,1983,11.81,0,11.81,0,11.81,0,11.81,0,11.81,2001,11.81,2001,11.81,2001,11.81,2001
11.82,0,11.82,0,11.82,0,11.82,0,11.82,1925,11.82,2012,11.82,1999,11.82,1948,11.82,0,11.82,0,11.82,0,11.82,0,11.82,2001,11.82,2001,11.82,2001,11.82,2001
11.83,0,11.83,0,11.83,0,11.83,0,11.83,1974,11.83,1984,11.83,2002,11.83,2006,11.83,0,11.83,0,11.83,0,11.83,0,11.83,2001,11.83,2001,11.83,2001,11.83,2001
11.84,0,11.84,0,11.84,0,11.84,0,11.84,1976,11.84,1996,11.84,2004,11.84,1988,11.84,0,11.84,0,11.84,0,11.84,0,11.84,2001,11.84,2001,11.84,2001,11.84,2001
11.85,0,11.85,0,11.85,0,11.85,0,11.85,2040,11.85,2099,11.85,1927,11.85,2007,11.85,0,11.85,0,11.85,0,11.85,0,11.85,2001,11.85,2001,11.85,2001,11.85,2001
11.86,0,11.86,0,11.86,0,11.86,0,11.86,1998,11.86,1993,11.86,1908,11.86,1997,11.86,0,11.86,0,11.86,0,11.86,0,11.86,2001,11.86,2001,11.86,2001,11.86,2001
11.87,0,11.87,0,11.87,0,11.87,0,11.87,2004,11.87,1970,11.87,2007,11.87,1996,11.87,0,11.87,0,11.87,0,11.87,0,11.87,2001,11.87,2001,11.87,2001,11.87,2001
11.88,0,11.88,0,11.88,0,11.88,0,11.88,1986,11.88,2006,11.88,2003,11.88,1990,11.88,0,11.88,0,11.88,0,11.88,0,11.88,2001,11.88,2001,11.88,2001,11.88,2001
11.89,0,11.89,0,11.89,0,11.89,0,11.89,1998,11.89,1982,11.89,1984,11.89,2011,11.89,0,11.89,0,11.89,0,11.89,0,11.89,2001,11.89,2001,11.89,2001,11.89,2001
11.9,0,11.9,0,11.9,0,11.9,0,11.9,2027,11.9,1970,11.9,2014,11.9,2000,11.9,0,11.9,0,11.9,0,11.9,0,11.9,2001,11.9,2001,11.9,2001,11.9,2001
11.91,0,11.91,0,11.91,0,11.91,0,11.91,2107,11.91,1923,11.91,1984,11.91,1990,11.91,0,11.91,0,11.91,0,11.91,0,11.91,2001,11.91,2001,11.91,2001,11.91,2001
11.92,0,11.92,0,11.92,0,11.92,0,11.92,1967,11.92,1980,11.92,1973,11.92,2008,11.92,0,11.92,0,11.92,0,11.92,0,11.92,2001,11.92,2001,11.92,2001,11.92,2001
11.93,0,11.93,0,11.93,0,11.93,0,11.93,1999,11.93,1950,11.93,2018,11.93,2000,11.93,0,11.93,0,11.93,0,11.93,0,11.93,2001,11.93,2001,11.93,2001,11.93,2001
11.94,0,11.94,0,11.94,0,11.94,0,11.94,2002,11.94,2136,11.94,2032,11.94,1975,11.94,0,11.94,0,11.94,0,11.94,0,11.94,2001,11.94,2001,11.94,2001,11.94,2001
11.95,0,11.95,0,11.95,0,11.95,0,11.95,1996,11.95,1946,11.95,2002,11.95,2027,11.95,0,11.95,0,11.95,0,11.95,0,11.95,2001,11.95,2001,11.95,2001,11.95,2001
11.96,0,11.96,0,11.96,0,11.96,0,11.96,2025,11.96,1971,11.96,1990,11.96,2010,11.96,0,11.96,0,11.96,0,11.96,0,11.96,2001,11.96,2001,11.96,2001,11.96,2001
11.97,0,11.97,0,11.97,0,11.97,0,11.97,2097,11.97,1991,11.97,1972,11.97,1941,11.97,0,11.97,0,11.97,0,11.97,0,11.97,2001,11.97,2001,11.97,2001,11.97,2001
11.98,0,11.98,0,11.98,0,11.98,0,11.98,2008,11.98,2018,11.98,1981,11.98,2035,11.98,0,11.98,0,11.98,0,11.98,0,11.98,2001,11.98,2001,11.98,2001,11.98,2001
11.99,0,11.99,0,11.99,0,11.99,0,11.99,1997,11.99,1999,11.99,2000,11.99,1980,11.99,0,11.99,0,11.99,0,11.99,0,11.99,2001,11.99,2001,11.99,2001,11.99,2001
12,0,12,0,12,0,12,0,12,1991,12,2012,12,1982,12,1982,12,0,12,0,12,0,12,0,12,2001,12,2001,12,2001,12,2001
12.01,0,12.01,0,12.01,0,12.01,0,12.01,2009,12.01,2021,12.01,1995,12.01,2052,12.01,0,12.01,0,12.01,0,12.01,0,12.01,2001,12.01,2001,12.01,2001,12.01,2001
12.02,0,12.02,0,12.02,0,12.02,0,12.02,1995,12.02,1965,12.02,1978,12.02,1936,12.02,0,12.02,0,12.02,0,12.02,0,12.02,2001,12.02,2001,12.02,2001,12.02,2001
12.03,0,12.03,0,12.03,0,12.03,0,12.03,1986,12.03,1993,12.03,2047,12.03,1978,12.03,0,12.03,0,12.03,0,12.03,0,12.03,2001,12.03,2001,12.03,2001,12.03,2001
12.04,0,12.04,0,12.04,0,12.04,0,12.04,1989,12.04,1956,12.04,1990,12.04,1997,12.04,0,12.04,0,12.04,0,12.04,0,12.04,2001,12.04,2001,12.04,2001,12.04,2001
12.05,0,12.05,0,12.05,0,12.05,0,12.05,2137,12.05,2091,12.05,2000,12.05,2062,12.05,0,12.05,0,12.05,0,12.05,0,12.05,2001,12.05,2001,12.05,2001,12.05,2001
12.06,0,12.06,0,12.06,0,12.06,0,12.06,1981,12.06,1991,12.06,1986,12.06,1999,12.06,0,12.06,0,12.06,0,12.06,0,12.06,2001,12.06,2001,12.06,2001,12.06,2001
12.07,0,12.07,0,12.07,0,12.07,0,12.07,1996,12.07,1980,12.07,1962,12.07,2002,12.07,0,12.07,0,12.07,0,12.07,0,12.07,2001,12.07,2001,12.07,2001,12.07,2001
12.08,0,12.08,0,12.08,0,12.08,0,12.08,1998,12.08,1982,12.08,1957,12.08,2253,12.08,0,12.08,0,12.08,0,12.08,0,12.08,2001,12.08,2001,12.08,2001,12.08,2001
12.09,0,12.09,0,12.09,0,12.09,0,12.09,1952,12.09,1981,12.09,2018,12.09,1951,12.09,0,12.09,0,12.09,0,12.09,0,12.09,2001,12.09,2001,12.09,2001,12.09,2001
12.1,0,12.1,0,12.1,0,12.1,0,12.1,1976,12.1,2000,12.1,1976,12.1,2002,12.1,0,12.1,0,12.1,0,12.1,0,12.1,2001,12.1,2001,12.1,2001,12.1,2001
12.11,0,12.11,0,12.11,0,12.11,0,12.11,2062,12.11,2060,12.11,2041,12.11,2068,12.11,0,12.11,0,12.11,0,12.11,0,12.11,2001,12.11,2001,12.11,2001,12.11,2001
12.12,0,12.12,0,12.12,0,12.12,0,12.12,1985,12.12,1987,12.12,1972,12.12,2024,12.12,0,12.12,0,12.12,0,12.12,0,12.12,2001,12.12,2001,12.12,2001,12.12,2001
12.13,0,12.13,0,12.13,0,12.13,0,12.13,1990,12.13,1996,12.13,2030,12.13,1931,12.13,0,12.13,0,12.13,0,12.13,0,12.13,2001,12.13,2001,12.13,2001,12.13,2001
12.14,0,12.14,0,12.14,0,12.14,0,12.14,1996,12.14,1986,12.14,2017,12.14,2004,12.14,0,12.14,0,12.14,0,12.14,0,12.14,2001,12.14,2001,12.14,2001,12.14,2001
12.15,0,12.15,0,12.15,0,12.15,0,12.15,2016,12.15,2008,12.15,1924,12.15,1956,12.15,0,12.15,0,12.15,0,12.15,0,12.15,2001,12.15,2001,12.15,2001,12.15,2001
12.16,0,12.16,0,12.16,0,12.16,0,12.16,2007,12.16,2037,12.16,1973,12.16,2014,12.16,0,12.16,0,12.16,0,12.16,0,12.16,2001,12.16,2001,12.16,2001,12.16,2001
12.17,0,12.17,0,12.17,0,12.17,0,12.17,1957,12.17,1990,12.17,1989,12.17,2004,12.17,0,12.17,0,12.17,0,12.17,0,12.17,2001,12.17,2001,12.17,2001,12.17,2001
12.18,0,12.18,0,12.18,0,12.18,0,12.18,1944,12.18,1958,12.18,2046,12.18,1974,12.18,0,12.18,0,12.18,0,12.18,0,12.18,2001,12.18,2001,12.18,2001,12.18,2001
12.19,0,12.19,0,12.19,0,12.19,0,12.19,2006,12.19,2016,12.19,1892,12.19,2010,12.19,0,12.19,0,12.19,0,12.19,0,12.19,2001,12.19,2001,12.19,2001,12.19,2001
12.2,0,12.2,0,12.2,0,12.2,0,12.2,1962,12.2,1942,12.2,1995,12.2,1994,12.2,0,12.2,0,12.2,0,12.2,0,12.2,2001,12.2,2001,12.2,2001,12.2,2001
12.21,0,12.21,0,12.21,0,12.21,0,12.21,1984,12.21,1999,12.21,1999,12.21,1981,12.21,0,12.21,0,12.21,0,12.21,0,12.21,2001,12.21,2001,12.21,2001,12.21,2001
12.22,0,12.22,0,12.22,0,12.22,0,12.22,1981,12.22,2007,12.22,1973,12.22,2104,12.22,0,12.22,0,12.22,0,12.22,0,12.22,2001,12.22,2001,12.22,2001,12.22,2001
12.23,0,12.23,0,12.23,0,12.23,0,12.23,1996,12.23,1986,12.23,2021,12.23,2018,12.23,0,12.23,0,12.23,0,12.23,0,12.23,2001,12.23,2001,12.23,2001,12.23,2001
12.24,0,12.24,0,12.24,0,12.24,0,12.24,1960,12.24,2009,12.24,1994,12.24,1988,12.24,0,12.24,0,12.24,0,12.24,0,12.24,2001,12.24,2001,12.24,2001,12.24,2001
12.25,0,12.25,0,12.25,0,12.25,0,12.25,2020,12.25,2197,12.25,1991,12.25,1983,12.25,0,12.25,0,12.25,0,12.25,0,12.25,2001,12.25,2001,12.25,2001,12.25,2001
12.26,0,12.26,0,12.26,0,12.26,0,12.26,2021,12.26,1948,12.26,2005,12.26,2010,12.26,0,12.26,0,12.26,0,12.26,0,12.26,2001,12.26,2001,12.26,2001,12.26,2001
12.27,0,12.27,0,12.27,0,12.27,0,12.27,2067,12.27,1948,12.27,2010,12.27,2006,12.27,0,12.27,0,12.27,0,12.27,0,12.27,2001,12.27,2001,12.27,2001,12.27,2001
12.28,0,12.28,0,12.28,0,12.28,0,12.28,1978,12.28,1992,12.28,2020,12.28,1965,12.28,0,12.28,0,12.28,0,12.28,0,12.28,2001,12.28,2001,12.28,2001,12.28,2001
12.29,0,12.29,0,12.29,0,12.29,0,12.29,1996,12.29,1997,12.29,1974,12.29,2012,12.29,0,12.29,0,12.29,0,12.29,0,12.29,2001,12.29,2001,12.29,2001,12.29,2001
12.3,0,12.3,0,12.3,0,12.3,0,12.3,1986,12.3,1991,12.3,1974,12.3,1980,12.3,0,12.3,0,12.3,0,12.3,0,12.3,2001,12.3,2001,12.3,2001,12.3,2001
12.31,0,12.31,0,12.31,0,12.31,0,12.31,1992,12.31,1990,12.31,2016,12.31,2130,12.31,0,12.31,0,12.31,0,12.31,0,12.31,2001,12.31,2001,12.31,2001,12.31,2001
12.32,0,12.32,0,12.32,0,12.32,0,12.32,2021,12.32,1970,12.32,2074,12.32,2022,12.32,0,12.32,0,12.32,0,12.32,0,12.32,2001,12.32,2001,12.32,2001,12.32,2001
12.33,0,12.33,0,12.33,0,12.33,0,12.33,1950,12.33,1978,12.33,1984,12.33,1985,12.33,0,12.33,0,12.33,0,12.33,0,12.33,2001,12.33,2001,12.33,2001,12.33,2001
12.34,0,12.34,0,12.34,0,12.34,0,12.34,1998,12.34,2007,12.34,2016,12.34,2023,12.34,0,12.34,0,12.34,0,12.34,0,12.34,2001,12.34,2001,12.34,2001,12.34,2001
12.35,0,12.35,0,12.35,0,12.35,0,12.35,2006,12.35,1955,12.35,2002,12.35,2001,12.35,0,12.35,0,12.35,0,12.35,0,12.35,2001,12.35,2001,12.35,2001,12.35,2001
12.36,0,12.36,0,12.36,0,12.36,0,12.36,2164,12.36,1973,12.36,2083,12.36,1982,12.36,0,12.36,0,12.36,0,12.36,0,12.36,2001,12.36,2001,12.36,2001,12.36,2001
12.37,0,12.37,0,12.37,0,12.37,0,12.37,1979,12.37,1998,12.37,1974,12.37,2046,12.37,0,12.37,0,12.37,0,12.37,0,12.37,2001,12.37,2001,12.37,2001,12.37,2001
12.38,0,12.38,0,12.38,0,12.38,0,12.38,2008,12.38,1996,12.38,1983,12.38,2016,12.38,0,12.38,0,12.38,0,12.38,0,12.38,2001,12.38,2001,12.38,2001,12.38,2001
12.39,0,12.39,0,12.39,0,12.39,0,12.39,1982,12.39,1955,12.39,1999,12.39,1985,12.39,0,12.39,0,12.39,0,12.39,0,12.39,2001,12.39,2001,12.39,2001,12.39,2001
12.4,0,12.4,0,12.4,0,12.4,0,12.4,1986,12.4,2007,12.4,1973,12.4,1972,12.4,0,12.4,0,12.4,0,12.4,0,12.4,2001,12.4,2001,12.4,2001,12.4,2001
12.41,0,12.41,0,12.41,0,12.41,0,12.41,1994,12.41,1978,12.41,2287,12.41,2085,12.41,0,12.41,0,12.41,0,12.41,0,12.41,2001,12.41,2001,12.41,2001,12.41,2001
12.42,0,12.42,0,12.42,0,12.42,0,12.42,1988,12.42,1986,12.42,2033,12.42,1972,12.42,0,12.42,0,12.42,0,12.42,0,12.42,2001,12.42,2001,12.42,2001,12.42,2001
12.43,0,12.43,0,12.43,0,12.43,0,12.43,2014,12.43,2117,12.43,1993,12.43,1989,12.43,0,12.43,0,12.43,0,12.43,0,12.43,2001,12.43,2001,12.43,2001,12.43,2001
12.44,0,12.44,0,12.44,0,12.44,0,12.44,1987,12.44,2003,12.44,1978,12.44,1998,12.44,0,12.44,0,12.44,0,12.44,0,12.44,2001,12.44,2001,12.44,2001,12.44,2001
12.45,0,12.45,0,12.45,0,12.45,0,12.45,2007,12.45,1945,12.45,2060,12.45,1996,12.45,0,12.45,0,12.45,0,12.45,0,12.45,2001,12.45,2001,12.45,2001,12.45,2001
12.46,0,12.46,0,12.46,0,12.46,0,12.46,2001,12.46,1990,12.46,2018,12.46,2040,12.46,0,12.46,0,12.46,0,12.46,0,12.46,2001,12.46,2001,12.46,2001,12.46,2001
12.47,0,12.47,0,12.47,0,12.47,0,12.47,1980,12.47,1973,12.47,1973,12.47,2017,12.47,0,12.47,0,12.47,0,12.47,0,12.47,2001,12.47,2001,12.47,2001,12.47,2001
12.48,0,12.48,0,12.48,0,12.48,0,12.48,1994,12.48,1998,12.48,2012,12.48,1981,12.48,0,12.48,0,12.48,0,12.48,0,12.48,2001,12.48,2001,12.48,2001,12.48,2001
12.49,0,12.49,0,12.49,0,12.49,0,12.49,1984,12.49,1983,12.49,1999,12.49,2017,12.49,0,12.49,0,12.49,0,12.49,0,12.49,2001,12.49,2001,12.49,2001,12.49,2001
12.5,0,12.5,0,12.5,0,12.5,0,12.5,1989,12.5,1997,12.5,1992,12.5,2016,12.5,0,12.5,0,12.5,0,12.5,0,12.5,2001,12.5,2001,12.5,2001,12.5,2001
12.51,0,12.51,0,12.51,0,12.51,0,12.51,2100,12.51,1974,12.51,2095,12.51,2040,12.51,0,12.51,0,12.51,0,12.51,0,12.51,2001,12.51,2001,12.51,2001,12.51,2001
12.52,0,12.52,0,12.52,0,12.52,0,12.52,2000,12.52,1992,12.52,2006,12.52,1990,12.52,0,12.52,0,12.52,0,12.52,0,12.52,2001,12.52,2001,12.52,2001,12.52,2001
12.53,0,12.53,0,12.53,0,12.53,0,12.53,2000,12.53,2002,12.53,1987,12.53,2001,12.53,0,12.53,0,12.53,0,12.53,0,12.53,2001,12.53,2001,12.53,2001,12.53,2001
12.54,0,12.54,0,12.54,0,12.54,0,12.54,2002,12.54,2062,12.54,2015,12.54,1987,12.54,0,12.54,0,12.54,0,12.54,0,12.54,2001,12.54,2001,12.54,2001,12.54,2001
12.55,0,12.55,0,12.55,0,12.55,0,12.55,1998,12.55,1995,12.55,1999,12.55,2010,12.55,0,12.55,0,12.55,0,12.55,0,12.55,2001,12.55,2001,12.55,2001,12.55,2001
12.56,0,12.56,0,12.56,0,12.56,0,12.56,1999,12.56,1994,12.56,1969,12.56,2065,12.56,0,12.56,0,12.56,0,12.56,0,12.56,2001,12.56,2001,12.56,2001,12.56,2001
12.57,0,12.57,0,12.57,0,12.57,0,12.57,1908,12.57,1984,12.57,1933,12.57,1973,12.57,0,12.57,0,12.57,0,12.57,0,12.57,2001,12.57,2001,12.57,2001,12.57,2001
12.58,0,12.58,0,12.58,0,12.58,0,12.58,2079,12.58,1952,12.58,2024,12.58,2002,12.58,0,12.58,0,12.58,0,12.58,0,12.58,2001,12.58,2001,12.58,2001,12.58,2001
12.59,0,12.59,0,12.59,0,12.59,0,12.59,1994,12.59,1999,12.59,1968,12.59,2009,12.59,0,12.59,0,12.59,0,12.59,0,12.59,2001,12.59,2001,12.59,2001,12.59,2001
12.6,0,12.6,0,12.6,0,12.6,0,12.6,1990,12.6,1994,12.6,2055,12.6,1984,12.6,0,12.6,0,12.6,0,12.6,0,12.6,2001,12.6,2001,12.6,2001,12.6,2001
12.61,0,12.61,0,12.61,0,12.61,0,12.61,2006,12.61,1983,12.61,1958,12.61,1976,12.61,0,12.61,0,12.61,0,12.61,0,12.61,2001,12.61,2001,12.61,2001,12.61,2001
12.62,0,12.62,0,12.62,0,12.62,0,12.62,1992,12.62,2025,12.62,1980,12.62,2000,12.62,0,12.62,0,12.62,0,12.62,0,12.62,2001,12.62,2001,12.62,2001,12.62,2001
12.63,0,12.63,0,12.63,0,12.63,0,12.63,2002,12.63,1985,12.63,1958,12.63,2006,12.63,0,12.63,0,12.63,0,12.63,0,12.63,2001,12.63,2001,12.63,2001,12.63,2001
12.64,0,12.64,0,12.64,0,12.64,0,12.64,1993,12.64,2116,12.64,1992,12.64,1986,12.64,0,12.64,0,12.64,0,12.64,0,12.64,2001,12.64,2001,12.64,2001,12.64,2001
12.65,0,12.65,0,12.65,0,12.65,0,12.65,2222,12.65,2011,12.65,1980,12.65,1997,12.65,0,12.65,0,12.65,0,12.65,0,12.65,2001,12.65,2001,12.65,2001,12.65,2001
12.66,0,12.66,0,12.66,0,12.66,0,12.66,1989,12.66,2028,12.66,2078,12.66,1988,12.66,0,12.66,0,12.66,0,12.66,0,12.66,2001,12.66,2001,12.66,2001,12.66,2001
12.67,0,12.67,0,12.67,0,12.67,0,12.67,1988,12.67,2128,12.67,2021,12.67,1994,12.67,0,12.67,0,12.67,0,12.67,0,12.67,2001,12.67,2001,12.67,2001,12.67,2001
12.68,0,12.68,0,12.68,0,12.68,0,12.68,1990,12.68,1988,12.68,1989,12.68,2078,12.68,0,12.68,0,12.68,0,12.68,0,12.68,2001,12.68,2001,12.68,2001,12.68,2001
12.69,0,12.69,0,12.69,0,12.69,0,12.69,1992,12.69,1977,12.69,1998,12.69,1976,12.69,0,12.69,0,12.69,0,12.69,0,12.69,2001,12.69,2001,12.69,2001,12.69,2001
12.7,0,12.7,0,12.7,0,12.7,0,12.7,1988,12.7,1987,12.7,1954,12.7,1970,12.7,0,12.7,0,12.7,0,12.7,0,12.7,2001,12.7,2001,12.7,2001,12.7,2001
12.71,0,12.71,0,12.71,0,12.71,0,12.71,1981,12.71,2018,12.71,1985,12.71,2011,12.71,0,12.71,0,12.71,0,12.71,0,12.71,2001,12.71,2001,12.71,2001,12.71,2001
12.72,0,12.72,0,12.72,0,12.72,0,12.72,1973,12.72,1999,12.72,2164,12.72,2010,12.72,0,12.72,0,12.72,0,12.72,0,12.72,2001,12.72,2001,12.72,2001,12.72,2001
12.73,0,12.73,0,12.73,0,12.73,0,12.73,1990,12.73,2003,12.73,1995,12.73,1986,12.73,0,12.73,0,12.73,0,12.73,0,12.73,2001,12.73,2001,12.73,2001,12.73,2001
12.74,0,12.74,0,12.74,0,12.74,0,12.74,1993,12.74,2009,12.74,1972,12.74,2004,12.74,0,12.74,0,12.74,0,12.74,0,12.74,2001,12.74,2001,12.74,2001,12.74,2001
12.75,0,12.75,0,12.75,0,12.75,0,12.75,2032,12.75,1996,12.75,1983,12.75,2089,12.75,0,12.75,0,12.75,0,12.75,0,12.75,2001,12.75,2001,12.75,2001,12.75,2001
12.76,0,12.76,0,12.76,0,12.76,0,12.76,2047,12.76,1980,12.76,1981,12.76,1983,12.76,0,12.76,0,12.76,0,12.76,0,12.76,2001,12.76,2001,12.76,2001,12.76,2001
12.77,0,12.77,0,12.77,0,12.77,0,12.77,2012,12.77,1978,12.77,2082,12.77,2007,12.77,0,12.77,0,12.77,0,12.77,0,12.77,2001,12.77,2001,12.77,2001,12.77,2001
12.78,0,12.78,0,12.78,0,12.78,0,12.78,1995,12.78,1975,12.78,1994,12.78,1992,12.78,0,12.78,0,12.78,0,12.78,0,12.78,2001,12.78,2001,12.78,2001,12.78,2001
12.79,0,12.79,0,12.79,0,12.79,0,12.79,2055,12.79,1984,12.79,1997,12.79,2017,12.79,0,12.79,0,12.79,0,12.79,0,12.79,2001,12.79,2001,12.79,2001,12.79,2001
12.8,0,12.8,0,12.8,0,12.8,0,12.8,2000,12.8,1955,12.8,1970,12.8,2018,12.8,0,12.8,0,12.8,0,12.8,0,12.8,2001,12.8,2001,12.8,2001,12.8,2001
12.81,0,12.81,0,12.81,0,12.81,0,12.81,2042,12.81,2090,12.81,2000,12.81,1992,12.81,0,12.81,0,12.81,0,12.81,0,12.81,2001,12.81,2001,12.81,2001,12.81,2001
12.82,0,12.82,0,12.82,0,12.82,0,12.82,2002,12.82,1980,12.82,2016,12.82,2005,12.82,0,12.82,0,12.82,0,12.82,0,12.82,2001,12.82,2001,12.82,2001,12.82,2001
12.83,0,12.83,0,12.83,0,12.83,0,12.83,2002,12.83,2024,12.83,2003,12.83,1998,12.83,0,12.83,0,12.83,0,12.83,0,12.83,2001,12.83,2001,12.83,2001,12.83,2001
12.84,0,12.84,0,12.84,0,12.84,0,12.84,1985,12.84,1981,12.84,2004,12.84,2006,12.84,0,12.84,0,12.84,0,12.84,0,12.84,2001,12.84,2001,12.84,2001,12.84,2001
12.85,0,12.85,0,12.85,0,12.85,0,12.85,2004,12.85,1979,12.85,2005,12.85,2002,12.85,0,12.85,0,12.85,0,12.85,0,12.85,2001,12.85,2001,12.85,2001,12.85,2001
12.86,0,12.86,0,12.86,0,12.86,0,12.86,2005,12.86,2033,12.86,1995,12.86,2002,12.86,0,12.86,0,12.86,0,12.86,0,12.86,2001,12.86,2001,12.86,2001,12.86,2001
12.87,0,12.87,0,12.87,0,12.87,0,12.87,2000,12.87,1986,12.87,1973,12.87,1982,12.87,0,12.87,0,12.87,0,12.87,0,12.87,2001,12.87,2001,12.87,2001,12.87,2001
12.88,0,12.88,0,12.88,0,12.88,0,12.88,1978,12.88,1987,12.88,2012,12.88,2000,12.88,0,12.88,0,12.88,0,12.88,0,12.88,2001,12.88,2001,12.88,2001,12.88,2001
12.89,0,12.89,0,12.89,0,12.89,0,12.89,2001,12.89,1984,12.89,2043,12.89,1993,12.89,0,12.89,0,12.89,0,12.89,0,12.89,2001,12.89,2001,12.89,2001,12.89,2001
12.9,0,12.9,0,12.9,0,12.9,0,12.9,1996,12.9,1982,12.9,1952,12.9,2005,12.9,0,12.9,0,12.9,0,12.9,0,12.9,2001,12.9,2001,12.9,2001,12.9,2001
12.91,0,12.91,0,12.91,0,12.91,0,12.91,1963,12.91,1936,12.91,2018,12.91,1978,12.91,0,12.91,0,12.91,0,12.91,0,12.91,2001,12.91,2001,12.91,2001,12.91,2001
12.92,0,12.92,0,12.92,0,12.92,0,12.92,1965,12.92,1988,12.92,1972,12.92,2032,12.92,0,12.92,0,12.92,0,12.92,0,12.92,2001,12.92,2001,12.92,2001,12.92,2001
12.93,0,12.93,0,12.93,0,12.93,0,12.93,1950,12.93,1991,12.93,1972,12.93,1995,12.93,0,12.93,0,12.93,0,12.93,0,12.93,2001,12.93,2001,12.93,2001,12.93,2001
12.94,0,12.94,0,12.94,0,12.94,0,12.94,2000,12.94,1972,12.94,1934,12.94,1978,12.94,0,12.94,0,12.94,0,12.94,0,12.94,2001,12.94,2001,12.94,2001,12.94,2001
12.95,0,12.95,0,12.95,0,12.95,0,12.95,1942,12.95,2028,12.95,1979,12.95,2051,12.95,0,12.95,0,12.95,0,12.95,0,12.95,2001,12.95,2001,12.95,2001,12.95,2001
12.96,0,12.96,0,12.96,0,12.96,0,12.96,1994,12.96,1966,12.96,1980,12.96,1979,12.96,0,12.96,0,12.96,0,12.96,0,12.96,2001,12.96,2001,12.96,2001,12.96,2001
12.97,0,12.97,0,12.97,0,12.97,0,12.97,1990,12.97,1979,12.97,1991,12.97,1983,12.97,0,12.97,0,12.97,0,12.97,0,12.97,2001,12.97,2001,12.97,2001,12.97,2001
12.98,0,12.98,0,12.98,0,12.98,0,12.98,2010,12.98,2008,12.98,1982,12.98,1992,12.98,0,12.98,0,12.98,0,12.98,0,12.98,2001,12.98,2001,12.98,2001,12.98,2001
12.99,0,12.99,0,12.99,0,12.99,0,12.99,1999,12.99,1984,12.99,1970,12.99,2012,12.99,0,12.99,0,12.99,0,12.99,0,12.99,2001,12.99,2001,12.99,2001,12.99,2001
13,0,13,0,13,0,13,0,13,1995,13,2133,13,2022,13,1988,13,0,13,0,13,0,13,0,13,2001,13,2001,13,2001,13,2001
13.01,0,13.01,0,13.01,0,13.01,0,13.01,1994,13.01,1988,13.01,1980,13.01,2008,13.01,0,13.01,0,13.01,0,13.01,0,13.01,2001,13.01,2001,13.01,2001,13.01,2001
13.02,0,13.02,0,13.02,0,13.02,0,13.02,2007,13.02,2100,13.02,2100,13.02,1989,13.02,0,13.02,0,13.02,0,13.02,0,13.02,2001,13.02,2001,13.02,2001,13.02,2001
13.03,0,13.03,0,13.03,0,13.03,0,13.03,1972,13.03,1992,13.03,2000,13.03,1941,13.03,0,13.03,0,13.03,0,13.03,0,13.03,2001,13.03,2001,13.03,2001,13.03,2001
13.04,0,13.04,0,13.04,0,13.04,0,13.04,1983,13.04,1980,13.04,1988,13.04,1988,13.04,0,13.04,0,13.04,0,13.04,0,13.04,2001,13.04,2001,13.04,2001,13.04,2001
13.05,0,13.05,0,13.05,0,13.05,0,13.05,1947,13.05,1976,13.05,1967,13.05,1985,13.05,0,13.05,0,13.05,0,13.05,0,13.05,2001,13.05,2001,13.05,2001,13.05,2001
13.06,0,13.06,0,13.06,0,13.06,0,13.06,1975,13.06,1907,13.06,2038,13.06,2058,13.06,0,13.06,0,13.06,0,13.06,0,13.06,2001,13.06,2001,13.06,2001,13.06,2001
13.07,0,13.07,0,13.07,0,13.07,0,13.07,1994,13.07,1984,13.07,2012,13.07,2074,13.07,0,13.07,0,13.07,0,13.07,0,13.07,2001,13.07,2001,13.07,2001,13.07,2001
13.08,0,13.08,0,13.08,0,13.08,0,13.08,1943,13.08,1997,13.08,1987,13.08,1887,13.08,0,13.08,0,13.08,0,13.08,0,13.08,2001,13.08,2001,13.08,2001,13.08,2001
13.09,0,13.09,0,13.09,0,13.09,0,13.09,1979,13.09,1994,13.09,1984,13.09,1970,13.09,0,13.09,0,13.09,0,13.09,0,13.09,2001,13.09,2001,13.09,2001,13.09,2001
13.1,0,13.1,0,13.1,0,13.1,0,13.1,2002,13.1,1944,13.1,2030,13.1,2002,13.1,0,13.1,0,13.1,0,13.1,0,13.1,2001,13.1,2001,13.1,2001,13.1,2001
13.11,0,13.11,0,13.11,0,13.11,0,13.11,2034,13.11,1960,13.11,1974,13.11,2013,13.11,0,13.11,0,13.11,0,13.11,0,13.11,2001,13.11,2001,13.11,2001,13.11,2001
13.12,0,13.12,0,13.12,0,13.12,0,13.12,2016,13.12,1984,13.12,1993,13.12,1974,13.12,0,13.12,0,13.12,0,13.12,0,13.12,2001,13.12,2001,13.12,2001,13.12,2001
13.13,0,13.13,0,13.13,0,13.13,0,13.13,1994,13.13,1987,13.13,1950,13.13,1993,13.13,0,13.13,0,13.13,0,13.13,0,13.13,2001,13.13,2001,13.13,2001,13.13,2001
13.14,0,13.14,0,13.14,0,13.14,0,13.14,1996,13.14,1989,13.14,1973,13.14,1999,13.14,0,13.14,0,13.14,0,13.14,0,13.14,2001,13.14,2001,13.14,2001,13.14,2001
13.15,0,13.15,0,13.15,0,13.15,0,13.15,1994,13.15,2056,13.15,1993,13.15,1983,13.15,0,13.15,0,13.15,0,13.15,0,13.15,2001,13.15,2001,13.15,2001,13.15,2001
13.16,0,13.16,0,13.16,0,13.16,0,13.16,2195,13.16,2039,13.16,1996,13.16,2004,13.16,0,13.16,0,13.16,0,13.16,0,13.16,2001,13.16,2001,13.16,2001,13.16,2001
13.17,0,13.17,0,13.17,0,13.17,0,13.17,2024,13.17,2004,13.17,1975,13.17,2011,13.17,0,13.17,0,13.17,0,13.17,0,13.17,2001,13.17,2001,13.17,2001,13.17,2001
13.18,0,13.18,0,13.18,0,13.18,0,13.18,1932,13.18,2006,13.18,1991,13.18,1979,13.18,0,13.18,0,13.18,0,13.18,0,13.18,2001,13.18,2001,13.18,2001,13.18,2001
13.19,0,13.19,0,13.19,0,13.19,0,13.19,1995,13.19,2031,13.19,2044,13.19,2047,13.19,0,13.19,0,13.19,0,13.19,0,13.19,2001,13.19,2001,13.19,2001,13.19,2001
13.2,0,13.2,0,13.2,0,13.2,0,13.2,1985,13.2,2024,13.2,1985,13.2,1985,13.2,0,13.2,0,13.2,0,13.2,0,13.2,2001,13.2,2001,13.2,2001,13.2,2001
13.21,0,13.21,0,13.21,0,13.21,0,13.21,2032,13.21,1987,13.21,1984,13.21,1996,13.21,0,13.21,0,13.21,0,13.21,0,13.21,2001,13.21,2001,13.21,2001,13.21,2001
13.22,0,13.22,0,13.22,0,13.22,0,13.22,2073,13.22,2001,13.22,2002,13.22,2016,13.22,0,13.22,0,13.22,0,13.22,0,13.22,2001,13.22,2001,13.22,2001,13.22,2001
13.23,0,13.23,0,13.23,0,13.23,0,13.23,2027,13.23,1967,13.23,1986,13.23,2023,13.23,0,13.23,0,13.23,0,13.23,0,13.23,2001,13.23,2001,13.23,2001,13.23,2001
13.24,0,13.24,0,13.24,0,13.24,0,13.24,1995,13.24,1991,13.24,1995,13.24,1988,13.24,0,13.24,0,13.24,0,13.24,0,13.24,2001,13.24,2001,13.24,2001,13.24,2001
13.25,0,13.25,0,13.25,0,13.25,0,13.25,1999,13.25,2009,13.25,2005,13.25,2002,13.25,0,13.25,0,13.25,0,13.25,0,13.25,2001,13.25,2001,13.25,2001,13.25,2001
13.26,0,13.26,0,13.26,0,13.26,0,13.26,1961,13.26,2012,13.26,1942,13.26,2017,13.26,0,13.26,0,13.26,0,13.26,0,13.26,2001,13.26,2001,13.26,2001,13.26,2001
13.27,0,13.27,0,13.27,0,13.27,0,13.27,1970,13.27,1978,13.27,1981,13.27,2003,13.27,0,13.27,0,13.27,0,13.27,0,13.27,2001,13.27,2001,13.27,2001,13.27,2001
13.28,0,13.28,0,13.28,0,13.28,0,13.28,2000,13.28,2103,13.28,2086,13.28,1986,13.28,0,13.28,0,13.28,0,13.28,0,13.28,2001,13.28,2001,13.28,2001,13.28,2001
13.29,0,13.29,0,13.29,0,13.29,0,13.29,2000,13.29,2010,13.29,1996,13.29,1992,13.29,0,13.29,0,13.29,0,13.29,0,13.29,2001,13.29,2001,13.29,2001,13.29,2001
13.3,0,13.3,0,13.3,0,13.3,0,13.3,2021,13.3,1979,13.3,2015,13.3,1986,13.3,0,13.3,0,13.3,0,13.3,0,13.3,2001,13.3,2001,13.3,2001,13.3,2001
13.31,0,13.31,0,13.31,0,13.31,0,13.31,1973,13.31,1996,13.31,2011,13.31,2011,13.31,0,13.31,0,13.31,0,13.31,0,13.31,2001,13.31,2001,13.31,2001,13.31,2001
13.32,0,13.32,0,13.32,0,13.32,0,13.32,2005,13.32,1978,13.32,2000,13.32,1996,13.32,0,13.32,0,13.32,0,13.32,0,13.32,2001,13.32,2001,13.32,2001,13.32,2001
13.33,0,13.33,0,13.33,0,13.33,0,13.33,1992,13.33,1983,13.33,2018,13.33,1998,13.33,0,13.33,0,13.33,0,13.33,0,13.33,2001,13.33,2001,13.33,2001,13.33,2001
13.34,0,13.34,0,13.34,0,13.34,0,13.34,1994,13.34,1984,13.34,1995,13.34,2021,13.34,0,13.34,0,13.34,0,13.34,0,13.34,2001,13.34,2001,13.34,2001,13.34,2001
13.35,0,13.35,0,13.35,0,13.35,0,13.35,1986,13.35,2131,13.35,1945,13.35,2173,13.35,0,13.35,0,13.35,0,13.35,0,13.35,2001,13.35,2001,13.35,2001,13.35,2001
13.36,0,13.36,0,13.36,0,13.36,0,13.36,1986,13.36,1982,13.36,2001,13.36,1973,13.36,0,13.36,0,13.36,0,13.36,0,13.36,2001,13.36,2001,13.36,2001,13.36,2001
13.37,0,13.37,0,13.37,0,13.37,0,13.37,1973,13.37,2077,13.37,1997,13.37,2011,13.37,0,13.37,0,13.37,0,13.37,0,13.37,2001,13.37,2001,13.37,2001,13.37,2001
13.38,0,13.38,0,13.38,0,13.38,0,13.38,1986,13.38,1973,13.38,1978,13.38,2016,13.38,0,13.38,0,13.38,0,13.38,0,13.38,2001,13.38,2001,13.38,2001,13.38,2001
13.39,0,13.39,0,13.39,0,13.39,0,13.39,2090,13.39,1983,13.39,1992,13.39,1973,13.39,0,13.39,0,13.39,0,13.39,0,13.39,2001,13.39,2001,13.39,2001,13.39,2001
13.4,0,13.4,0,13.4,0,13.4,0,13.4,2010,13.4,2147,13.4,2002,13.4,2004,13.4,0,13.4,0,13.4,0,13.4,0,13.4,2001,13.4,2001,13.4,2001,13.4,2001
13.41,0,13.41,0,13.41,0,13.41,0,13.41,1982,13.41,2003,13.41,2021,13.41,2001,13.41,0,13.41,0,13.41,0,13.41,0,13.41,2001,13.41,2001,13.41,2001,13.41,2001
13.42,0,13.42,0,13.42,0,13.42,0,13.42,1941,13.42,1988,13.42,1992,13.42,1970,13.42,0,13.42,0,13.42,0,13.42,0,13.42,2001,13.42,2001,13.42,2001,13.42,2001
13.43,0,13.43,0,13.43,0,13.43,0,13.43,2001,13.43,2002,13.43,2015,13.43,2019,13.43,0,13.43,0,13.43,0,13.43,0,13.43,2001,13.43,2001,13.43,2001,13.43,2001
13.44,0,13.44,0,13.44,0,13.44,0,13.44,2007,13.44,2002,13.44,2007,13.44,2018,13.44,0,13.44,0,13.44,0,13.44,0,13.44,2001,13.44,2001,13.44,2001,13.44,2001
13.45,0,13.45,0,13.45,0,13.45,0,13.45,2018,13.45,2001,13.45,1973,13.45,2058,13.45,0,13.45,0,13.45,0,13.45,0,13.45,2001,13.45,2001,13.45,2001,13.45,2001
13.46,0,13.46,0,13.46,0,13.46,0,13.46,1998,13.46,2001,13.46,2009,13.46,2005,13.46,0,13.46,0,13.46,0,13.46,0,13.46,2001,13.46,2001,13.46,2001,13.46,2001
13.47,0,13.47,0,13.47,0,13.47,0,13.47,2004,13.47,2014,13.47,1999,13.47,2012,13.47,0,13.47,0,13.47,0,13.47,0,13.47,2001,13.47,2001,13.47,2001,13.47,2001
13.48,0,13.48,0,13.48,0,13.48,0,13.48,2007,13.48,1951,13.48,1957,13.48,2039,13.48,0,13.48,0,13.48,0,13.48,0,13.48,2001,13.48,2001,13.48,2001,13.48,2001
13.49,0,13.49,0,13.49,0,13.49,0,13.49,1998,13.49,1998,13.49,2030,13.49,1992,13.49,0,13.49,0,13.49,0,13.49,0,13.49,2001,13.49,2001,13.49,2001,13.49,2001
13.5,0,13.5,0,13.5,0,13.5,0,13.5,2006,13.5,2005,13.5,1990,13.5,2016,13.5,0,13.5,0,13.5,0,13.5,0,13.5,2001,13.5,2001,13.5,2001,13.5,2001
13.51,0,13.51,0,13.51,0,13.51,0,13.51,1991,13.51,1991,13.51,1992,13.51,2069,13.51,0,13.51,0,13.51,0,13.51,0,13.51,2001,13.51,2001,13.51,2001,13.51,2001
13.52,0,13.52,0,13.52,0,13.52,0,13.52,2007,13.52,1989,13.52,1993,13.52,1992,13.52,0,13.52,0,13.52,0,13.52,0,13.52,2001,13.52,2001,13.52,2001,13.52,2001
13.53,0,13.53,0,13.53,0,13.53,0,13.53,1996,13.53,1990,13.53,1992,13.53,2018,13.53,0,13.53,0,13.53,0,13.53,0,13.53,2001,13.53,2001,13.53,2001,13.53,2001
13.54,0,13.54,0,13.54,0,13.54,0,13.54,2012,13.54,1974,13.54,2032,13.54,1983,13.54,0,13.54,0,13.54,0,13.54,0,13.54,2001,13.54,2001,13.54,2001,13.54,2001
13.55,0,13.55,0,13.55,0,13.55,0,13.55,1998,13.55,2006,13.55,2022,13.55,1999,13.55,0,13.55,0,13.55,0,13.55,0,13.55,2001,13.55,2001,13.55,2001,13.55,2001
13.56,0,13.56,0,13.56,0,13.56,0,13.56,2004,13.56,1949,13.56,1998,13.56,2034,13.56,0,13.56,0,13.56,0,13.56,0,13.56,2001,13.56,2001,13.56,2001,13.56,2001
13.57,0,13.57,0,13.57,0,13.57,0,13.57,1989,13.57,1970,13.57,2002,13.57,1988,13.57,0,13.57,0,13.57,0,13.57,0,13.57,2001,13.57,2001,13.57,2001,13.57,2001
13.58,0,13.58,0,13.58,0,13.58,0,13.58,2027,13.58,1973,13.58,2017,13.58,2046,13.58,0,13.58,0,13.58,0,13.58,0,13.58,2001,13.58,2001,13.58,2001,13.58,2001
13.59,0,13.59,0,13.59,0,13.59,0,13.59,2002,13.59,1967,13.59,1984,13.59,2005,13.59,0,13.59,0,13.59,0,13.59,0,13.59,2001,13.59,2001,13.59,2001,13.59,2001
13.6,0,13.6,0,13.6,0,13.6,0,13.6,1993,13.6,1980,13.6,1991,13.6,1981,13.6,0,13.6,0,13.6,0,13.6,0,13.6,2001,13.6,2001,13.6,2001,13.6,2001
13.61,0,13.61,0,13.61,0,13.61,0,13.61,1995,13.61,1944,13.61,1934,13.61,1990,13.61,0,13.61,0,13.61,0,13.61,0,13.61,2001,13.61,2001,13.61,2001,13.61,2001
13.62,0,13.62,0,13.62,0,13.62,0,13.62,2002,13.62,2000,13.62,1997,13.62,2005,13.62,0,13.62,0,13.62,0,13.62,0,13.62,2001,13.62,2001,13.62,2001,13.62,2001
13.63,0,13.63,0,13.63,0,13.63,0,13.63,1986,13.63,1989,13.63,1983,13.63,1986,13.63,0,13.63,0,13.63,0,13.63,0,13.63,2001,13.63,2001,13.63,2001,13.63,2001
13.64,0,13.64,0,13.64,0,13.64,0,13.64,1995,13.64,1959,13.64,2006,13.64,2025,13.64,0,13.64,0,13.64,0,13.64,0,13.64,2001,13.64,2001,13.64,2001,13.64,2001
13.65,0,13.65,0,13.65,0,13.65,0,13.65,1996,13.65,1991,13.65,2014,13.65,1974,13.65,0,13.65,0,13.65,0,13.65,0,13.65,2001,13.65,2001,13.65,2001,13.65,2001
13.66,0,13.66,0,13.66,0,13.66,0,13.66,2024,13.66,2014,13.66,1985,13.66,1999,13.66,0,13.66,0,13.66,0,13.66,0,13.66,2001,13.66,2001,13.66,2001,13.66,2001
13.67,0,13.67,0,13.67,0,13.67,0,13.67,2000,13.67,2076,13.67,2040,13.67,2001,13.67,0,13.67,0,13.67,0,13.67,0,13.67,2001,13.67,2001,13.67,2001,13.67,2001
13.68,0,13.68,0,13.68,0,13.68,0,13.68,1937,13.68,1960,13.68,2004,13.68,2022,13.68,0,13.68,0,13.68,0,13.68,0,13.68,2001,13.68,2001,13.68,2001,13.68,2001
13.69,0,13.69,0,13.69,0,13.69,0,13.69,2000,13.69,1990,13.69,1998,13.69,1992,13.69,0,13.69,0,13.69,0,13.69,0,13.69,2001,13.69,2001,13.69,2001,13.69,2001
13.7,0,13.7,0,13.7,0,13.7,0,13.7,1969,13.7,1989,13.7,2018,13.7,1996,13.7,0,13.7,0,13.7,0,13.7,0,13.7,2001,13.7,2001,13.7,2001,13.7,2001
13.71,0,13.71,0,13.71,0,13.71,0,13.71,2001,13.71,1973,13.71,1990,13.71,1992,13.71,0,13.71,0,13.71,0,13.71,0,13.71,2001,13.71,2001,13.71,2001,13.71,2001
13.72,0,13.72,0,13.72,0,13.72,0,13.72,1981,13.72,1935,13.72,2087,13.72,2000,13.72,0,13.72,0,13.72,0,13.72,0,13.72,2001,13.72,2001,13.72,2001,13.72,2001
13.73,0,13.73,0,13.73,0,13.73,0,13.73,1998,13.73,2022,13.73,1992,13.73,1976,13.73,0,13.73,0,13.73,0,13.73,0,13.73,2001,13.73,2001,13.73,2001,13.73,2001
13.74,0,13.74,0,13.74,0,13.74,0,13.74,1996,13.74,1959,13.74,2009,13.74,2017,13.74,0,13.74,0,13.74,0,13.74,0,13.74,2001,13.74,2001,13.74,2001,13.74,2001
13.75,0,13.75,0,13.75,0,13.75,0,13.75,1991,13.75,1995,13.75,1919,13.75,1986,13.75,0,13.75,0,13.75,0,13.75,0,13.75,2001,13.75,2001,13.75,2001,13.75,2001
13.76,0,13.76,0,13.76,0,13.76,0,13.76,2026,13.76,2029,13.76,2045,13.76,1981,13.76,0,13.76,0,13.76,0,13.76,0,13.76,2001,13.76,2001,13.76,2001,13.76,2001
13.77,0,13.77,0,13.77,0,13.77,0,13.77,2015,13.77,1971,13.77,1993,13.77,2086,13.77,0,13.77,0,13.77,0,13.77,0,13.77,2001,13.77,2001,13.77,2001,13.77,2001
13.78,0,13.78,0,13.78,0,13.78,0,13.78,1990,13.78,2029,13.78,1996,13.78,1969,13.78,0,13.78,0,13.78,0,13.78,0,13.78,2001,13.78,2001,13.78,2001,13.78,2001
13.79,0,13.79,0,13.79,0,13.79,0,13.79,1999,13.79,2041,13.79,2006,13.79,1984,13.79,0,13.79,0,13.79,0,13.79,0,13.79,2001,13.79,2001,13.79,2001,13.79,2001
13.8,0,13.8,0,13.8,0,13.8,0,13.8,1989,13.8,2022,13.8,2007,13.8,2004,13.8,0,13.8,0,13.8,0,13.8,0,13.8,2001,13.8,2001,13.8,2001,13.8,2001
13.81,0,13.81,0,13.81,0,13.81,0,13.81,2063,13.81,1997,13.81,2004,13.81,2099,13.81,0,13.81,0,13.81,0,13.81,0,13.81,2001,13.81,2001,13.81,2001,13.81,2001
13.82,0,13.82,0,13.82,0,13.82,0,13.82,1997,13.82,1986,13.82,2098,13.82,1936,13.82,0,13.82,0,13.82,0,13.82,0,13.82,2001,13.82,2001,13.82,2001,13.82,2001
13.83,0,13.83,0,13.83,0,13.83,0,13.83,1995,13.83,2006,13.83,2015,13.83,2079,13.83,0,13.83,0,13.83,0,13.83,0,13.83,2001,13.83,2001,13.83,2001,13.83,2001
13.84,0,13.84,0,13.84,0,13.84,0,13.84,1892,13.84,1981,13.84,1971,13.84,1997,13.84,0,13.84,0,13.84,0,13.84,0,13.84,2001,13.84,2001,13.84,2001,13.84,2001
13.85,0,13.85,0,13.85,0,13.85,0,13.85,1984,13.85,1954,13.85,2003,13.85,1983,13.85,0,13.85,0,13.85,0,13.85,0,13.85,2001,13.85,2001,13.85,2001,13.85,2001
13.86,0,13.86,0,13.86,0,13.86,0,13.86,1969,13.86,2072,13.86,1970,13.86,1971,13.86,0,13.86,0,13.86,0,13.86,0,13.86,2001,13.86,2001,13.86,2001,13.86,2001
13.87,0,13.87,0,13.87,0,13.87,0,13.87,1996,13.87,1998,13.87,1988,13.87,2015,13.87,0,13.87,0,13.87,0,13.87,0,13.87,2001,13.87,2001,13.87,2001,13.87,2001
13.88,0,13.88,0,13.88,0,13.88,0,13.88,1948,13.88,1982,13.88,2014,13.88,1984,13.88,0,13.88,0,13.88,0,13.88,0,13.88,2001,13.88,2001,13.88,2001,13.88,2001
13.89,0,13.89,0,13.89,0,13.89,0,13.89,2004,13.89,1960,13.89,2067,13.89,2009,13.89,0,13.89,0,13.89,0,13.89,0,13.89,2001,13.89,2001,13.89,2001,13.89,2001
13.9,0,13.9,0,13.9,0,13.9,0,13.9,1988,13.9,2000,13.9,1999,13.9,1996,13.9,0,13.9,0,13.9,0,13.9,0,13.9,2001,13.9,2001,13.9,2001,13.9,2001
13.91,0,13.91,0,13.91,0,13.91,0,13.91,1996,13.91,1988,13.91,2022,13.91,1983,13.91,0,13.91,0,13.91,0,13.91,0,13.91,2001,13.91,2001,13.91,2001,13.91,2001
13.92,0,13.92,0,13.92,0,13.92,0,13.92,2001,13.92,2010,13.92,2000,13.92,2020,13.92,0,13.92,0,13.92,0,13.92,0,13.92,2001,13.92,2001,13.92,2001,13.92,2001
13.93,0,13.93,0,13.93,0,13.93,0,13.93,1980,13.93,1979,13.93,1979,13.93,2099,13.93,0,13.93,0,13.93,0,13.93,0,13.93,2001,13.93,2001,13.93,2001,13.93,2001
13.94,0,13.94,0,13.94,0,13.94,0,13.94,1994,13.94,1988,13.94,2017,13.94,1993,13.94,0,13.94,0,13.94,0,13.94,0,13.94,2001,13.94,2001,13.94,2001,13.94,2001
13.95,0,13.95,0,13.95,0,13.95,0,13.95,1961,13.95,1990,13.95,1918,13.95,2012,13.95,0,13.95,0,13.95,0,13.95,0,13.95,2001,13.95,2001,13.95,2001,13.95,2001
13.96,0,13.96,0,13.96,0,13.96,0,13.96,2012,13.96,2021,13.96,1986,13.96,1992,13.96,0,13.96,0,13.96,0,13.96,0,13.96,2001,13.96,2001,13.96,2001,13.96,2001
13.97,0,13.97,0,13.97,0,13.97,0,13.97,1982,13.97,1988,13.97,1974,13.97,2019,13.97,0,13.97,0,13.97,0,13.97,0,13.97,2001,13.97,2001,13.97,2001,13.97,2001
13.98,0,13.98,0,13.98,0,13.98,0,13.98,2009,13.98,2037,13.98,2029,13.98,2015,13.98,0,13.98,0,13.98,0,13.98,0,13.98,2001,13.98,2001,13.98,2001,13.98,2001
13.99,0,13.99,0,13.99,0,13.99,0,13.99,1999,13.99,2017,13.99,2014,13.99,2015,13.99,0,13.99,0,13.99,0,13.99,0,13.99,2001,13.99,2001,13.99,2001,13.99,2001
14,0,14,0,14,0,14,0,14,2003,14,2003,14,1982,14,1989,14,0,14,0,14,0,14,0,14,2001,14,2001,14,2001,14,2001
14.01,0,14.01,0,14.01,0,14.01,0,14.01,2001,14.01,2008,14.01,2062,14.01,2001,14.01,0,14.01,0,14.01,0,14.01,0,14.01,2001,14.01,2001,14.01,2001,14.01,2001
14.02,0,14.02,0,14.02,0,14.02,0,14.02,1998,14.02,2014,14.02,1997,14.02,2021,14.02,0,14.02,0,14.02,0,14.02,0,14.02,2001,14.02,2001,14.02,2001,14.02,2001
14.03,0,14.03,0,14.03,0,14.03,0,14.03,1983,14.03,2009,14.03,2000,14.03,1992,14.03,0,14.03,0,14.03,0,14.03,0,14.03,2001,14.03,2001,14.03,2001,14.03,2001
14.04,0,14.04,0,14.04,0,14.04,0,14.04,2008,14.04,2006,14.04,1968,14.04,1995,14.04,0,14.04,0,14.04,0,14.04,0,14.04,2001,14.04,2001,14.04,2001,14.04,2001
14.05,0,14.05,0,14.05,0,14.05,0,14.05,1990,14.05,2010,14.05,1920,14.05,1988,14.05,0,14.05,0,14.05,0,14.05,0,14.05,2001,14.05,2001,14.05,2001,14.05,2001
14.06,0,14.06,0,14.06,0,14.06,0,14.06,2018,14.06,1949,14.06,1990,14.06,1976,14.06,0,14.06,0,14.06,0,14.06,0,14.06,2001,14.06,2001,14.06,2001,14.06,2001
14.07,0,14.07,0,14.07,0,14.07,0,14.07,1993,14.07,2007,14.07,2011,14.07,2066,14.07,0,14.07,0,14.07,0,14.07,0,14.07,2001,14.07,2001,14.07,2001,14.07,2001
14.08,0,14.08,0,14.08,0,14.08,0,14.08,1985,14.08,2138,14.08,1987,14.08,1946,14.08,0,14.08,0,14.08,0,14.08,0,14.08,2001,14.08,2001,14.08,2001,14.08,2001
14.09,0,14.09,0,14.09,0,14.09,0,14.09,2111,14.09,1978,14.09,1995,14.09,1975,14.09,0,14.09,0,14.09,0,14.09,0,14.09,2001,14.09,2001,14.09,2001,14.09,2001
14.1,0,14.1,0,14.1,0,14.1,0,14.1,2009,14.1,2004,14.1,1996,14.1,2006,14.1,0,14.1,0,14.1,0,14.1,0,14.1,2001,14.1,2001,14.1,2001,14.1,2001
14.11,0,14.11,0,14.11,0,14.11,0,14.11,1986,14.11,1997,14.11,1979,14.11,1984,14.11,0,14.11,0,14.11,0,14.11,0,14.11,2001,14.11,2001,14.11,2001,14.11,2001
14.12,0,14.12,0,14.12,0,14.12,0,14.12,1970,14.12,1986,14.12,2011,14.12,1972,14.12,0,14.12,0,14.12,0,14.12,0,14.12,2001,14.12,2001,14.12,2001,14.12,2001
14.13,0,14.13,0,14.13,0,14.13,0,14.13,1994,14.13,1963,14.13,2001,14.13,1997,14.13,0,14.13,0,14.13,0,14.13,0,14.13,2001,14.13,2001,14.13,2001,14.13,2001
14.14,0,14.14,0,14.14,0,14.14,0,14.14,1971,14.14,2017,14.14,1935,14.14,1978,14.14,0,14.14,0,14.14,0,14.14,0,14.14,2001,14.14,2001,14.14,2001,14.14,2001
14.15,0,14.15,0,14.15,0,14.15,0,14.15,1981,14.15,1973,14.15,2005,14.15,1978,14.15,0,14.15,0,14.15,0,14.15,0,14.15,2001,14.15,2001,14.15,2001,14.15,2001
14.16,0,14.16,0,14.16,0,14.16,0,14.16,2008,14.16,2018,14.16,2000,14.16,1988,14.16,0,14.16,0,14.16,0,14.16,0,14.16,2001,14.16,2001,14.16,2001,14.16,2001
14.17,0,14.17,0,14.17,0,14.17,0,14.17,2000,14.17,2017,14.17,1968,14.17,1989,14.17,0,14.17,0,14.17,0,14.17,0,14.17,2001,14.17,2001,14.17,2001,14.17,2001
14.18,0,14.18,0,14.18,0,14.18,0,14.18,2039,14.18,2010,14.18,2131,14.18,2042,14.18,0,14.18,0,14.18,0,14.18,0,14.18,2001,14.18,2001,14.18,2001,14.18,2001
14.19,0,14.19,0,14.19,0,14.19,0,14.19,1997,14.19,1983,14.19,1991,14.19,1982,14.19,0,14.19,0,14.19,0,14.19,0,14.19,2001,14.19,2001,14.19,2001,14.19,2001
14.2,0,14.2,0,14.2,0,14.2,0,14.2,2001,14.2,2009,14.2,2007,14.2,1994,14.2,0,14.2,0,14.2,0,14.2,0,14.2,2001,14.2,2001,14.2,2001,14.2,2001
14.21,0,14.21,0,14.21,0,14.21,0,14.21,1997,14.21,2001,14.21,1892,14.21,1980,14.21,0,14.21,0,14.21,0,14.21,0,14.21,2001,14.21,2001,14.21,2001,14.21,2001
14.22,0,14.22,0,14.22,0,14.22,0,14.22,2007,14.22,1992,14.22,1986,14.22,2010,14.22,0,14.22,0,14.22,0,14.22,0,14.22,2001,14.22,2001,14.22,2001,14.22,2001
14.23,0,14.23,0,14.23,0,14.23,0,14.23,2001,14.23,1989,14.23,1992,14.23,2008,14.23,0,14.23,0,14.23,0,14.23,0,14.23,2001,14.23,2001,14.23,2001,14.23,2001
14.24,0,14.24,0,14.24,0,14.24,0,14.24,1970,14.24,1987,14.24,1991,14.24,1973,14.24,0,14.24,0,14.24,0,14.24,0,14.24,2001,14.24,2001,14.24,2001,14.24,2001
14.25,0,14.25,0,14.25,0,14.25,0,14.25,1990,14.25,2013,14.25,2031,14.25,2005,14.25,0,14.25,0,14.25,0,14.25,0,14.25,2001,14.25,2001,14.25,2001,14.25,2001
14.26,0,14.26,0,14.26,0,14.26,0,14.26,1990,14.26,1966,14.26,2017,14.26,2021,14.26,0,14.26,0,14.26,0,14.26,0,14.26,2001,14.26,2001,14.26,2001,14.26,2001
14.27,0,14.27,0,14.27,0,14.27,0,14.27,1992,14.27,1960,14.27,2002,14.27,1979,14.27,0,14.27,0,14.27,0,14.27,0,14.27,2001,14.27,2001,14.27,2001,14.27,2001
14.28,0,14.28,0,14.28,0,14.28,0,14.28,1997,14.28,1974,14.28,2001,14.28,1983,14.28,0,14.28,0,14.28,0,14.28,0,14.28,2001,14.28,2001,14.28,2001,14.28,2001
14.29,0,14.29,0,14.29,0,14.29,0,14.29,1945,14.29,1959,14.29,1982,14.29,1998,14.29,0,14.29,0,14.29,0,14.29,0,14.29,2001,14.29,2001,14.29,2001,14.29,2001
14.3,0,14.3,0,14.3,0,14.3,0,14.3,1930,14.3,1956,14.3,1977,14.3,1962,14.3,0,14.3,0,14.3,0,14.3,0,14.3,2001,14.3,2001,14.3,2001,14.3,2001
14.31,0,14.31,0,14.31,0,14.31,0,14.31,1990,14.31,1994,14.31,2030,14.31,2065,14.31,0,14.31,0,14.31,0,14.31,0,14.31,2001,14.31,2001,14.31,2001,14.31,2001
14.32,0,14.32,0,14.32,0,14.32,0,14.32,1977,14.32,2020,14.32,1949,14.32,1998,14.32,0,14.32,0,14.32,0,14.32,0,14.32,2001,14.32,2001,14.32,2001,14.32,2001
14.33,0,14.33,0,14.33,0,14.33,0,14.33,1982,14.33,1986,14.33,1982,14.33,1980,14.33,0,14.33,0,14.33,0,14.33,0,14.33,2001,14.33,2001,14.33,2001,14.33,2001
14.34,0,14.34,0,14.34,0,14.34,0,14.34,2000,14.34,2006,14.34,2018,14.34,1982,14.34,0,14.34,0,14.34,0,14.34,0,14.34,2001,14.34,2001,14.34,2001,14.34,2001
14.35,0,14.35,0,14.35,0,14.35,0,14.35,1959,14.35,2009,14.35,2001,14.35,2013,14.35,0,14.35,0,14.35,0,14.35,0,14.35,2001,14.35,2001,14.35,2001,14.35,2001
14.36,0,14.36,0,14.36,0,14.36,0,14.36,1931,14.36,1990,14.36,1998,14.36,1931,14.36,0,14.36,0,14.36,0,14.36,0,14.36,2001,14.36,2001,14.36,2001,14.36,2001
14.37,0,14.37,0,14.37,0,14.37,0,14.37,1983,14.37,2015,14.37,2026,14.37,2049,14.37,0,14.37,0,14.37,0,14.37,0,14.37,2001,14.37,2001,14.37,2001,14.37,2001
14.38,0,14.38,0,14.38,0,14.38,0,14.38,1994,14.38,1977,14.38,1985,14.38,2026,14.38,0,14.38,0,14.38,0,14.38,0,14.38,2001,14.38,2001,14.38,2001,14.38,2001
14.39,0,14.39,0,14.39,0,14.39,0,14.39,1994,14.39,2001,14.39,1972,14.39,1985,14.39,0,14.39,0,14.39,0,14.39,0,14.39,2001,14.39,2001,14.39,2001,14.39,2001
14.4,0,14.4,0,14.4,0,14.4,0,14.4,1982,14.4,2074,14.4,1999,14.4,1991,14.4,0,14.4,0,14.4,0,14.4,0,14.4,2001,14.4,2001,14.4,2001,14.4,2001
14.41,0,14.41,0,14.41,0,14.41,0,14.41,2020,14.41,2005,14.41,2008,14.41,2012,14.41,0,14.41,0,14.41,0,14.41,0,14.41,2001,14.41,2001,14.41,2001,14.41,2001
14.42,0,14.42,0,14.42,0,14.42,0,14.42,2001,14.42,1993,14.42,1981,14.42,1990,14.42,0,14.42,0,14.42,0,14.42,0,14.42,2001,14.42,2001,14.42,2001,14.42,2001
14.43,0,14.43,0,14.43,0,14.43,0,14.43,2008,14.43,1969,14.43,2053,14.43,2004,14.43,0,14.43,0,14.43,0,14.43,0,14.43,2001,14.43,2001,14.43,2001,14.43,2001
14.44,0,14.44,0,14.44,0,14.44,0,14.44,2002,14.44,2000,14.44,1980,14.44,2002,14.44,0,14.44,0,14.44,0,14.44,0,14.44,2001,14.44,2001,14.44,2001,14.44,2001
14.45,0,14.45,0,14.45,0,14.45,0,14.45,1998,14.45,2085,14.45,2020,14.45,2032,14.45,0,14.45,0,14.45,0,14.45,0,14.45,2001,14.45,2001,14.45,2001,14.45,2001
14.46,0,14.46,0,14.46,0,14.46,0,14.46,2005,14.46,1969,14.46,2009,14.46,1989,14.46,0,14.46,0,14.46,0,14.46,0,14.46,2001,14.46,2001,14.46,2001,14.46,2001
14.47,0,14.47,0,14.47,0,14.47,0,14.47,1987,14.47,2020,14.47,2005,14.47,2008,14.47,0,14.47,0,14.47,0,14.47,0,14.47,2001,14.47,2001,14.47,2001,14.47,2001
14.48,0,14.48,0,14.48,0,14.48,0,14.48,1997,14.48,2024,14.48,2012,14.48,1998,14.48,0,14.48,0,14.48,0,14.48,0,14.48,2001,14.48,2001,14.48,2001,14.48,2001
14.49,0,14.49,0,14.49,0,14.49,0,14.49,2009,14.49,2001,14.49,1996,14.49,1997,14.49,0,14.49,0,14.49,0,14.49,0,14.49,2001,14.49,2001,14.49,2001,14.49,2001
14.5,0,14.5,0,14.5,0,14.5,0,14.5,1984,14.5,2008,14.5,2049,14.5,1999,14.5,0,14.5,0,14.5,0,14.5,0,14.5,2001,14.5,2001,14.5,2001,14.5,2001
14.51,0,14.51,0,14.51,0,14.51,0,14.51,2007,14.51,1978,14.51,1983,14.51,1982,14.51,0,14.51,0,14.51,0,14.51,0,14.51,2001,14.51,2001,14.51,2001,14.51,2001
14.52,0,14.52,0,14.52,0,14.52,0,14.52,2017,14.52,1994,14.52,2001,14.52,2021,14.52,0,14.52,0,14.52,0,14.52,0,14.52,2001,14.52,2001,14.52,2001,14.52,2001
14.53,0,14.53,0,14.53,0,14.53,0,14.53,1999,14.53,1940,14.53,1982,14.53,2021,14.53,0,14.53,0,14.53,0,14.53,0,14.53,2001,14.53,2001,14.53,2001,14.53,2001
14.54,0,14.54,0,14.54,0,14.54,0,14.54,2103,14.54,2004,14.54,1982,14.54,1985,14.54,0,14.54,0,14.54,0,14.54,0,14.54,2001,14.54,2001,14.54,2001,14.54,2001
14.55,0,14.55,0,14.55,0,14.55,0,14.55,1975,14.55,1989,14.55,1984,14.55,1989,14.55,0,14.55,0,14.55,0,14.55,0,14.55,2001,14.55,2001,14.55,2001,14.55,2001
14.56,0,14.56,0,14.56,0,14.56,0,14.56,2010,14.56,2007,14.56,1976,14.56,2019,14.56,0,14.56,0,14.56,0,14.56,0,14.56,2001,14.56,2001,14.56,2001,14.56,2001
14.57,0,14.57,0,14.57,0,14.57,0,14.57,1978,14.57,1965,14.57,2102,14.57,1986,14.57,0,14.57,0,14.57,0,14.57,0,14.57,2001,14.57,2001,14.57,2001,14.57,2001
14.58,0,14.58,0,14.58,0,14.58,0,14.58,2010,14.58,1986,14.58,1993,14.58,1993,14.58,0,14.58,0,14.58,0,14.58,0,14.58,2001,14.58,2001,14.58,2001,14.58,2001
14.59,0,14.59,0,14.59,0,14.59,0,14.59,2003,14.59,1996,14.59,1998,14.59,2013,14.59,0,14.59,0,14.59,0,14.59,0,14.59,2001,14.59,2001,14.59,2001,14.59,2001
14.6,0,14.6,0,14.6,0,14.6,0,14.6,2041,14.6,2152,14.6,1985,14.6,2074,14.6,0,14.6,0,14.6,0,14.6,0,14.6,2001,14.6,2001,14.6,2001,14.6,2001
14.61,0,14.61,0,14.61,0,14.61,0,14.61,1992,14.61,2021,14.61,2002,14.61,2068,14.61,0,14.61,0,14.61,0,14.61,0,14.61,2001,14.61,2001,14.61,2001,14.61,2001
14.62,0,14.62,0,14.62,0,14.62,0,14.62,1988,14.62,1998,14.62,1983,14.62,1949,14.62,0,14.62,0,14.62,0,14.62,0,14.62,2001,14.62,2001,14.62,2001,14.62,2001
14.63,0,14.63,0,14.63,0,14.63,0,14.63,1988,14.63,2048,14.63,1986,14.63,1970,14.63,0,14.63,0,14.63,0,14.63,0,14.63,2001,14.63,2001,14.63,2001,14.63,2001
14.64,0,14.64,0,14.64,0,14.64,0,14.64,2006,14.64,1991,14.64,2002,14.64,1971,14.64,0,14.64,0,14.64,0,14.64,0,14.64,2001,14.64,2001,14.64,2001,14.64,2001
14.65,0,14.65,0,14.65,0,14.65,0,14.65,1975,14.65,2043,14.65,2007,14.65,2006,14.65,0,14.65,0,14.65,0,14.65,0,14.65,2001,14.65,2001,14.65,2001,14.65,2001
14.66,0,14.66,0,14.66,0,14.66,0,14.66,1980,14.66,2032,14.66,1976,14.66,1994,14.66,0,14.66,0,14.66,0,14.66,0,14.66,2001,14.66,2001,14.66,2001,14.66,2001
14.67,0,14.67,0,14.67,0,14.67,0,14.67,2007,14.67,1872,14.67,2084,14.67,2046,14.67,0,14.67,0,14.67,0,14.67,0,14.67,2001,14.67,2001,14.67,2001,14.67,2001
14.68,0,14.68,0,14.68,0,14.68,0,14.68,1963,14.68,2040,14.68,2008,14.68,2012,14.68,0,14.68,0,14.68,0,14.68,0,14.68,2001,14.68,2001,14.68,2001,14.68,2001
14.69,0,14.69,0,14.69,0,14.69,0,14.69,1990,14.69,2133,14.69,1968,14.69,1986,14.69,0,14.69,0,14.69,0,14.69,0,14.69,2001,14.69,2001,14.69,2001,14.69,2001
14.7,0,14.7,0,14.7,0,14.7,0,14.7,1962,14.7,1981,14.7,2017,14.7,1999,14.7,0,14.7,0,14.7,0,14.7,0,14.7,2001,14.7,2001,14.7,2001,14.7,2001
14.71,0,14.71,0,14.71,0,14.71,0,14.71,1997,14.71,1990,14.71,1990,14.71,1992,14.71,0,14.71,0,14.71,0,14.71,0,14.71,2001,14.71,2001,14.71,2001,14.71,2001
14.72,0,14.72,0,14.72,0,14.72,0,14.72,1991,14.72,2116,14.72,1968,14.72,1987,14.72,0,14.72,0,14.72,0,14.72,0,14.72,2001,14.72,2001,14.72,2001,14.72,2001
14.73,0,14.73,0,14.73,0,14.73,0,14.73,2014,14.73,1939,14.73,2081,14.73,2015,14.73,0,14.73,0,14.73,0,14.73,0,14.73,2001,14.73,2001,14.73,2001,14.73,2001
14.74,0,14.74,0,14.74,0,14.74,0,14.74,2101,14.74,2029,14.74,2031,14.74,2018,14.74,0,14.74,0,14.74,0,14.74,0,14.74,2001,14.74,2001,14.74,2001,14.74,2001
14.75,0,14.75,0,14.75,0,14.75,0,14.75,1980,14.75,2072,14.75,1988,14.75,1995,14.75,0,14.75,0,14.75,0,14.75,0,14.75,2001,14.75,2001,14.75,2001,14.75,2001
14.76,0,14.76,0,14.76,0,14.76,0,14.76,1970,14.76,1996,14.76,1971,14.76,1954,14.76,0,14.76,0,14.76,0,14.76,0,14.76,2001,14.76,2001,14.76,2001,14.76,2001
14.77,0,14.77,0,14.77,0,14.77,0,14.77,2014,14.77,2000,14.77,2185,14.77,2004,14.77,0,14.77,0,14.77,0,14.77,0,14.77,2001,14.77,2001,14.77,2001,14.77,2001
14.78,0,14.78,0,14.78,0,14.78,0,14.78,2000,14.78,1980,14.78,1908,14.78,1995,14.78,0,14.78,0,14.78,0,14.78,0,14.78,2001,14.78,2001,14.78,2001,14.78,2001
14.79,0,14.79,0,14.79,0,14.79,0,14.79,1970,14.79,1996,14.79,1973,14.79,1992,14.79,0,14.79,0,14.79,0,14.79,0,14.79,2001,14.79,2001,14.79,2001,14.79,2001
14.8,0,14.8,0,14.8,0,14.8,0,14.8,2003,14.8,2004,14.8,2008,14.8,2007,14.8,0,14.8,0,14.8,0,14.8,0,14.8,2001,14.8,2001,14.8,2001,14.8,2001
14.81,0,14.81,0,14.81,0,14.81,0,14.81,2002,14.81,1997,14.81,1952,14.81,2024,14.81,0,14.81,0,14.81,0,14.81,0,14.81,2001,14.81,2001,14.81,2001,14.81,2001
14.82,0,14.82,0,14.82,0,14.82,0,14.82,1989,14.82,1985,14.82,2001,14.82,1980,14.82,0,14.82,0,14.82,0,14.82,0,14.82,2001,14.82,2001,14.82,2001,14.82,2001
14.83,0,14.83,0,14.83,0,14.83,0,14.83,1985,14.83,1978,14.83,2018,14.83,2029,14.83,0,14.83,0,14.83,0,14.83,0,14.83,2001,14.83,2001,14.83,2001,14.83,2001
14.84,0,14.84,0,14.84,0,14.84,0,14.84,1997,14.84,2031,14.84,1991,14.84,2011,14.84,0,14.84,0,14.84,0,14.84,0,14.84,2001,14.84,2001,14.84,2001,14.84,2001
14.85,0,14.85,0,14.85,0,14.85,0,14.85,1997,14.85,2002,14.85,1968,14.85,1976,14.85,0,14.85,0,14.85,0,14.85,0,14.85,2001,14.85,2001,14.85,2001,14.85,2001
14.86,0,14.86,0,14.86,0,14.86,0,14.86,2002,14.86,2006,14.86,2006,14.86,2024,14.86,0,14.86,0,14.86,0,14.86,0,14.86,2001,14.86,2001,14.86,2001,14.86,2001
14.87,0,14.87,0,14.87,0,14.87,0,14.87,2001,14.87,2015,14.87,2018,14.87,1990,14.87,0,14.87,0,14.87,0,14.87,0,14.87,2001,14.87,2001,14.87,2001,14.87,2001
14.88,0,14.88,0,14.88,0,14.88,0,14.88,1946,14.88,1995,14.88,1892,14.88,1988,14.88,0,14.88,0,14.88,0,14.88,0,14.88,2001,14.88,2001,14.88,2001,14.88,2001
14.89,0,14.89,0,14.89,0,14.89,0,14.89,1984,14.89,2027,14.89,2002,14.89,2020,14.89,0,14.89,0,14.89,0,14.89,0,14.89,2001,14.89,2001,14.89,2001,14.89,2001
14.9,0,14.9,0,14.9,0,14.9,0,14.9,2010,14.9,2006,14.9,1995,14.9,1994,14.9,0,14.9,0,14.9,0,14.9,0,14.9,2001,14.9,2001,14.9,2001,14.9,2001
14.91,0,14.91,0,14.91,0,14.91,0,14.91,1990,14.91,1937,14.91,2008,14.91,2054,14.91,0,14.91,0,14.91,0,14.91,0,14.91,2001,14.91,2001,14.91,2001,14.91,2001
14.92,0,14.92,0,14.92,0,14.92,0,14.92,1985,14.92,1992,14.92,2023,14.92,2040,14.92,0,14.92,0,14.92,0,14.92,0,14.92,2001,14.92,2001,14.92,2001,14.92,2001
14.93,0,14.93,0,14.93,0,14.93,0,14.93,1993,14.93,2022,14.93,1978,14.93,1999,14.93,0,14.93,0,14.93,0,14.93,0,14.93,2001,14.93,2001,14.93,2001,14.93,2001
14.94,0,14.94,0,14.94,0,14.94,0,14.94,2010,14.94,1981,14.94,2012,14.94,1981,14.94,0,14.94,0,14.94,0,14.94,0,14.94,2001,14.94,2001,14.94,2001,14.94,2001
14.95,0,14.95,0,14.95,0,14.95,0,14.95,2023,14.95,1991,14.95,2122,14.95,2008,14.95,0,14.95,0,14.95,0,14.95,0,14.95,2001,14.95,2001,14.95,2001,14.95,2001
14.96,0,14.96,0,14.96,0,14.96,0,14.96,1999,14.96,1996,14.96,1999,14.96,1986,14.96,0,14.96,0,14.96,0,14.96,0,14.96,2001,14.96,2001,14.96,2001,14.96,2001
14.97,0,14.97,0,14.97,0,14.97,0,14.97,2019,14.97,1985,14.97,1997,14.97,2111,14.97,0,14.97,0,14.97,0,14.97,0,14.97,2001,14.97,2001,14.97,2001,14.97,2001
14.98,0,14.98,0,14.98,0,14.98,0,14.98,2106,14.98,1988,14.98,2010,14.98,2019,14.98,0,14.98,0,14.98,0,14.98,0,14.98,2001,14.98,2001,14.98,2001,14.98,2001
14.99,0,14.99,0,14.99,0,14.99,0,14.99,1975,14.99,1980,14.99,1938,14.99,2001,14.99,0,14.99,0,14.99,0,14.99,0,14.99,2001,14.99,2001,14.99,2001,14.99,2001
15,0,15,0,15,0,15,0,15,2067,15,2010,15,1978,15,2053,15,0,15,0,15,0,15,0,15,2001,15,2001,15,2001,15,2001
15.01,0,15.01,0,15.01,0,15.01,0,15.01,1993,15.01,1969,15.01,1991,15.01,2022,15.01,0,15.01,0,15.01,0,15.01,0,15.01,2001,15.01,2001,15.01,2001,15.01,2001
15.02,0,15.02,0,15.02,0,15.02,0,15.02,1990,15.02,1959,15.02,2001,15.02,1996,15.02,0,15.02,0,15.02,0,15.02,0,15.02,2001,15.02,2001,15.02,2001,15.02,2001
15.03,0,15.03,0,15.03,0,15.03,0,15.03,1981,15.03,1999,15.03,2069,15.03,1988,15.03,0,15.03,0,15.03,0,15.03,0,15.03,2001,15.03,2001,15.03,2001,15.03,2001
15.04,0,15.04,0,15.04,0,15.04,0,15.04,2045,15.04,2000,15.04,2019,15.04,2028,15.04,0,15.04,0,15.04,0,15.04,0,15.04,2001,15.04,2001,15.04,2001,15.04,2001
15.05,0,15.05,0,15.05,0,15.05,0,15.05,2001,15.05,2025,15.05,2056,15.05,1982,15.05,0,15.05,0,15.05,0,15.05,0,15.05,2001,15.05,2001,15.05,2001,15.05,2001
15.06,0,15.06,0,15.06,0,15.06,0,15.06,1985,15.06,2001,15.06,1975,15.06,1988,15.06,0,15.06,0,15.06,0,15.06,0,15.06,2001,15.06,2001,15.06,2001,15.06,2001
15.07,0,15.07,0,15.07,0,15.07,0,15.07,2000,15.07,1991,15.07,2314,15.07,2021,15.07,0,15.07,0,15.07,0,15.07,0,15.07,2001,15.07,2001,15.07,2001,15.07,2001
15.08,0,15.08,0,15.08,0,15.08,0,15.08,2024,15.08,2010,15.08,1988,15.08,2010,15.08,0,15.08,0,15.08,0,15.08,0,15.08,2001,15.08,2001,15.08,2001,15.08,2001
15.09,0,15.09,0,15.09,0,15.09,0,15.09,2011,15.09,1992,15.09,1970,15.09,2003,15.09,0,15.09,0,15.09,0,15.09,0,15.09,2001,15.09,2001,15.09,2001,15.09,2001
15.1,0,15.1,0,15.1,0,15.1,0,15.1,1950,15.1,2003,15.1,1999,15.1,2013,15.1,0,15.1,0,15.1,0,15.1,0,15.1,2001,15.1,2001,15.1,2001,15.1,2001
15.11,0,15.11,0,15.11,0,15.11,0,15.11,1981,15.11,2020,15.11,1989,15.11,1982,15.11,0,15.11,0,15.11,0,15.11,0,15.11,2001,15.11,2001,15.11,2001,15.11,2001
15.12,0,15.12,0,15.12,0,15.12,0,15.12,2013,15.12,1971,15.12,1974,15.12,1988,15.12,0,15.12,0,15.12,0,15.12,0,15.12,2001,15.12,2001,15.12,2001,15.12,2001
15.13,0,15.13,0,15.13,0,15.13,0,15.13,1993,15.13,2006,15.13,2099,15.13,2004,15.13,0,15.13,0,15.13,0,15.13,0,15.13,2001,15.13,2001,15.13,2001,15.13,2001
15.14,0,15.14,0,15.14,0,15.14,0,15.14,2001,15.14,1994,15.14,1975,15.14,2011,15.14,0,15.14,0,15.14,0,15.14,0,15.14,2001,15.14,2001,15.14,2001,15.14,2001
15.15,0,15.15,0,15.15,0,15.15,0,15.15,1981,15.15,1982,15.15,1976,15.15,1973,15.15,0,15.15,0,15.15,0,15.15,0,15.15,2001,15.15,2001,15.15,2001,15.15,2001
15.16,0,15.16,0,15.16,0,15.16,0,15.16,2013,15.16,1990,15.16,1975,15.16,2001,15.16,0,15.16,0,15.16,0,15.16,0,15.16,2001,15.16,2001,15.16,2001,15.16,2001
15.17,0,15.17,0,15.17,0,15.17,0,15.17,2018,15.17,2014,15.17,2014,15.17,2014,15.17,0,15.17,0,15.17,0,15.17,0,15.17,2001,15.17,2001,15.17,2001,15.17,2001
15.18,0,15.18,0,15.18,0,15.18,0,15.18,2014,15.18,1991,15.18,1878,15.18,1976,15.18,0,15.18,0,15.18,0,15.18,0,15.18,2001,15.18,2001,15.18,2001,15.18,2001
15.19,0,15.19,0,15.19,0,15.19,0,15.19,2047,15.19,1982,15.19,1983,15.19,1982,15.19,0,15.19,0,15.19,0,15.19,0,15.19,2001,15.19,2001,15.19,2001,15.19,2001
15.2,0,15.2,0,15.2,0,15.2,0,15.2,2000,15.2,2014,15.2,1973,15.2,2003,15.2,0,15.2,0,15.2,0,15.2,0,15.2,2001,15.2,2001,15.2,2001,15.2,2001
15.21,0,15.21,0,15.21,0,15.21,0,15.21,2022,15.21,2003,15.21,2011,15.21,1990,15.21,0,15.21,0,15.21,0,15.21,0,15.21,2001,15.21,2001,15.21,2001,15.21,2001
15.22,0,15.22,0,15.22,0,15.22,0,15.22,2018,15.22,1987,15.22,1979,15.22,1999,15.22,0,15.22,0,15.22,0,15.22,0,15.22,2001,15.22,2001,15.22,2001,15.22,2001
15.23,0,15.23,0,15.23,0,15.23,0,15.23,1992,15.23,2018,15.23,2126,15.23,1990,15.23,0,15.23,0,15.23,0,15.23,0,15.23,2001,15.23,2001,15.23,2001,15.23,2001
15.24,0,15.24,0,15.24,0,15.24,0,15.24,1993,15.24,2013,15.24,1988,15.24,2037,15.24,0,15.24,0,15.24,0,15.24,0,15.24,2001,15.24,2001,15.24,2001,15.24,2001
15.25,0,15.25,0,15.25,0,15.25,0,15.25,1998,15.25,2007,15.25,1978,15.25,2002,15.25,0,15.25,0,15.25,0,15.25,0,15.25,2001,15.25,2001,15.25,2001,15.25,2001
15.26,0,15.26,0,15.26,0,15.26,0,15.26,1999,15.26,2016,15.26,1994,15.26,2015,15.26,0,15.26,0,15.26,0,15.26,0,15.26,2001,15.26,2001,15.26,2001,15.26,2001
15.27,0,15.27,0,15.27,0,15.27,0,15.27,1967,15.27,2006,15.27,1998,15.27,1980,15.27,0,15.27,0,15.27,0,15.27,0,15.27,2001,15.27,2001,15.27,2001,15.27,2001
15.28,0,15.28,0,15.28,0,15.28,0,15.28,1953,15.28,1997,15.28,1984,15.28,2036,15.28,0,15.28,0,15.28,0,15.28,0,15.28,2001,15.28,2001,15.28,2001,15.28,2001
15.29,0,15.29,0,15.29,0,15.29,0,15.29,1993,15.29,2008,15.29,1984,15.29,1990,15.29,0,15.29,0,15.29,0,15.29,0,15.29,2001,15.29,2001,15.29,2001,15.29,2001
15.3,0,15.3,0,15.3,0,15.3,0,15.3,2001,15.3,1991,15.3,1969,15.3,1940,15.3,0,15.3,0,15.3,0,15.3,0,15.3,2001,15.3,2001,15.3,2001,15.3,2001
15.31,0,15.31,0,15.31,0,15.31,0,15.31,1929,15.31,1978,15.31,1984,15.31,1987,15.31,0,15.31,0,15.31,0,15.31,0,15.31,2001,15.31,2001,15.31,2001,15.31,2001
15.32,0,15.32,0,15.32,0,15.32,0,15.32,1989,15.32,2003,15.32,2068,15.32,1955,15.32,0,15.32,0,15.32,0,15.32,0,15.32,2001,15.32,2001,15.32,2001,15.32,2001
15.33,0,15.33,0,15.33,0,15.33,0,15.33,2016,15.33,1999,15.33,1936,15.33,1952,15.33,0,15.33,0,15.33,0,15.33,0,15.33,2001,15.33,2001,15.33,2001,15.33,2001
15.34,0,15.34,0,15.34,0,15.34,0,15.34,2186,15.34,2010,15.34,1976,15.34,1915,15.34,0,15.34,0,15.34,0,15.34,0,15.34,2001,15.34,2001,15.34,2001,15.34,2001
15.35,0,15.35,0,15.35,0,15.35,0,15.35,2013,15.35,2019,15.35,2015,15.35,1992,15.35,0,15.35,0,15.35,0,15.35,0,15.35,2001,15.35,2001,15.35,2001,15.35,2001
15.36,0,15.36,0,15.36,0,15.36,0,15.36,1983,15.36,2002,15.36,1981,15.36,1991,15.36,0,15.36,0,15.36,0,15.36,0,15.36,2001,15.36,2001,15.36,2001,15.36,2001
15.37,0,15.37,0,15.37,0,15.37,0,15.37,1990,15.37,1988,15.37,1983,15.37,1960,15.37,0,15.37,0,15.37,0,15.37,0,15.37,2001,15.37,2001,15.37,2001,15.37,2001
15.38,0,15.38,0,15.38,0,15.38,0,15.38,2099,15.38,1956,15.38,1972,15.38,1972,15.38,0,15.38,0,15.38,0,15.38,0,15.38,2001,15.38,2001,15.38,2001,15.38,2001
15.39,0,15.39,0,15.39,0,15.39,0,15.39,2012,15.39,1995,15.39,1993,15.39,1997,15.39,0,15.39,0,15.39,0,15.39,0,15.39,2001,15.39,2001,15.39,2001,15.39,2001
15.4,0,15.4,0,15.4,0,15.4,0,15.4,1998,15.4,1940,15.4,1966,15.4,1986,15.4,0,15.4,0,15.4,0,15.4,0,15.4,2001,15.4,2001,15.4,2001,15.4,2001
15.41,0,15.41,0,15.41,0,15.41,0,15.41,1967,15.41,2014,15.41,1982,15.41,2004,15.41,0,15.41,0,15.41,0,15.41,0,15.41,2001,15.41,2001,15.41,2001,15.41,2001
15.42,0,15.42,0,15.42,0,15.42,0,15.42,2008,15.42,1974,15.42,2001,15.42,1992,15.42,0,15.42,0,15.42,0,15.42,0,15.42,2001,15.42,2001,15.42,2001,15.42,2001
15.43,0,15.43,0,15.43,0,15.43,0,15.43,2057,15.43,1949,15.43,2010,15.43,2006,15.43,0,15.43,0,15.43,0,15.43,0,15.43,2001,15.43,2001,15.43,2001,15.43,2001
15.44,0,15.44,0,15.44,0,15.44,0,15.44,2022,15.44,2013,15.44,2024,15.44,2018,15.44,0,15.44,0,15.44,0,15.44,0,15.44,2001,15.44,2001,15.44,2001,15.44,2001
15.45,0,15.45,0,15.45,0,15.45,0,15.45,1957,15.45,1982,15.45,2031,15.45,2068,15.45,0,15.45,0,15.45,0,15.45,0,15.45,2001,15.45,2001,15.45,2001,15.45,2001
15.46,0,15.46,0,15.46,0,15.46,0,15.46,2013,15.46,1958,15.46,2022,15.46,2062,15.46,0,15.46,0,15.46,0,15.46,0,15.46,2001,15.46,2001,15.46,2001,15.46,2001
15.47,0,15.47,0,15.47,0,15.47,0,15.47,2226,15.47,1985,15.47,1991,15.47,1913,15.47,0,15.47,0,15.47,0,15.47,0,15.47,2001,15.47,2001,15.47,2001,15.47,2001
15.48,0,15.48,0,15.48,0,15.48,0,15.48,1988,15.48,1984,15.48,1995,15.48,1908,15.48,0,15.48,0,15.48,0,15.48,0,15.48,2001,15.48,2001,15.48,2001,15.48,2001
15.49,0,15.49,0,15.49,0,15.49,0,15.49,1984,15.49,1980,15.49,1951,15.49,1984,15.49,0,15.49,0,15.49,0,15.49,0,15.49,2001,15.49,2001,15.49,2001,15.49,2001
15.5,0,15.5,0,15.5,0,15.5,0,15.5,1986,15.5,1984,15.5,2000,15.5,2022,15.5,0,15.5,0,15.5,0,15.5,0,15.5,2001,15.5,2001,15.5,2001,15.5,2001
15.51,0,15.51,0,15.51,0,15.51,0,15.51,1976,15.51,2111,15.51,1998,15.51,1980,15.51,0,15.51,0,15.51,0,15.51,0,15.51,2001,15.51,2001,15.51,2001,15.51,2001
15.52,0,15.52,0,15.52,0,15.52,0,15.52,2160,15.52,2003,15.52,2020,15.52,1991,15.52,0,15.52,0,15.52,0,15.52,0,15.52,2001,15.52,2001,15.52,2001,15.52,2001
15.53,0,15.53,0,15.53,0,15.53,0,15.53,1996,15.53,1983,15.53,2047,15.53,2012,15.53,0,15.53,0,15.53,0,15.53,0,15.53,2001,15.53,2001,15.53,2001,15.53,2001
15.54,0,15.54,0,15.54,0,15.54,0,15.54,1998,15.54,2025,15.54,2001,15.54,1992,15.54,0,15.54,0,15.54,0,15.54,0,15.54,2001,15.54,2001,15.54,2001,15.54,2001
15.55,0,15.55,0,15.55,0,15.55,0,15.55,1996,15.55,1989,15.55,2005,15.55,1944,15.55,0,15.55,0,15.55,0,15.55,0,15.55,2001,15.55,2001,15.55,2001,15.55,2001
15.56,0,15.56,0,15.56,0,15.56,0,15.56,2006,15.56,2066,15.56,1990,15.56,2049,15.56,0,15.56,0,15.56,0,15.56,0,15.56,2001,15.56,2001,15.56,2001,15.56,2001
15.57,0,15.57,0,15.57,0,15.57,0,15.57,1971,15.57,1990,15.57,2012,15.57,2103,15.57,0,15.57,0,15.57,0,15.57,0,15.57,2001,15.57,2001,15.57,2001,15.57,2001
15.58,0,15.58,0,15.58,0,15.58,0,15.58,2069,15.58,1983,15.58,1996,15.58,1982,15.58,0,15.58,0,15.58,0,15.58,0,15.58,2001,15.58,2001,15.58,2001,15.58,2001
15.59,0,15.59,0,15.59,0,15.59,0,15.59,1972,15.59,2029,15.59,2000,15.59,1970,15.59,0,15.59,0,15.59,0,15.59,0,15.59,2001,15.59,2001,15.59,2001,15.59,2001
15.6,0,15.6,0,15.6,0,15.6,0,15.6,1994,15.6,1965,15.6,2041,15.6,1994,15.6,0,15.6,0,15.6,0,15.6,0,15.6,2001,15.6,2001,15.6,2001,15.6,2001
15.61,0,15.61,0,15.61,0,15.61,0,15.61,2015,15.61,1994,15.61,1913,15.61,1982,15.61,0,15.61,0,15.61,0,15.61,0,15.61,2001,15.61,2001,15.61,2001,15.61,2001
15.62,0,15.62,0,15.62,0,15.62,0,15.62,2010,15.62,1997,15.62,1980,15.62,2000,15.62,0,15.62,0,15.62,0,15.62,0,15.62,2001,15.62,2001,15.62,2001,15.62,2001
15.63,0,15.63,0,15.63,0,15.63,0,15.63,1995,15.63,2056,15.63,1996,15.63,2098,15.63,0,15.63,0,15.63,0,15.63,0,15.63,2001,15.63,2001,15.63,2001,15.63,2001
15.64,0,15.64,0,15.64,0,15.64,0,15.64,2038,15.64,1965,15.64,1979,15.64,1997,15.64,0,15.64,0,15.64,0,15.64,0,15.64,2001,15.64,2001,15.64,2001,15.64,2001
15.65,0,15.65,0,15.65,0,15.65,0,15.65,2000,15.65,1963,15.65,1989,15.65,2035,15.65,0,15.65,0,15.65,0,15.65,0,15.65,2001,15.65,2001,15.65,2001,15.65,2001
15.66,0,15.66,0,15.66,0,15.66,0,15.66,2005,15.66,1987,15.66,2008,15.66,2005,15.66,0,15.66,0,15.66,0,15.66,0,15.66,2001,15.66,2001,15.66,2001,15.66,2001
15.67,0,15.67,0,15.67,0,15.67,0,15.67,2013,15.67,1998,15.67,2013,15.67,2001,15.67,0,15.67,0,15.67,0,15.67,0,15.67,2001,15.67,2001,15.67,2001,15.67,2001
15.68,0,15.68,0,15.68,0,15.68,0,15.68,1979,15.68,1998,15.68,2021,15.68,2000,15.68,0,15.68,0,15.68,0,15.68,0,15.68,2001,15.68,2001,15.68,2001,15.68,2001
15.69,0,15.69,0,15.69,0,15.69,0,15.69,1953,15.69,1991,15.69,2013,15.69,1989,15.69,0,15.69,0,15.69,0,15.69,0,15.69,2001,15.69,2001,15.69,2001,15.69,2001
15.7,0,15.7,0,15.7,0,15.7,0,15.7,2014,15.7,1999,15.7,2002,15.7,2018,15.7,0,15.7,0,15.7,0,15.7,0,15.7,2001,15.7,2001,15.7,2001,15.7,2001
15.71,0,15.71,0,15.71,0,15.71,0,15.71,1932,15.71,2007,15.71,2085,15.71,2023,15.71,0,15.71,0,15.71,0,15.71,0,15.71,2001,15.71,2001,15.71,2001,15.71,2001
15.72,0,15.72,0,15.72,0,15.72,0,15.72,2037,15.72,2017,15.72,1976,15.72,1990,15.72,0,15.72,0,15.72,0,15.72,0,15.72,2001,15.72,2001,15.72,2001,15.72,2001
15.73,0,15.73,0,15.73,0,15.73,0,15.73,1998,15.73,1991,15.73,1970,15.73,2003,15.73,0,15.73,0,15.73,0,15.73,0,15.73,2001,15.73,2001,15.73,2001,15.73,2001
15.74,0,15.74,0,15.74,0,15.74,0,15.74,1986,15.74,1968,15.74,1976,15.74,2006,15.74,0,15.74,0,15.74,0,15.74,0,15.74,2001,15.74,2001,15.74,2001,15.74,2001
15.75,0,15.75,0,15.75,0,15.75,0,15.75,2006,15.75,2119,15.75,1997,15.75,1995,15.75,0,15.75,0,15.75,0,15.75,0,15.75,2001,15.75,2001,15.75,2001,15.75,2001
15.76,0,15.76,0,15.76,0,15.76,0,15.76,2034,15.76,1982,15.76,1970,15.76,1993,15.76,0,15.76,0,15.76,0,15.76,0,15.76,2001,15.76,2001,15.76,2001,15.76,2001
15.77,0,15.77,0,15.77,0,15.77,0,15.77,1989,15.77,1972,15.77,1983,15.77,2038,15.77,0,15.77,0,15.77,0,15.77,0,15.77,2001,15.77,2001,15.77,2001,15.77,2001
15.78,0,15.78,0,15.78,0,15.78,0,15.78,1983,15.78,2086,15.78,2008,15.78,1974,15.78,0,15.78,0,15.78,0,15.78,0,15.78,2001,15.78,2001,15.78,2001,15.78,2001
15.79,0,15.79,0,15.79,0,15.79,0,15.79,1970,15.79,2085,15.79,2000,15.79,1979,15.79,0,15.79,0,15.79,0,15.79,0,15.79,2001,15.79,2001,15.79,2001,15.79,2001
15.8,0,15.8,0,15.8,0,15.8,0,15.8,2019,15.8,2014,15.8,1985,15.8,2009,15.8,0,15.8,0,15.8,0,15.8,0,15.8,2001,15.8,2001,15.8,2001,15.8,2001
15.81,0,15.81,0,15.81,0,15.81,0,15.81,1984,15.81,1934,15.81,1994,15.81,1917,15.81,0,15.81,0,15.81,0,15.81,0,15.81,2001,15.81,2001,15.81,2001,15.81,2001
15.82,0,15.82,0,15.82,0,15.82,0,15.82,1986,15.82,2042,15.82,1998,15.82,2017,15.82,0,15.82,0,15.82,0,15.82,0,15.82,2001,15.82,2001,15.82,2001,15.82,2001
15.83,0,15.83,0,15.83,0,15.83,0,15.83,2034,15.83,1928,15.83,2029,15.83,2014,15.83,0,15.83,0,15.83,0,15.83,0,15.83,2001,15.83,2001,15.83,2001,15.83,2001
15.84,0,15.84,0,15.84,0,15.84,0,15.84,2005,15.84,1997,15.84,2021,15.84,2009,15.84,0,15.84,0,15.84,0,15.84,0,15.84,2001,15.84,2001,15.84,2001,15.84,2001
15.85,0,15.85,0,15.85,0,15.85,0,15.85,1942,15.85,2004,15.85,2004,15.85,1988,15.85,0,15.85,0,15.85,0,15.85,0,15.85,2001,15.85,2001,15.85,2001,15.85,2001
15.86,0,15.86,0,15.86,0,15.86,0,15.86,2026,15.86,1992,15.86,1980,15.86,2004,15.86,0,15.86,0,15.86,0,15.86,0,15.86,2001,15.86,2001,15.86,2001,15.86,2001
15.87,0,15.87,0,15.87,0,15.87,0,15.87,1991,15.87,1996,15.87,1990,15.87,1996,15.87,0,15.87,0,15.87,0,15.87,0,15.87,2001,15.87,2001,15.87,2001,15.87,2001
15.88,0,15.88,0,15.88,0,15.88,0,15.88,2012,15.88,2002,15.88,2092,15.88,1977,15.88,0,15.88,0,15.88,0,15.88,0,15.88,2001,15.88,2001,15.88,2001,15.88,2001
15.89,0,15.89,0,15.89,0,15.89,0,15.89,1991,15.89,1925,15.89,1989,15.89,1997,15.89,0,15.89,0,15.89,0,15.89,0,15.89,2001,15.89,2001,15.89,2001,15.89,2001
15.9,0,15.9,0,15.9,0,15.9,0,15.9,2003,15.9,1974,15.9,2048,15.9,2004,15.9,0,15.9,0,15.9,0,15.9,0,15.9,2001,15.9,2001,15.9,2001,15.9,2001
15.91,0,15.91,0,15.91,0,15.91,0,15.91,1958,15.91,2065,15.91,1992,15.91,2058,15.91,0,15.91,0,15.91,0,15.91,0,15.91,2001,15.91,2001,15.91,2001,15.91,2001
15.92,0,15.92,0,15.92,0,15.92,0,15.92,2018,15.92,2105,15.92,1976,15.92,2022,15.92,0,15.92,0,15.92,0,15.92,0,15.92,2001,15.92,2001,15.92,2001,15.92,2001
15.93,0,15.93,0,15.93,0,15.93,0,15.93,2004,15.93,1981,15.93,2008,15.93,2087,15.93,0,15.93,0,15.93,0,15.93,0,15.93,2001,15.93,2001,15.93,2001,15.93,2001
15.94,0,15.94,0,15.94,0,15.94,0,15.94,2025,15.94,1997,15.94,2023,15.94,2075,15.94,0,15.94,0,15.94,0,15.94,0,15.94,2001,15.94,2001,15.94,2001,15.94,2001
15.95,0,15.95,0,15.95,0,15.95,0,15.95,2124,15.95,2003,15.95,1976,15.95,1997,15.95,0,15.95,0,15.95,0,15.95,0,15.95,2001,15.95,2001,15.95,2001,15.95,2001
15.96,0,15.96,0,15.96,0,15.96,0,15.96,2009,15.96,1965,15.96,2002,15.96,1950,15.96,0,15.96,0,15.96,0,15.96,0,15.96,2001,15.96,2001,15.96,2001,15.96,2001
15.97,0,15.97,0,15.97,0,15.97,0,15.97,2003,15.97,1982,15.97,1998,15.97,1958,15.97,0,15.97,0,15.97,0,15.97,0,15.97,2001,15.97,2001,15.97,2001,15.97,2001
15.98,0,15.98,0,15.98,0,15.98,0,15.98,2002,15.98,1994,15.98,1987,15.98,1976,15.98,0,15.98,0,15.98,0,15.98,0,15.98,2001,15.98,2001,15.98,2001,15.98,2001
15.99,0,15.99,0,15.99,0,15.99,0,15.99,1995,15.99,1982,15.99,1950,15.99,1995,15.99,0,15.99,0,15.99,0,15.99,0,15.99,2001,15.99,2001,15.99,2001,15.99,2001
16,0,16,0,16,0,16,0,16,2072,16,2011,16,2002,16,1985,16,0,16,0,16,0,16,0,16,2001,16,2001,16,2001,16,2001
16.01,0,16.01,0,16.01,0,16.01,0,16.01,1998,16.01,2009,16.01,1995,16.01,1997,16.01,0,16.01,0,16.01,0,16.01,0,16.01,2001,16.01,2001,16.01,2001,16.01,2001
16.02,0,16.02,0,16.02,0,16.02,0,16.02,2040,16.02,1995,16.02,1988,16.02,2023,16.02,0,16.02,0,16.02,0,16.02,0,16.02,2001,16.02,2001,16.02,2001,16.02,2001
16.03,0,16.03,0,16.03,0,16.03,0,16.03,2011,16.03,1975,16.03,1999,16.03,1977,16.03,0,16.03,0,16.03,0,16.03,0,16.03,2001,16.03,2001,16.03,2001,16.03,2001
16.04,0,16.04,0,16.04,0,16.04,0,16.04,1988,16.04,1946,16.04,2005,16.04,1994,16.04,0,16.04,0,16.04,0,16.04,0,16.04,2001,16.04,2001,16.04,2001,16.04,2001
16.05,0,16.05,0,16.05,0,16.05,0,16.05,1969,16.05,1986,16.05,1990,16.05,2040,16.05,0,16.05,0,16.05,0,16.05,0,16.05,2001,16.05,2001,16.05,2001,16.05,2001
16.06,0,16.06,0,16.06,0,16.06,0,16.06,2006,16.06,1971,16.06,2012,16.06,2035,16.06,0,16.06,0,16.06,0,16.06,0,16.06,2001,16.06,2001,16.06,2001,16.06,2001
16.07,0,16.07,0,16.07,0,16.07,0,16.07,1992,16.07,1989,16.07,1988,16.07,1996,16.07,0,16.07,0,16.07,0,16.07,0,16.07,2001,16.07,2001,16.07,2001,16.07,2001
16.08,0,16.08,0,16.08,0,16.08,0,16.08,1981,16.08,2020,16.08,1942,16.08,1968,16.08,0,16.08,0,16.08,0,16.08,0,16.08,2001,16.08,2001,16.08,2001,16.08,2001
16.09,0,16.09,0,16.09,0,16.09,0,16.09,1986,16.09,2018,16.09,1975,16.09,1977,16.09,0,16.09,0,16.09,0,16.09,0,16.09,2001,16.09,2001,16.09,2001,16.09,2001
16.1,0,16.1,0,16.1,0,16.1,0,16.1,2075,16.1,1944,16.1,2008,16.1,2002,16.1,0,16.1,0,16.1,0,16.1,0,16.1,2001,16.1,2001,16.1,2001,16.1,2001
16.11,0,16.11,0,16.11,0,16.11,0,16.11,1991,16.11,1982,16.11,2026,16.11,1997,16.11,0,16.11,0,16.11,0,16.11,0,16.11,2001,16.11,2001,16.11,2001,16.11,2001
16.12,0,16.12,0,16.12,0,16.12,0,16.12,2025,16.12,1947,16.12,2009,16.12,2008,16.12,0,16.12,0,16.12,0,16.12,0,16.12,2001,16.12,2001,16.12,2001,16.12,2001
16.13,0,16.13,0,16.13,0,16.13,0,16.13,1994,16.13,1980,16.13,1980,16.13,1984,16.13,0,16.13,0,16.13,0,16.13,0,16.13,2001,16.13,2001,16.13,2001,16.13,2001
16.14,0,16.14,0,16.14,0,16.14,0,16.14,1994,16.14,1996,16.14,2012,16.14,2060,16.14,0,16.14,0,16.14,0,16.14,0,16.14,2001,16.14,2001,16.14,2001,16.14,2001
16.15,0,16.15,0,16.15,0,16.15,0,16.15,1994,16.15,2009,16.15,2018,16.15,1971,16.15,0,16.15,0,16.15,0,16.15,0,16.15,2001,16.15,2001,16.15,2001,16.15,2001
16.16,0,16.16,0,16.16,0,16.16,0,16.16,1990,16.16,1986,16.16,1992,16.16,2093,16.16,0,16.16,0,16.16,0,16.16,0,16.16,2001,16.16,2001,16.16,2001,16.16,2001
16.17,0,16.17,0,16.17,0,16.17,0,16.17,1990,16.17,1945,16.17,2006,16.17,1994,16.17,0,16.17,0,16.17,0,16.17,0,16.17,2001,16.17,2001,16.17,2001,16.17,2001
16.18,0,16.18,0,16.18,0,16.18,0,16.18,2004,16.18,1990,16.18,1995,16.18,1997,16.18,0,16.18,0,16.18,0,16.18,0,16.18,2001,16.18,2001,16.18,2001,16.18,2001
16.19,0,16.19,0,16.19,0,16.19,0,16.19,1995,16.19,1962,16.19,2033,16.19,2010,16.19,0,16.19,0,16.19,0,16.19,0,16.19,2001,16.19,2001,16.19,2001,16.19,2001
16.2,0,16.2,0,16.2,0,16.2,0,16.2,2012,16.2,1995,16.2,1989,16.2,1926,16.2,0,16.2,0,16.2,0,16.2,0,16.2,2001,16.2,2001,16.2,2001,16.2,2001
16.21,0,16.21,0,16.21,0,16.21,0,16.21,1973,16.21,1988,16.21,1995,16.21,1995,16.21,0,16.21,0,16.21,0,16.21,0,16.21,2001,16.21,2001,16.21,2001,16.21,2001
16.22,0,16.22,0,16.22,0,16.22,0,16.22,1995,16.22,1949,16.22,2000,16.22,1973,16.22,0,16.22,0,16.22,0,16.22,0,16.22,2001,16.22,2001,16.22,2001,16.22,2001
16.23,0,16.23,0,16.23,0,16.23,0,16.23,1961,16.23,1989,16.23,1992,16.23,2057,16.23,0,16.23,0,16.23,0,16.23,0,16.23,2001,16.23,2001,16.23,2001,16.23,2001
16.24,0,16.24,0,16.24,0,16.24,0,16.24,1950,16.24,2144,16.24,2037,16.24,2006,16.24,0,16.24,0,16.24,0,16.24,0,16.24,2001,16.24,2001,16.24,2001,16.24,2001
16.25,0,16.25,0,16.25,0,16.25,0,16.25,2033,16.25,1982,16.25,1992,16.25,1998,16.25,0,16.25,0,16.25,0,16.25,0,16.25,2001,16.25,2001,16.25,2001,16.25,2001
16.26,0,16.26,0,16.26,0,16.26,0,16.26,1936,16.26,1948,16.26,1996,16.26,1990,16.26,0,16.26,0,16.26,0,16.26,0,16.26,2001,16.26,2001,16.26,2001,16.26,2001
16.27,0,16.27,0,16.27,0,16.27,0,16.27,2001,16.27,1975,16.27,1998,16.27,1999,16.27,0,16.27,0,16.27,0,16.27,0,16.27,2001,16.27,2001,16.27,2001,16.27,2001
16.28,0,16.28,0,16.28,0,16.28,0,16.28,2003,16.28,1982,16.28,2010,16.28,2076,16.28,0,16.28,0,16.28,0,16.28,0,16.28,2001,16.28,2001,16.28,2001,16.28,2001
16.29,0,16.29,0,16.29,0,16.29,0,16.29,2020,16.29,1990,16.29,1994,16.29,1966,16.29,0,16.29,0,16.29,0,16.29,0,16.29,2001,16.29,2001,16.29,2001,16.29,2001
16.3,0,16.3,0,16.3,0,16.3,0,16.3,1987,16.3,1994,16.3,1975,16.3,2058,16.3,0,16.3,0,16.3,0,16.3,0,16.3,2001,16.3,2001,16.3,2001,16.3,2001
16.31,0,16.31,0,16.31,0,16.31,0,16.31,1960,16.31,1972,16.31,2027,16.31,1985,16.31,0,16.31,0,16.31,0,16.31,0,16.31,2001,16.31,2001,16.31,2001,16.31,2001
16.32,0,16.32,0,16.32,0,16.32,0,16.32,1987,16.32,1978,16.32,2019,16.32,1972,16.32,0,16.32,0,16.32,0,16.32,0,16.32,2001,16.32,2001,16.32,2001,16.32,2001
16.33,0,16.33,0,16.33,0,16.33,0,16.33,2006,16.33,1973,16.33,1997,16.33,1984,16.33,0,16.33,0,16.33,0,16.33,0,16.33,2001,16.33,2001,16.33,2001,16.33,2001
16.34,0,16.34,0,16.34,0,16.34,0,16.34,2097,16.34,1993,16.34,1996,16.34,1954,16.34,0,16.34,0,16.34,0,16.34,0,16.34,2001,16.34,2001,16.34,2001,16.34,2001
16.35,0,16.35,0,16.35,0,16.35,0,16.35,1985,16.35,2002,16.35,2118,16.35,2007,16.35,0,16.35,0,16.35,0,16.35,0,16.35,2001,16.35,2001,16.35,2001,16.35,2001
16.36,0,16.36,0,16.36,0,16.36,0,16.36,2044,16.36,1986,16.36,2000,16.36,2006,16.36,0,16.36,0,16.36,0,16.36,0,16.36,2001,16.36,2001,16.36,2001,16.36,2001
16.37,0,16.37,0,16.37,0,16.37,0,16.37,2048,16.37,2046,16.37,1981,16.37,1998,16.37,0,16.37,0,16.37,0,16.37,0,16.37,2001,16.37,2001,16.37,2001,16.37,2001
16.38,0,16.38,0,16.38,0,16.38,0,16.38,1983,16.38,1986,16.38,1989,16.38,2011,16.38,0,16.38,0,16.38,0,16.38,0,16.38,2001,16.38,2001,16.38,2001,16.38,2001
16.39,0,16.39,0,16.39,0,16.39,0,16.39,1991,16.39,2004,16.39,2007,16.39,2010,16.39,0,16.39,0,16.39,0,16.39,0,16.39,2001,16.39,2001,16.39,2001,16.39,2001
16.4,0,16.4,0,16.4,0,16.4,0,16.4,1994,16.4,2012,16.4,2000,16.4,1981,16.4,0,16.4,0,16.4,0,16.4,0,16.4,2001,16.4,2001,16.4,2001,16.4,2001
16.41,0,16.41,0,16.41,0,16.41,0,16.41,1989,16.41,1980,16.41,2017,16.41,2004,16.41,0,16.41,0,16.41,0,16.41,0,16.41,2001,16.41,2001,16.41,2001,16.41,2001
16.42,0,16.42,0,16.42,0,16.42,0,16.42,1990,16.42,1993,16.42,1994,16.42,2030,16.42,0,16.42,0,16.42,0,16.42,0,16.42,2001,16.42,2001,16.42,2001,16.42,2001
16.43,0,16.43,0,16.43,0,16.43,0,16.43,1990,16.43,1996,16.43,2044,16.43,2013,16.43,0,16.43,0,16.43,0,16.43,0,16.43,2001,16.43,2001,16.43,2001,16.43,2001
16.44,0,16.44,0,16.44,0,16.44,0,16.44,2000,16.44,1992,16.44,1992,16.44,2029,16.44,0,16.44,0,16.44,0,16.44,0,16.44,2001,16.44,2001,16.44,2001,16.44,2001
16.45,0,16.45,0,16.45,0,16.45,0,16.45,2022,16.45,2079,16.45,2032,16.45,2009,16.45,0,16.45,0,16.45,0,16.45,0,16.45,2001,16.45,2001,16.45,2001,16.45,2001
16.46,0,16.46,0,16.46,0,16.46,0,16.46,1997,16.46,1989,16.46,1996,16.46,1938,16.46,0,16.46,0,16.46,0,16.46,0,16.46,2001,16.46,2001,16.46,2001,16.46,2001
16.47,0,16.47,0,16.47,0,16.47,0,16.47,2004,16.47,1995,16.47,1988,16.47,2022,16.47,0,16.47,0,16.47,0,16.47,0,16.47,2001,16.47,2001,16.47,2001,16.47,2001
16.48,0,16.48,0,16.48,0,16.48,0,16.48,2006,16.48,1999,16.48,1996,16.48,1975,16.48,0,16.48,0,16.48,0,16.48,0,16.48,2001,16.48,2001,16.48,2001,16.48,2001
16.49,0,16.49,0,16.49,0,16.49,0,16.49,1982,16.49,1998,16.49,1993,16.49,1959,16.49,0,16.49,0,16.49,0,16.49,0,16.49,2001,16.49,2001,16.49,2001,16.49,2001
16.5,0,16.5,0,16.5,0,16.5,0,16.5,2011,16.5,1955,16.5,1977,16.5,1989,16.5,0,16.5,0,16.5,0,16.5,0,16.5,2001,16.5,2001,16.5,2001,16.5,2001
16.51,0,16.51,0,16.51,0,16.51,0,16.51,2000,16.51,2010,16.51,2038,16.51,2012,16.51,0,16.51,0,16.51,0,16.51,0,16.51,2001,16.51,2001,16.51,2001,16.51,2001
16.52,0,16.52,0,16.52,0,16.52,0,16.52,1983,16.52,1966,16.52,1988,16.52,1982,16.52,0,16.52,0,16.52,0,16.52,0,16.52,2001,16.52,2001,16.52,2001,16.52,2001
16.53,0,16.53,0,16.53,0,16.53,0,16.53,1988,16.53,1952,16.53,2104,16.53,2006,16.53,0,16.53,0,16.53,0,16.53,0,16.53,2001,16.53,2001,16.53,2001,16.53,2001
16.54,0,16.54,0,16.54,0,16.54,0,16.54,2020,16.54,1921,16.54,1994,16.54,1996,16.54,0,16.54,0,16.54,0,16.54,0,16.54,2001,16.54,2001,16.54,2001,16.54,2001
16.55,0,16.55,0,16.55,0,16.55,0,16.55,1991,16.55,1982,16.55,1999,16.55,1982,16.55,0,16.55,0,16.55,0,16.55,0,16.55,2001,16.55,2001,16.55,2001,16.55,2001
16.56,0,16.56,0,16.56,0,16.56,0,16.56,1986,16.56,2014,16.56,1986,16.56,1987,16.56,0,16.56,0,16.56,0,16.56,0,16.56,2001,16.56,2001,16.56,2001,16.56,2001
16.57,0,16.57,0,16.57,0,16.57,0,16.57,1968,16.57,1948,16.57,2003,16.57,2007,16.57,0,16.57,0,16.57,0,16.57,0,16.57,2001,16.57,2001,16.57,2001,16.57,2001
16.58,0,16.58,0,16.58,0,16.58,0,16.58,1986,16.58,1989,16.58,1993,16.58,2000,16.58,0,16.58,0,16.58,0,16.58,0,16.58,2001,16.58,2001,16.58,2001,16.58,2001
16.59,0,16.59,0,16.59,0,16.59,0,16.59,2005,16.59,2001,16.59,1984,16.59,1946,16.59,0,16.59,0,16.59,0,16.59,0,16.59,2001,16.59,2001,16.59,2001,16.59,2001
16.6,0,16.6,0,16.6,0,16.6,0,16.6,1999,16.6,1998,16.6,1981,16.6,1998,16.6,0,16.6,0,16.6,0,16.6,0,16.6,2001,16.6,2001,16.6,2001,16.6,2001
16.61,0,16.61,0,16.61,0,16.61,0,16.61,1958,16.61,1995,16.61,2011,16.61,1994,16.61,0,16.61,0,16.61,0,16.61,0,16.61,2001,16.61,2001,16.61,2001,16.61,2001
16.62,0,16.62,0,16.62,0,16.62,0,16.62,1962,16.62,1990,16.62,2001,16.62,1903,16.62,0,16.62,0,16.62,0,16.62,0,16.62,2001,16.62,2001,16.62,2001,16.62,2001
16.63,0,16.63,0,16.63,0,16.63,0,16.63,2000,16.63,2004,16.63,1984,16.63,1997,16.63,0,16.63,0,16.63,0,16.63,0,16.63,2001,16.63,2001,16.63,2001,16.63,2001
16.64,0,16.64,0,16.64,0,16.64,0,16.64,2122,16.64,2133,16.64,1995,16.64,1978,16.64,0,16.64,0,16.64,0,16.64,0,16.64,2001,16.64,2001,16.64,2001,16.64,2001
16.65,0,16.65,0,16.65,0,16.65,0,16.65,2000,16.65,1976,16.65,1930,16.65,2002,16.65,0,16.65,0,16.65,0,16.65,0,16.65,2001,16.65,2001,16.65,2001,16.65,2001
16.66,0,16.66,0,16.66,0,16.66,0,16.66,2153,16.66,2038,16.66,2016,16.66,2002,16.66,0,16.66,0,16.66,0,16.66,0,16.66,2001,16.66,2001,16.66,2001,16.66,2001
16.67,0,16.67,0,16.67,0,16.67,0,16.67,2011,16.67,2010,16.67,2003,16.67,1982,16.67,0,16.67,0,16.67,0,16.67,0,16.67,2001,16.67,2001,16.67,2001,16.67,2001
16.68,0,16.68,0,16.68,0,16.68,0,16.68,1952,16.68,1974,16.68,2035,16.68,2037,16.68,0,16.68,0,16.68,0,16.68,0,16.68,2001,16.68,2001,16.68,2001,16.68,2001
16.69,0,16.69,0,16.69,0,16.69,0,16.69,1996,16.69,2126,16.69,2065,16.69,1999,16.69,0,16.69,0,16.69,0,16.69,0,16.69,2001,16.69,2001,16.69,2001,16.69,2001
16.7,0,16.7,0,16.7,0,16.7,0,16.7,1993,16.7,1985,16.7,1999,16.7,2020,16.7,0,16.7,0,16.7,0,16.7,0,16.7,2001,16.7,2001,16.7,2001,16.7,2001
16.71,0,16.71,0,16.71,0,16.71,0,16.71,1994,16.71,2022,16.71,1914,16.71,2014,16.71,0,16.71,0,16.71,0,16.71,0,16.71,2001,16.71,2001,16.71,2001,16.71,2001
16.72,0,16.72,0,16.72,0,16.72,0,16.72,1999,16.72,2044,16.72,2130,16.72,2011,16.72,0,16.72,0,16.72,0,16.72,0,16.72,2001,16.72,2001,16.72,2001,16.72,2001
16.73,0,16.73,0,16.73,0,16.73,0,16.73,1999,16.73,2008,16.73,1993,16.73,1992,16.73,0,16.73,0,16.73,0,16.73,0,16.73,2001,16.73,2001,16.73,2001,16.73,2001
16.74,0,16.74,0,16.74,0,16.74,0,16.74,1939,16.74,1987,16.74,2060,16.74,2008,16.74,0,16.74,0,16.74,0,16.74,0,16.74,2001,16.74,2001,16.74,2001,16.74,2001
16.75,0,16.75,0,16.75,0,16.75,0,16.75,2001,16.75,1945,16.75,2018,16.75,2010,16.75,0,16.75,0,16.75,0,16.75,0,16.75,2001,16.75,2001,16.75,2001,16.75,2001
16.76,0,16.76,0,16.76,0,16.76,0,16.76,1978,16.76,1999,16.76,2004,16.76,1989,16.76,0,16.76,0,16.76,0,16.76,0,16.76,2001,16.76,2001,16.76,2001,16.76,2001
16.77,0,16.77,0,16.77,0,16.77,0,16.77,1972,16.77,1992,16.77,1976,16.77,1999,16.77,0,16.77,0,16.77,0,16.77,0,16.77,2001,16.77,2001,16.77,2001,16.77,2001
16.78,0,16.78,0,16.78,0,16.78,0,16.78,2094,16.78,1992,16.78,1995,16.78,1997,16.78,0,16.78,0,16.78,0,16.78,0,16.78,2001,16.78,2001,16.78,2001,16.78,2001
16.79,0,16.79,0,16.79,0,16.79,0,16.79,1995,16.79,2148,16.79,2011,16.79,2059,16.79,0,16.79,0,16.79,0,16.79,0,16.79,2001,16.79,2001,16.79,2001,16.79,2001
16.8,0,16.8,0,16.8,0,16.8,0,16.8,1990,16.8,1953,16.8,1930,16.8,2003,16.8,0,16.8,0,16.8,0,16.8,0,16.8,2001,16.8,2001,16.8,2001,16.8,2001
16.81,0,16.81,0,16.81,0,16.81,0,16.81,1997,16.81,1989,16.81,1989,16.81,2028,16.81,0,16.81,0,16.81,0,16.81,0,16.81,2001,16.81,2001,16.81,2001,16.81,2001
16.82,0,16.82,0,16.82,0,16.82,0,16.82,1977,16.82,2020,16.82,1951,16.82,2014,16.82,0,16.82,0,16.82,0,16.82,0,16.82,2001,16.82,2001,16.82,2001,16.82,2001
16.83,0,16.83,0,16.83,0,16.83,0,16.83,2018,16.83,1996,16.83,1988,16.83,1991,16.83,0,16.83,0,16.83,0,16.83,0,16.83,2001,16.83,2001,16.83,2001,16.83,2001
16.84,0,16.84,0,16.84,0,16.84,0,16.84,2106,16.84,2003,16.84,2003,16.84,2012,16.84,0,16.84,0,16.84,0,16.84,0,16.84,2001,16.84,2001,16.84,2001,16.84,2001
16.85,0,16.85,0,16.85,0,16.85,0,16.85,1990,16.85,2014,16.85,1990,16.85,1997,16.85,0,16.85,0,16.85,0,16.85,0,16.85,2001,16.85,2001,16.85,2001,16.85,2001
16.86,0,16.86,0,16.86,0,16.86,0,16.86,1966,16.86,1966,16.86,1964,16.86,2052,16.86,0,16.86,0,16.86,0,16.86,0,16.86,2001,16.86,2001,16.86,2001,16.86,2001
16.87,0,16.87,0,16.87,0,16.87,0,16.87,2123,16.87,2063,16.87,1981,16.87,2019,16.87,0,16.87,0,16.87,0,16.87,0,16.87,2001,16.87,2001,16.87,2001,16.87,2001
16.88,0,16.88,0,16.88,0,16.88,0,16.88,1997,16.88,2045,16.88,2001,16.88,1960,16.88,0,16.88,0,16.88,0,16.88,0,16.88,2001,16.88,2001,16.88,2001,16.88,2001
16.89,0,16.89,0,16.89,0,16.89,0,16.89,1966,16.89,2062,16.89,1982,16.89,1994,16.89,0,16.89,0,16.89,0,16.89,0,16.89,2001,16.89,2001,16.89,2001,16.89,2001
16.9,0,16.9,0,16.9,0,16.9,0,16.9,1995,16.9,1934,16.9,1987,16.9,1996,16.9,0,16.9,0,16.9,0,16.9,0,16.9,2001,16.9,2001,16.9,2001,16.9,2001
16.91,0,16.91,0,16.91,0,16.91,0,16.91,1952,16.91,1954,16.91,2001,16.91,1983,16.91,0,16.91,0,16.91,0,16.91,0,16.91,2001,16.91,2001,16.91,2001,16.91,2001
16.92,0,16.92,0,16.92,0,16.92,0,16.92,2004,16.92,1976,16.92,1990,16.92,2016,16.92,0,16.92,0,16.92,0,16.92,0,16.92,2001,16.92,2001,16.92,2001,16.92,2001
16.93,0,16.93,0,16.93,0,16.93,0,16.93,1998,16.93,1991,16.93,2104,16.93,1944,16.93,0,16.93,0,16.93,0,16.93,0,16.93,2001,16.93,2001,16.93,2001,16.93,2001
16.94,0,16.94,0,16.94,0,16.94,0,16.94,1984,16.94,1987,16.94,2038,16.94,2016,16.94,0,16.94,0,16.94,0,16.94,0,16.94,2001,16.94,2001,16.94,2001,16.94,2001
16.95,0,16.95,0,16.95,0,16.95,0,16.95,1987,16.95,2000,16.95,1985,16.95,1995,16.95,0,16.95,0,16.95,0,16.95,0,16.95,2001,16.95,2001,16.95,2001,16.95,2001
16.96,0,16.96,0,16.96,0,16.96,0,16.96,2042,16.96,2042,16.96,1913,16.96,1964,16.96,0,16.96,0,16.96,0,16.96,0,16.96,2001,16.96,2001,16.96,2001,16.96,2001
16.97,0,16.97,0,16.97,0,16.97,0,16.97,2000,16.97,2002,16.97,1994,16.97,1994,16.97,0,16.97,0,16.97,0,16.97,0,16.97,2001,16.97,2001,16.97,2001,16.97,2001
16.98,0,16.98,0,16.98,0,16.98,0,16.98,2039,16.98,1938,16.98,1989,16.98,1989,16.98,0,16.98,0,16.98,0,16.98,0,16.98,2001,16.98,2001,16.98,2001,16.98,2001
16.99,0,16.99,0,16.99,0,16.99,0,16.99,2024,16.99,1961,16.99,1978,16.99,2010,16.99,0,16.99,0,16.99,0,16.99,0,16.99,2001,16.99,2001,16.99,2001,16.99,2001
17,0,17,0,17,0,17,0,17,1998,17,1985,17,2028,17,2028,17,0,17,0,17,0,17,0,17,2001,17,2001,17,2001,17,2001
17.01,0,17.01,0,17.01,0,17.01,0,17.01,1992,17.01,1964,17.01,2000,17.01,2026,17.01,0,17.01,0,17.01,0,17.01,0,17.01,2001,17.01,2001,17.01,2001,17.01,2001
17.02,0,17.02,0,17.02,0,17.02,0,17.02,1999,17.02,1943,17.02,1988,17.02,2003,17.02,0,17.02,0,17.02,0,17.02,0,17.02,2001,17.02,2001,17.02,2001,17.02,2001
17.03,0,17.03,0,17.03,0,17.03,0,17.03,2023,17.03,1990,17.03,1987,17.03,1998,17.03,0,17.03,0,17.03,0,17.03,0,17.03,2001,17.03,2001,17.03,2001,17.03,2001
17.04,0,17.04,0,17.04,0,17.04,0,17.04,2019,17.04,1984,17.04,2016,17.04,2073,17.04,0,17.04,0,17.04,0,17.04,0,17.04,2001,17.04,2001,17.04,2001,17.04,2001
17.05,0,17.05,0,17.05,0,17.05,0,17.05,2042,17.05,1922,17.05,1987,17.05,2007,17.05,0,17.05,0,17.05,0,17.05,0,17.05,2001,17.05,2001,17.05,2001,17.05,2001
17.06,0,17.06,0,17.06,0,17.06,0,17.06,1976,17.06,1952,17.06,1995,17.06,2026,17.06,0,17.06,0,17.06,0,17.06,0,17.06,2001,17.06,2001,17.06,2001,17.06,2001
17.07,0,17.07,0,17.07,0,17.07,0,17.07,2012,17.07,1977,17.07,1976,17.07,1988,17.07,0,17.07,0,17.07,0,17.07,0,17.07,2001,17.07,2001,17.07,2001,17.07,2001
17.08,0,17.08,0,17.08,0,17.08,0,17.08,2039,17.08,1953,17.08,1973,17.08,2010,17.08,0,17.08,0,17.08,0,17.08,0,17.08,2001,17.08,2001,17.08,2001,17.08,2001
17.09,0,17.09,0,17.09,0,17.09,0,17.09,1951,17.09,2010,17.09,1991,17.09,1977,17.09,0,17.09,0,17.09,0,17.09,0,17.09,2001,17.09,2001,17.09,2001,17.09,2001
17.1,0,17.1,0,17.1,0,17.1,0,17.1,1992,17.1,1964,17.1,1981,17.1,1997,17.1,0,17.1,0,17.1,0,17.1,0,17.1,2001,17.1,2001,17.1,2001,17.1,2001
17.11,0,17.11,0,17.11,0,17.11,0,17.11,1987,17.11,1981,17.11,1990,17.11,2047,17.11,0,17.11,0,17.11,0,17.11,0,17.11,2001,17.11,2001,17.11,2001,17.11,2001
17.12,0,17.12,0,17.12,0,17.12,0,17.12,1999,17.12,1965,17.12,2067,17.12,1980,17.12,0,17.12,0,17.12,0,17.12,0,17.12,2001,17.12,2001,17.12,2001,17.12,2001
17.13,0,17.13,0,17.13,0,17.13,0,17.13,1998,17.13,1981,17.13,1989,17.13,2022,17.13,0,17.13,0,17.13,0,17.13,0,17.13,2001,17.13,2001,17.13,2001,17.13,2001
17.14,0,17.14,0,17.14,0,17.14,0,17.14,1996,17.14,1988,17.14,1973,17.14,2020,17.14,0,17.14,0,17.14,0,17.14,0,17.14,2001,17.14,2001,17.14,2001,17.14,2001
17.15,0,17.15,0,17.15,0,17.15,0,17.15,1984,17.15,2059,17.15,1988,17.15,1994,17.15,0,17.15,0,17.15,0,17.15,0,17.15,2001,17.15,2001,17.15,2001,17.15,2001
17.16,0,17.16,0,17.16,0,17.16,0,17.16,1993,17.16,1989,17.16,2004,17.16,1971,17.16,0,17.16,0,17.16,0,17.16,0,17.16,2001,17.16,2001,17.16,2001,17.16,2001
17.17,0,17.17,0,17.17,0,17.17,0,17.17,2004,17.17,1995,17.17,2007,17.17,1992,17.17,0,17.17,0,17.17,0,17.17,0,17.17,2001,17.17,2001,17.17,2001,17.17,2001
17.18,0,17.18,0,17.18,0,17.18,0,17.18,1998,17.18,2058,17.18,2086,17.18,1997,17.18,0,17.18,0,17.18,0,17.18,0,17.18,2001,17.18,2001,17.18,2001,17.18,2001
17.19,0,17.19,0,17.19,0,17.19,0,17.19,2013,17.19,1995,17.19,2011,17.19,2027,17.19,0,17.19,0,17.19,0,17.19,0,17.19,2001,17.19,2001,17.19,2001,17.19,2001
17.2,0,17.2,0,17.2,0,17.2,0,17.2,1980,17.2,2076,17.2,1982,17.2,2037,17.2,0,17.2,0,17.2,0,17.2,0,17.2,2001,17.2,2001,17.2,2001,17.2,2001
17.21,0,17.21,0,17.21,0,17.21,0,17.21,1995,17.21,1987,17.21,2011,17.21,1961,17.21,0,17.21,0,17.21,0,17.21,0,17.21,2001,17.21,2001,17.21,2001,17.21,2001
17.22,0,17.22,0,17.22,0,17.22,0,17.22,2021,17.22,1996,17.22,1969,17.22,1972,17.22,0,17.22,0,17.22,0,17.22,0,17.22,2001,17.22,2001,17.22,2001,17.22,2001
17.23,0,17.23,0,17.23,0,17.23,0,17.23,2025,17.23,2032,17.23,1978,17.23,2037,17.23,0,17.23,0,17.23,0,17.23,0,17.23,2001,17.23,2001,17.23,2001,17.23,2001
17.24,0,17.24,0,17.24,0,17.24,0,17.24,2061,17.24,2080,17.24,1993,17.24,1996,17.24,0,17.24,0,17.24,0,17.24,0,17.24,2001,17.24,2001,17.24,2001,17.24,2001
17.25,0,17.25,0,17.25,0,17.25,0,17.25,1975,17.25,2091,17.25,1997,17.25,1998,17.25,0,17.25,0,17.25,0,17.25,0,17.25,2001,17.25,2001,17.25,2001,17.25,2001
17.26,0,17.26,0,17.26,0,17.26,0,17.26,1982,17.26,1982,17.26,1983,17.26,2037,17.26,0,17.26,0,17.26,0,17.26,0,17.26,2001,17.26,2001,17.26,2001,17.26,2001
17.27,0,17.27,0,17.27,0,17.27,0,17.27,1984,17.27,1989,17.27,2036,17.27,2000,17.27,0,17.27,0,17.27,0,17.27,0,17.27,2001,17.27,2001,17.27,2001,17.27,2001
17.28,0,17.28,0,17.28,0,17.28,0,17.28,1998,17.28,2041,17.28,2026,17.28,1997,17.28,0,17.28,0,17.28,0,17.28,0,17.28,2001,17.28,2001,17.28,2001,17.28,2001
17.29,0,17.29,0,17.29,0,17.29,0,17.29,1989,17.29,1954,17.29,1973,17.29,2020,17.29,0,17.29,0,17.29,0,17.29,0,17.29,2001,17.29,2001,17.29,2001,17.29,2001
17.3,0,17.3,0,17.3,0,17.3,0,17.3,1999,17.3,1970,17.3,1998,17.3,2002,17.3,0,17.3,0,17.3,0,17.3,0,17.3,2001,17.3,2001,17.3,2001,17.3,2001
17.31,0,17.31,0,17.31,0,17.31,0,17.31,1982,17.31,2012,17.31,1992,17.31,2006,17.31,0,17.31,0,17.31,0,17.31,0,17.31,2001,17.31,2001,17.31,2001,17.31,2001
17.32,0,17.32,0,17.32,0,17.32,0,17.32,2001,17.32,1981,17.32,1917,17.32,2035,17.32,0,17.32,0,17.32,0,17.32,0,17.32,2001,17.32,2001,17.32,2001,17.32,2001
17.33,0,17.33,0,17.33,0,17.33,0,17.33,2001,17.33,2008,17.33,2006,17.33,2003,17.33,0,17.33,0,17.33,0,17.33,0,17.33,2001,17.33,2001,17.33,2001,17.33,2001
17.34,0,17.34,0,17.34,0,17.34,0,17.34,1988,17.34,1996,17.34,2026,17.34,1980,17.34,0,17.34,0,17.34,0,17.34,0,17.34,2001,17.34,2001,17.34,2001,17.34,2001
17.35,0,17.35,0,17.35,0,17.35,0,17.35,1991,17.35,1983,17.35,2000,17.35,2012,17.35,0,17.35,0,17.35,0,17.35,0,17.35,2001,17.35,2001,17.35,2001,17.35,2001
17.36,0,17.36,0,17.36,0,17.36,0,17.36,2004,17.36,1985,17.36,1983,17.36,2000,17.36,0,17.36,0,17.36,0,17.36,0,17.36,2001,17.36,2001,17.36,2001,17.36,2001
17.37,0,17.37,0,17.37,0,17.37,0,17.37,2037,17.37,2106,17.37,2015,17.37,2006,17.37,0,17.37,0,17.37,0,17.37,0,17.37,2001,17.37,2001,17.37,2001,17.37,2001
17.38,0,17.38,0,17.38,0,17.38,0,17.38,1986,17.38,2130,17.38,1990,17.38,2012,17.38,0,17.38,0,17.38,0,17.38,0,17.38,2001,17.38,2001,17.38,2001,17.38,2001
17.39,0,17.39,0,17.39,0,17.39,0,17.39,2024,17.39,2105,17.39,1998,17.39,1958,17.39,0,17.39,0,17.39,0,17.39,0,17.39,2001,17.39,2001,17.39,2001,17.39,2001
17.4,0,17.4,0,17.4,0,17.4,0,17.4,2012,17.4,1989,17.4,2020,17.4,2031,17.4,0,17.4,0,17.4,0,17.4,0,17.4,2001,17.4,2001,17.4,2001,17.4,2001
17.41,0,17.41,0,17.41,0,17.41,0,17.41,1992,17.41,2002,17.41,1980,17.41,1992,17.41,0,17.41,0,17.41,0,17.41,0,17.41,2001,17.41,2001,17.41,2001,17.41,2001
17.42,0,17.42,0,17.42,0,17.42,0,17.42,1997,17.42,2104,17.42,1995,17.42,1998,17.42,0,17.42,0,17.42,0,17.42,0,17.42,2001,17.42,2001,17.42,2001,17.42,2001
17.43,0,17.43,0,17.43,0,17.43,0,17.43,2000,17.43,1996,17.43,2011,17.43,2048,17.43,0,17.43,0,17.43,0,17.43,0,17.43,2001,17.43,2001,17.43,2001,17.43,2001
17.44,0,17.44,0,17.44,0,17.44,0,17.44,1993,17.44,2005,17.44,2032,17.44,1988,17.44,0,17.44,0,17.44,0,17.44,0,17.44,2001,17.44,2001,17.44,2001,17.44,2001
17.45,0,17.45,0,17.45,0,17.45,0,17.45,1996,17.45,1968,17.45,1989,17.45,1982,17.45,0,17.45,0,17.45,0,17.45,0,17.45,2001,17.45,2001,17.45,2001,17.45,2001
17.46,0,17.46,0,17.46,0,17.46,0,17.46,1989,17.46,2011,17.46,2007,17.46,1983,17.46,0,17.46,0,17.46,0,17.46,0,17.46,2001,17.46,2001,17.46,2001,17.46,2001
17.47,0,17.47,0,17.47,0,17.47,0,17.47,2001,17.47,1973,17.47,2011,17.47,1980,17.47,0,17.47,0,17.47,0,17.47,0,17.47,2001,17.47,2001,17.47,2001,17.47,2001
17.48,0,17.48,0,17.48,0,17.48,0,17.48,1996,17.48,1978,17.48,2065,17.48,1993,17.48,0,17.48,0,17.48,0,17.48,0,17.48,2001,17.48,2001,17.48,2001,17.48,2001
17.49,0,17.49,0,17.49,0,17.49,0,17.49,2000,17.49,1995,17.49,1988,17.49,1989,17.49,0,17.49,0,17.49,0,17.49,0,17.49,2001,17.49,2001,17.49,2001,17.49,2001
17.5,0,17.5,0,17.5,0,17.5,0,17.5,2111,17.5,2009,17.5,2053,17.5,1998,17.5,0,17.5,0,17.5,0,17.5,0,17.5,2001,17.5,2001,17.5,2001,17.5,2001
17.51,0,17.51,0,17.51,0,17.51,0,17.51,1994,17.51,1963,17.51,1998,17.51,1987,17.51,0,17.51,0,17.51,0,17.51,0,17.51,2001,17.51,2001,17.51,2001,17.51,2001
17.52,0,17.52,0,17.52,0,17.52,0,17.52,1985,17.52,2047,17.52,2054,17.52,1990,17.52,0,17.52,0,17.52,0,17.52,0,17.52,2001,17.52,2001,17.52,2001,17.52,2001
17.53,0,17.53,0,17.53,0,17.53,0,17.53,1982,17.53,2065,17.53,1984,17.53,2024,17.53,0,17.53,0,17.53,0,17.53,0,17.53,2001,17.53,2001,17.53,2001,17.53,2001
17.54,0,17.54,0,17.54,0,17.54,0,17.54,2000,17.54,1995,17.54,2005,17.54,1996,17.54,0,17.54,0,17.54,0,17.54,0,17.54,2001,17.54,2001,17.54,2001,17.54,2001
17.55,0,17.55,0,17.55,0,17.55,0,17.55,2014,17.55,2008,17.55,2028,17.55,1977,17.55,0,17.55,0,17.55,0,17.55,0,17.55,2001,17.55,2001,17.55,2001,17.55,2001
17.56,0,17.56,0,17.56,0,17.56,0,17.56,1994,17.56,2010,17.56,2013,17.56,1993,17.56,0,17.56,0,17.56,0,17.56,0,17.56,2001,17.56,2001,17.56,2001,17.56,2001
17.57,0,17.57,0,17.57,0,17.57,0,17.57,2009,17.57,2001,17.57,2026,17.57,2056,17.57,0,17.57,0,17.57,0,17.57,0,17.57,2001,17.57,2001,17.57,2001,17.57,2001
17.58,0,17.58,0,17.58,0,17.58,0,17.58,1964,17.58,1979,17.58,2004,17.58,2040,17.58,0,17.58,0,17.58,0,17.58,0,17.58,2001,17.58,2001,17.58,2001,17.58,2001
17.59,0,17.59,0,17.59,0,17.59,0,17.59,2010,17.59,1966,17.59,1995,17.59,2066,17.59,0,17.59,0,17.59,0,17.59,0,17.59,2001,17.59,2001,17.59,2001,17.59,2001
17.6,0,17.6,0,17.6,0,17.6,0,17.6,1999,17.6,1988,17.6,1972,17.6,2003,17.6,0,17.6,0,17.6,0,17.6,0,17.6,2001,17.6,2001,17.6,2001,17.6,2001
17.61,0,17.61,0,17.61,0,17.61,0,17.61,1990,17.61,2011,17.61,1975,17.61,2017,17.61,0,17.61,0,17.61,0,17.61,0,17.61,2001,17.61,2001,17.61,2001,17.61,2001
17.62,0,17.62,0,17.62,0,17.62,0,17.62,1969,17.62,1992,17.62,2008,17.62,2072,17.62,0,17.62,0,17.62,0,17.62,0,17.62,2001,17.62,2001,17.62,2001,17.62,2001
17.63,0,17.63,0,17.63,0,17.63,0,17.63,1991,17.63,1984,17.63,1984,17.63,2021,17.63,0,17.63,0,17.63,0,17.63,0,17.63,2001,17.63,2001,17.63,2001,17.63,2001
17.64,0,17.64,0,17.64,0,17.64,0,17.64,1997,17.64,2120,17.64,2053,17.64,2022,17.64,0,17.64,0,17.64,0,17.64,0,17.64,2001,17.64,2001,17.64,2001,17.64,2001
17.65,0,17.65,0,17.65,0,17.65,0,17.65,1966,17.65,1984,17.65,1992,17.65,2020,17.65,0,17.65,0,17.65,0,17.65,0,17.65,2001,17.65,2001,17.65,2001,17.65,2001
17.66,0,17.66,0,17.66,0,17.66,0,17.66,1989,17.66,2006,17.66,1978,17.66,1999,17.66,0,17.66,0,17.66,0,17.66,0,17.66,2001,17.66,2001,17.66,2001,17.66,2001
17.67,0,17.67,0,17.67,0,17.67,0,17.67,2022,17.67,1987,17.67,1995,17.67,2017,17.67,0,17.67,0,17.67,0,17.67,0,17.67,2001,17.67,2001,17.67,2001,17.67,2001
17.68,0,17.68,0,17.68,0,17.68,0,17.68,1973,17.68,2107,17.68,1986,17.68,1985,17.68,0,17.68,0,17.68,0,17.68,0,17.68,2001,17.68,2001,17.68,2001,17.68,2001
17.69,0,17.69,0,17.69,0,17.69,0,17.69,2050,17.69,1989,17.69,1996,17.69,2035,17.69,0,17.69,0,17.69,0,17.69,0,17.69,2001,17.69,2001,17.69,2001,17.69,2001
17.7,0,17.7,0,17.7,0,17.7,0,17.7,1979,17.7,2083,17.7,2017,17.7,1981,17.7,0,17.7,0,17.7,0,17.7,0,17.7,2001,17.7,2001,17.7,2001,17.7,2001
17.71,0,17.71,0,17.71,0,17.71,0,17.71,1960,17.71,1975,17.71,2007,17.71,2020,17.71,0,17.71,0,17.71,0,17.71,0,17.71,2001,17.71,2001,17.71,2001,17.71,2001
17.72,0,17.72,0,17.72,0,17.72,0,17.72,1996,17.72,2191,17.72,2005,17.72,2040,17.72,0,17.72,0,17.72,0,17.72,0,17.72,2001,17.72,2001,17.72,2001,17.72,2001
17.73,0,17.73,0,17.73,0,17.73,0,17.73,1995,17.73,1948,17.73,2006,17.73,1993,17.73,0,17.73,0,17.73,0,17.73,0,17.73,2001,17.73,2001,17.73,2001,17.73,2001
17.74,0,17.74,0,17.74,0,17.74,0,17.74,1988,17.74,2005,17.74,1997,17.74,1996,17.74,0,17.74,0,17.74,0,17.74,0,17.74,2001,17.74,2001,17.74,2001,17.74,2001
17.75,0,17.75,0,17.75,0,17.75,0,17.75,2002,17.75,1997,17.75,1994,17.75,2000,17.75,0,17.75,0,17.75,0,17.75,0,17.75,2001,17.75,2001,17.75,2001,17.75,2001
17.76,0,17.76,0,17.76,0,17.76,0,17.76,1996,17.76,2009,17.76,2013,17.76,1970,17.76,0,17.76,0,17.76,0,17.76,0,17.76,2001,17.76,2001,17.76,2001,17.76,2001
17.77,0,17.77,0,17.77,0,17.77,0,17.77,2005,17.77,2014,17.77,1999,17.77,2020,17.77,0,17.77,0,17.77,0,17.77,0,17.77,2001,17.77,2001,17.77,2001,17.77,2001
17.78,0,17.78,0,17.78,0,17.78,0,17.78,1999,17.78,2003,17.78,1908,17.78,1982,17.78,0,17.78,0,17.78,0,17.78,0,17.78,2001,17.78,2001,17.78,2001,17.78,2001
17.79,0,17.79,0,17.79,0,17.79,0,17.79,1990,17.79,1977,17.79,2047,17.79,1992,17.79,0,17.79,0,17.79,0,17.79,0,17.79,2001,17.79,2001,17.79,2001,17.79,2001
17.8,0,17.8,0,17.8,0,17.8,0,17.8,1963,17.8,2156,17.8,2024,17.8,1989,17.8,0,17.8,0,17.8,0,17.8,0,17.8,2001,17.8,2001,17.8,2001,17.8,2001
17.81,0,17.81,0,17.81,0,17.81,0,17.81,2011,17.81,2021,17.81,2020,17.81,2068,17.81,0,17.81,0,17.81,0,17.81,0,17.81,2001,17.81,2001,17.81,2001,17.81,2001
17.82,0,17.82,0,17.82,0,17.82,0,17.82,2007,17.82,2116,17.82,2019,17.82,1972,17.82,0,17.82,0,17.82,0,17.82,0,17.82,2001,17.82,2001,17.82,2001,17.82,2001
17.83,0,17.83,0,17.83,0,17.83,0,17.83,2018,17.83,1989,17.83,1944,17.83,1981,17.83,0,17.83,0,17.83,0,17.83,0,17.83,2001,17.83,2001,17.83,2001,17.83,2001
17.84,0,17.84,0,17.84,0,17.84,0,17.84,1982,17.84,2006,17.84,1976,17.84,2002,17.84,0,17.84,0,17.84,0,17.84,0,17.84,2001,17.84,2001,17.84,2001,17.84,2001
17.85,0,17.85,0,17.85,0,17.85,0,17.85,1980,17.85,1987,17.85,1974,17.85,1990,17.85,0,17.85,0,17.85,0,17.85,0,17.85,2001,17.85,2001,17.85,2001,17.85,2001
17.86,0,17.86,0,17.86,0,17.86,0,17.86,1963,17.86,2045,17.86,1993,17.86,2076,17.86,0,17.86,0,17.86,0,17.86,0,17.86,2001,17.86,2001,17.86,2001,17.86,2001
17.87,0,17.87,0,17.87,0,17.87,0,17.87,1993,17.87,2030,17.87,1997,17.87,2014,17.87,0,17.87,0,17.87,0,17.87,0,17.87,2001,17.87,2001,17.87,2001,17.87,2001
17.88,0,17.88,0,17.88,0,17.88,0,17.88,1993,17.88,1992,17.88,1931,17.88,1981,17.88,0,17.88,0,17.88,0,17.88,0,17.88,2001,17.88,2001,17.88,2001,17.88,2001
17.89,0,17.89,0,17.89,0,17.89,0,17.89,2003,17.89,1995,17.89,1986,17.89,2014,17.89,0,17.89,0,17.89,0,17.89,0,17.89,2001,17.89,2001,17.89,2001,17.89,2001
17.9,0,17.9,0,17.9,0,17.9,0,17.9,2014,17.9,1991,17.9,2031,17.9,2006,17.9,0,17.9,0,17.9,0,17.9,0,17.9,2001,17.9,2001,17.9,2001,17.9,2001
17.91,0,17.91,0,17.91,0,17.91,0,17.91,2011,17.91,2026,17.91,1999,17.91,1950,17.91,0,17.91,0,17.91,0,17.91,0,17.91,2001,17.91,2001,17.91,2001,17.91,2001
17.92,0,17.92,0,17.92,0,17.92,0,17.92,2001,17.92,2006,17.92,2004,17.92,1992,17.92,0,17.92,0,17.92,0,17.92,0,17.92,2001,17.92,2001,17.92,2001,17.92,2001
17.93,0,17.93,0,17.93,0,17.93,0,17.93,2022,17.93,2004,17.93,1998,17.93,2099,17.93,0,17.93,0,17.93,0,17.93,0,17.93,2001,17.93,2001,17.93,2001,17.93,2001
17.94,0,17.94,0,17.94,0,17.94,0,17.94,2026,17.94,2060,17.94,1949,17.94,1972,17.94,0,17.94,0,17.94,0,17.94,0,17.94,2001,17.94,2001,17.94,2001,17.94,2001
17.95,0,17.95,0,17.95,0,17.95,0,17.95,1990,17.95,1983,17.95,2040,17.95,2054,17.95,0,17.95,0,17.95,0,17.95,0,17.95,2001,17.95,2001,17.95,2001,17.95,2001
17.96,0,17.96,0,17.96,0,17.96,0,17.96,2011,17.96,1981,17.96,1995,17.96,1991,17.96,0,17.96,0,17.96,0,17.96,0,17.96,2001,17.96,2001,17.96,2001,17.96,2001
17.97,0,17.97,0,17.97,0,17.97,0,17.97,1988,17.97,1971,17.97,2078,17.97,1972,17.97,0,17.97,0,17.97,0,17.97,0,17.97,2001,17.97,2001,17.97,2001,17.97,2001
17.98,0,17.98,0,17.98,0,17.98,0,17.98,1998,17.98,1921,17.98,1983,17.98,1970,17.98,0,17.98,0,17.98,0,17.98,0,17.98,2001,17.98,2001,17.98,2001,17.98,2001
17.99,0,17.99,0,17.99,0,17.99,0,17.99,2000,17.99,1996,17.99,2001,17.99,1949,17.99,0,17.99,0,17.99,0,17.99,0,17.99,2001,17.99,2001,17.99,2001,17.99,2001
18,0,18,0,18,0,18,0,18,2021,18,2105,18,1985,18,1977,18,0,18,0,18,0,18,0,18,2001,18,2001,18,2001,18,2001
18.01,0,18.01,0,18.01,0,18.01,0,18.01,1988,18.01,1987,18.01,2003,18.01,1992,18.01,0,18.01,0,18.01,0,18.01,0,18.01,2001,18.01,2001,18.01,2001,18.01,2001
18.02,0,18.02,0,18.02,0,18.02,0,18.02,2003,18.02,1996,18.02,1991,18.02,1997,18.02,0,18.02,0,18.02,0,18.02,0,18.02,2001,18.02,2001,18.02,2001,18.02,2001
18.03,0,18.03,0,18.03,0,18.03,0,18.03,2000,18.03,2003,18.03,1982,18.03,2005,18.03,0,18.03,0,18.03,0,18.03,0,18.03,2001,18.03,2001,18.03,2001,18.03,2001
18.04,0,18.04,0,18.04,0,18.04,0,18.04,1992,18.04,2007,18.04,2056,18.04,1961,18.04,0,18.04,0,18.04,0,18.04,0,18.04,2001,18.04,2001,18.04,2001,18.04,2001
18.05,0,18.05,0,18.05,0,18.05,0,18.05,2029,18.05,1967,18.05,2004,18.05,1997,18.05,0,18.05,0,18.05,0,18.05,0,18.05,2001,18.05,2001,18.05,2001,18.05,2001
18.06,0,18.06,0,18.06,0,18.06,0,18.06,2000,18.06,2001,18.06,1984,18.06,1977,18.06,0,18.06,0,18.06,0,18.06,0,18.06,2001,18.06,2001,18.06,2001,18.06,2001
18.07,0,18.07,0,18.07,0,18.07,0,18.07,1992,18.07,1986,18.07,1949,18.07,1999,18.07,0,18.07,0,18.07,0,18.07,0,18.07,2001,18.07,2001,18.07,2001,18.07,2001
18.08,0,18.08,0,18.08,0,18.08,0,18.08,1999,18.08,2024,18.08,1990,18.08,2007,18.08,0,18.08,0,18.08,0,18.08,0,18.08,2001,18.08,2001,18.08,2001,18.08,2001
18.09,0,18.09,0,18.09,0,18.09,0,18.09,1995,18.09,1974,18.09,1963,18.09,2028,18.09,0,18.09,0,18.09,0,18.09,0,18.09,2001,18.09,2001,18.09,2001,18.09,2001
18.1,0,18.1,0,18.1,0,18.1,0,18.1,2002,18.1,1985,18.1,1985,18.1,2016,18.1,0,18.1,0,18.1,0,18.1,0,18.1,2001,18.1,2001,18.1,2001,18.1,2001
18.11,0,18.11,0,18.11,0,18.11,0,18.11,2000,18.11,2015,18.11,1978,18.11,2052,18.11,0,18.11,0,18.11,0,18.11,0,18.11,2001,18.11,2001,18.11,2001,18.11,2001
18.12,0,18.12,0,18.12,0,18.12,0,18.12,2004,18.12,1993,18.12,1984,18.12,1967,18.12,0,18.12,0,18.12,0,18.12,0,18.12,2001,18.12,2001,18.12,2001,18.12,2001
18.13,0,18.13,0,18.13,0,18.13,0,18.13,2006,18.13,1972,18.13,2006,18.13,2016,18.13,0,18.13,0,18.13,0,18.13,0,18.13,2001,18.13,2001,18.13,2001,18.13,2001
18.14,0,18.14,0,18.14,0,18.14,0,18.14,2010,18.14,2001,18.14,2019,18.14,2002,18.14,0,18.14,0,18.14,0,18.14,0,18.14,2001,18.14,2001,18.14,2001,18.14,2001
18.15,0,18.15,0,18.15,0,18.15,0,18.15,1988,18.15,1996,18.15,1986,18.15,1940,18.15,0,18.15,0,18.15,0,18.15,0,18.15,2001,18.15,2001,18.15,2001,18.15,2001
18.16,0,18.16,0,18.16,0,18.16,0,18.16,1999,18.16,2009,18.16,2015,18.16,2017,18.16,0,18.16,0,18.16,0,18.16,0,18.16,2001,18.16,2001,18.16,2001,18.16,2001
18.17,0,18.17,0,18.17,0,18.17,0,18.17,2014,18.17,1947,18.17,1994,18.17,1991,18.17,0,18.17,0,18.17,0,18.17,0,18.17,2001,18.17,2001,18.17,2001,18.17,2001
18.18,0,18.18,0,18.18,0,18.18,0,18.18,1992,18.18,1993,18.18,2045,18.18,1990,18.18,0,18.18,0,18.18,0,18.18,0,18.18,2001,18.18,2001,18.18,2001,18.18,2001
18.19,0,18.19,0,18.19,0,18.19,0,18.19,1981,18.19,1999,18.19,1990,18.19,1969,18.19,0,18.19,0,18.19,0,18.19,0,18.19,2001,18.19,2001,18.19,2001,18.19,2001
18.2,0,18.2,0,18.2,0,18.2,0,18.2,2006,18.2,2003,18.2,1986,18.2,1992,18.2,0,18.2,0,18.2,0,18.2,0,18.2,2001,18.2,2001,18.2,2001,18.2,2001
18.21,0,18.21,0,18.21,0,18.21,0,18.21,1953,18.21,2003,18.21,1980,18.21,1992,18.21,0,18.21,0,18.21,0,18.21,0,18.21,2001,18.21,2001,18.21,2001,18.21,2001
18.22,0,18.22,0,18.22,0,18.22,0,18.22,1998,18.22,2012,18.22,2025,18.22,1978,18.22,0,18.22,0,18.22,0,18.22,0,18.22,2001,18.22,2001,18.22,2001,18.22,2001
18.23,0,18.23,0,18.23,0,18.23,0,18.23,2018,18.23,2012,18.23,1964,18.23,2029,18.23,0,18.23,0,18.23,0,18.23,0,18.23,2001,18.23,2001,18.23,2001,18.23,2001
18.24,0,18.24,0,18.24,0,18.24,0,18.24,1961,18.24,1988,18.24,1916,18.24,1994,18.24,0,18.24,0,18.24,0,18.24,0,18.24,2001,18.24,2001,18.24,2001,18.24,2001
18.25,0,18.25,0,18.25,0,18.25,0,18.25,1942,18.25,2012,18.25,1992,18.25,1990,18.25,0,18.25,0,18.25,0,18.25,0,18.25,2001,18.25,2001,18.25,2001,18.25,2001
18.26,0,18.26,0,18.26,0,18.26,0,18.26,2009,18.26,2007,18.26,1940,18.26,1999,18.26,0,18.26,0,18.26,0,18.26,0,18.26,2001,18.26,2001,18.26,2001,18.26,2001
18.27,0,18.27,0,18.27,0,18.27,0,18.27,2026,18.27,1954,18.27,1973,18.27,2055,18.27,0,18.27,0,18.27,0,18.27,0,18.27,2001,18.27,2001,18.27,2001,18.27,2001
18.28,0,18.28,0,18.28,0,18.28,0,18.28,1996,18.28,2004,18.28,2005,18.28,1957,18.28,0,18.28,0,18.28,0,18.28,0,18.28,2001,18.28,2001,18.28,2001,18.28,2001
18.29,0,18.29,0,18.29,0,18.29,0,18.29,2015,18.29,2011,18.29,2001,18.29,2009,18.29,0,18.29,0,18.29,0,18.29,0,18.29,2001,18.29,2001,18.29,2001,18.29,2001
18.3,0,18.3,0,18.3,0,18.3,0,18.3,2043,18.3,1994,18.3,1969,18.3,1986,18.3,0,18.3,0,18.3,0,18.3,0,18.3,2001,18.3,2001,18.3,2001,18.3,2001
18.31,0,18.31,0,18.31,0,18.31,0,18.31,1992,18.31,1994,18.31,1996,18.31,1986,18.31,0,18.31,0,18.31,0,18.31,0,18.31,2001,18.31,2001,18.31,2001,18.31,2001
18.32,0,18.32,0,18.32,0,18.32,0,18.32,2014,18.32,1989,18.32,1988,18.32,2012,18.32,0,18.32,0,18.32,0,18.32,0,18.32,2001,18.32,2001,18.32,2001,18.32,2001
18.33,0,18.33,0,18.33,0,18.33,0,18.33,1983,18.33,1986,18.33,2132,18.33,1977,18.33,0,18.33,0,18.33,0,18.33,0,18.33,2001,18.33,2001,18.33,2001,18.33,2001
18.34,0,18.34,0,18.34,0,18.34,0,18.34,2003,18.34,1977,18.34,2008,18.34,2064,18.34,0,18.34,0,18.34,0,18.34,0,18.34,2001,18.34,2001,18.34,2001,18.34,2001
18.35,0,18.35,0,18.35,0,18.35,0,18.35,2078,18.35,2026,18.35,2001,18.35,1999,18.35,0,18.35,0,18.35,0,18.35,0,18.35,2001,18.35,2001,18.35,2001,18.35,2001
18.36,0,18.36,0,18.36,0,18.36,0,18.36,1967,18.36,1996,18.36,1984,18.36,1990,18.36,0,18.36,0,18.36,0,18.36,0,18.36,2001,18.36,2001,18.36,2001,18.36,2001
18.37,0,18.37,0,18.37,0,18.37,0,18.37,1978,18.37,1998,18.37,2092,18.37,2001,18.37,0,18.37,0,18.37,0,18.37,0,18.37,2001,18.37,2001,18.37,2001,18.37,2001
18.38,0,18.38,0,18.38,0,18.38,0,18.38,2016,18.38,2029,18.38,2003,18.38,2014,18.38,0,18.38,0,18.38,0,18.38,0,18.38,2001,18.38,2001,18.38,2001,18.38,2001
18.39,0,18.39,0,18.39,0,18.39,0,18.39,1998,18.39,2132,18.39,2000,18.39,2040,18.39,0,18.39,0,18.39,0,18.39,0,18.39,2001,18.39,2001,18.39,2001,18.39,2001
18.4,0,18.4,0,18.4,0,18.4,0,18.4,1985,18.4,1994,18.4,2011,18.4,2012,18.4,0,18.4,0,18.4,0,18.4,0,18.4,2001,18.4,2001,18.4,2001,18.4,2001
18.41,0,18.41,0,18.41,0,18.41,0,18.41,1952,18.41,2010,18.41,1974,18.41,2031,18.41,0,18.41,0,18.41,0,18.41,0,18.41,2001,18.41,2001,18.41,2001,18.41,2001
18.42,0,18.42,0,18.42,0,18.42,0,18.42,2041,18.42,2043,18.42,2016,18.42,1998,18.42,0,18.42,0,18.42,0,18.42,0,18.42,2001,18.42,2001,18.42,2001,18.42,2001
18.43,0,18.43,0,18.43,0,18.43,0,18.43,2004,18.43,1972,18.43,1998,18.43,1983,18.43,0,18.43,0,18.43,0,18.43,0,18.43,2001,18.43,2001,18.43,2001,18.43,2001
18.44,0,18.44,0,18.44,0,18.44,0,18.44,1985,18.44,1981,18.44,2086,18.44,1980,18.44,0,18.44,0,18.44,0,18.44,0,18.44,2001,18.44,2001,18.44,2001,18.44,2001
18.45,0,18.45,0,18.45,0,18.45,0,18.45,2033,18.45,1991,18.45,1993,18.45,2116,18.45,0,18.45,0,18.45,0,18.45,0,18.45,2001,18.45,2001,18.45,2001,18.45,2001
18.46,0,18.46,0,18.46,0,18.46,0,18.46,2011,18.46,1993,18.46,2006,18.46,1978,18.46,0,18.46,0,18.46,0,18.46,0,18.46,2001,18.46,2001,18.46,2001,18.46,2001
18.47,0,18.47,0,18.47,0,18.47,0,18.47,1999,18.47,2002,18.47,2022,18.47,2008,18.47,0,18.47,0,18.47,0,18.47,0,18.47,2001,18.47,2001,18.47,2001,18.47,2001
18.48,0,18.48,0,18.48,0,18.48,0,18.48,1987,18.48,1999,18.48,1985,18.48,2054,18.48,0,18.48,0,18.48,0,18.48,0,18.48,2001,18.48,2001,18.48,2001,18.48,2001
18.49,0,18.49,0,18.49,0,18.49,0,18.49,2046,18.49,1975,18.49,2131,18.49,1983,18.49,0,18.49,0,18.49,0,18.49,0,18.49,2001,18.49,2001,18.49,2001,18.49,2001
18.5,0,18.5,0,18.5,0,18.5,0,18.5,2018,18.5,2010,18.5,2004,18.5,1968,18.5,0,18.5,0,18.5,0,18.5,0,18.5,2001,18.5,2001,18.5,2001,18.5,2001
18.51,0,18.51,0,18.51,0,18.51,0,18.51,2099,18.51,2066,18.51,1974,18.51,1997,18.51,0,18.51,0,18.51,0,18.51,0,18.51,2001,18.51,2001,18.51,2001,18.51,2001
18.52,0,18.52,0,18.52,0,18.52,0,18.52,2041,18.52,1975,18.52,1994,18.52,1988,18.52,0,18.52,0,18.52,0,18.52,0,18.52,2001,18.52,2001,18.52,2001,18.52,2001
18.53,0,18.53,0,18.53,0,18.53,0,18.53,1991,18.53,2025,18.53,2002,18.53,2033,18.53,0,18.53,0,18.53,0,18.53,0,18.53,2001,18.53,2001,18.53,2001,18.53,2001
18.54,0,18.54,0,18.54,0,18.54,0,18.54,2019,18.54,2029,18.54,2067,18.54,2008,18.54,0,18.54,0,18.54,0,18.54,0,18.54,2001,18.54,2001,18.54,2001,18.54,2001
18.55,0,18.55,0,18.55,0,18.55,0,18.55,1990,18.55,1936,18.55,2000,18.55,2001,18.55,0,18.55,0,18.55,0,18.55,0,18.55,2001,18.55,2001,18.55,2001,18.55,2001
18.56,0,18.56,0,18.56,0,18.56,0,18.56,1990,18.56,2014,18.56,1994,18.56,1953,18.56,0,18.56,0,18.56,0,18.56,0,18.56,2001,18.56,2001,18.56,2001,18.56,2001
18.57,0,18.57,0,18.57,0,18.57,0,18.57,1988,18.57,1987,18.57,1994,18.57,1981,18.57,0,18.57,0,18.57,0,18.57,0,18.57,2001,18.57,2001,18.57,2001,18.57,2001
18.58,0,18.58,0,18.58,0,18.58,0,18.58,1992,18.58,1989,18.58,1942,18.58,1997,18.58,0,18.58,0,18.58,0,18.58,0,18.58,2001,18.58,2001,18.58,2001,18.58,2001
18.59,0,18.59,0,18.59,0,18.59,0,18.59,2012,18.59,1984,18.59,1991,18.59,2079,18.59,0,18.59,0,18.59,0,18.59,0,18.59,2001,18.59,2001,18.59,2001,18.59,2001
18.6,0,18.6,0,18.6,0,18.6,0,18.6,1993,18.6,2075,18.6,1995,18.6,1993,18.6,0,18.6,0,18.6,0,18.6,0,18.6,2001,18.6,2001,18.6,2001,18.6,2001
18.61,0,18.61,0,18.61,0,18.61,0,18.61,1983,18.61,2046,18.61,1995,18.61,2043,18.61,0,18.61,0,18.61,0,18.61,0,18.61,2001,18.61,2001,18.61,2001,18.61,2001
18.62,0,18.62,0,18.62,0,18.62,0,18.62,1976,18.62,2094,18.62,1967,18.62,2002,18.62,0,18.62,0,18.62,0,18.62,0,18.62,2001,18.62,2001,18.62,2001,18.62,2001
18.63,0,18.63,0,18.63,0,18.63,0,18.63,1940,18.63,1991,18.63,1986,18.63,2004,18.63,0,18.63,0,18.63,0,18.63,0,18.63,2001,18.63,2001,18.63,2001,18.63,2001
18.64,0,18.64,0,18.64,0,18.64,0,18.64,1938,18.64,1976,18.64,1997,18.64,2008,18.64,0,18.64,0,18.64,0,18.64,0,18.64,2001,18.64,2001,18.64,2001,18.64,2001
18.65,0,18.65,0,18.65,0,18.65,0,18.65,1981,18.65,1976,18.65,2024,18.65,1994,18.65,0,18.65,0,18.65,0,18.65,0,18.65,2001,18.65,2001,18.65,2001,18.65,2001
18.66,0,18.66,0,18.66,0,18.66,0,18.66,2004,18.66,2123,18.66,2008,18.66,2005,18.66,0,18.66,0,18.66,0,18.66,0,18.66,2001,18.66,2001,18.66,2001,18.66,2001
18.67,0,18.67,0,18.67,0,18.67,0,18.67,1964,18.67,1971,18.67,1992,18.67,1982,18.67,0,18.67,0,18.67,0,18.67,0,18.67,2001,18.67,2001,18.67,2001,18.67,2001
18.68,0,18.68,0,18.68,0,18.68,0,18.68,1992,18.68,2013,18.68,2007,18.68,2036,18.68,0,18.68,0,18.68,0,18.68,0,18.68,2001,18.68,2001,18.68,2001,18.68,2001
18.69,0,18.69,0,18.69,0,18.69,0,18.69,1997,18.69,2005,18.69,1984,18.69,2007,18.69,0,18.69,0,18.69,0,18.69,0,18.69,2001,18.69,2001,18.69,2001,18.69,2001
18.7,0,18.7,0,18.7,0,18.7,0,18.7,1996,18.7,1979,18.7,2016,18.7,1982,18.7,0,18.7,0,18.7,0,18.7,0,18.7,2001,18.7,2001,18.7,2001,18.7,2001
18.71,0,18.71,0,18.71,0,18.71,0,18.71,1965,18.71,1931,18.71,2036,18.71,2046,18.71,0,18.71,0,18.71,0,18.71,0,18.71,2001,18.71,2001,18.71,2001,18.71,2001
18.72,0,18.72,0,18.72,0,18.72,0,18.72,2003,18.72,1998,18.72,2004,18.72,1996,18.72,0,18.72,0,18.72,0,18.72,0,18.72,2001,18.72,2001,18.72,2001,18.72,2001
18.73,0,18.73,0,18.73,0,18.73,0,18.73,1983,18.73,2000,18.73,1991,18.73,1987,18.73,0,18.73,0,18.73,0,18.73,0,18.73,2001,18.73,2001,18.73,2001,18.73,2001
18.74,0,18.74,0,18.74,0,18.74,0,18.74,2011,18.74,2030,18.74,2020,18.74,1992,18.74,0,18.74,0,18.74,0,18.74,0,18.74,2001,18.74,2001,18.74,2001,18.74,2001
18.75,0,18.75,0,18.75,0,18.75,0,18.75,1944,18.75,1997,18.75,1993,18.75,2122,18.75,0,18.75,0,18.75,0,18.75,0,18.75,2001,18.75,2001,18.75,2001,18.75,2001
18.76,0,18.76,0,18.76,0,18.76,0,18.76,2003,18.76,1988,18.76,2019,18.76,1989,18.76,0,18.76,0,18.76,0,18.76,0,18.76,2001,18.76,2001,18.76,2001,18.76,2001
18.77,0,18.77,0,18.77,0,18.77,0,18.77,2000,18.77,1998,18.77,1999,18.77,2006,18.77,0,18.77,0,18.77,0,18.77,0,18.77,2001,18.77,2001,18.77,2001,18.77,2001
18.78,0,18.78,0,18.78,0,18.78,0,18.78,1996,18.78,2029,18.78,2104,18.78,1986,18.78,0,18.78,0,18.78,0,18.78,0,18.78,2001,18.78,2001,18.78,2001,18.78,2001
18.79,0,18.79,0,18.79,0,18.79,0,18.79,2071,18.79,1977,18.79,2101,18.79,1992,18.79,0,18.79,0,18.79,0,18.79,0,18.79,2001,18.79,2001,18.79,2001,18.79,2001
18.8,0,18.8,0,18.8,0,18.8,0,18.8,1989,18.8,1979,18.8,2001,18.8,2016,18.8,0,18.8,0,18.8,0,18.8,0,18.8,2001,18.8,2001,18.8,2001,18.8,2001
18.81,0,18.81,0,18.81,0,18.81,0,18.81,1980,18.81,2102,18.81,2009,18.81,2001,18.81,0,18.81,0,18.81,0,18.81,0,18.81,2001,18.81,2001,18.81,2001,18.81,2001
18.82,0,18.82,0,18.82,0,18.82,0,18.82,1934,18.82,2019,18.82,1982,18.82,1981,18.82,0,18.82,0,18.82,0,18.82,0,18.82,2001,18.82,2001,18.82,2001,18.82,2001
18.83,0,18.83,0,18.83,0,18.83,0,18.83,2000,18.83,2001,18.83,1991,18.83,2005,18.83,0,18.83,0,18.83,0,18.83,0,18.83,2001,18.83,2001,18.83,2001,18.83,2001
18.84,0,18.84,0,18.84,0,18.84,0,18.84,2003,18.84,2015,18.84,2012,18.84,1998,18.84,0,18.84,0,18.84,0,18.84,0,18.84,2001,18.84,2001,18.84,2001,18.84,2001
18.85,0,18.85,0,18.85,0,18.85,0,18.85,1983,18.85,1999,18.85,1988,18.85,2006,18.85,0,18.85,0,18.85,0,18.85,0,18.85,2001,18.85,2001,18.85,2001,18.85,2001
18.86,0,18.86,0,18.86,0,18.86,0,18.86,2136,18.86,1965,18.86,2066,18.86,2047,18.86,0,18.86,0,18.86,0,18.86,0,18.86,2001,18.86,2001,18.86,2001,18.86,2001
18.87,0,18.87,0,18.87,0,18.87,0,18.87,1988,18.87,2003,18.87,2028,18.87,2030,18.87,0,18.87,0,18.87,0,18.87,0,18.87,2001,18.87,2001,18.87,2001,18.87,2001
18.88,0,18.88,0,18.88,0,18.88,0,18.88,2123,18.88,1963,18.88,1979,18.88,1987,18.88,0,18.88,0,18.88,0,18.88,0,18.88,2001,18.88,2001,18.88,2001,18.88,2001
18.89,0,18.89,0,18.89,0,18.89,0,18.89,1992,18.89,1945,18.89,1926,18.89,2000,18.89,0,18.89,0,18.89,0,18.89,0,18.89,2001,18.89,2001,18.89,2001,18.89,2001
18.9,0,18.9,0,18.9,0,18.9,0,18.9,2013,18.9,2009,18.9,2003,18.9,2006,18.9,0,18.9,0,18.9,0,18.9,0,18.9,2001,18.9,2001,18.9,2001,18.9,2001
18.91,0,18.91,0,18.91,0,18.91,0,18.91,2243,18.91,2003,18.91,1988,18.91,1981,18.91,0,18.91,0,18.91,0,18.91,0,18.91,2001,18.91,2001,18.91,2001,18.91,2001
18.92,0,18.92,0,18.92,0,18.92,0,18.92,1982,18.92,2002,18.92,2060,18.92,2007,18.92,0,18.92,0,18.92,0,18.92,0,18.92,2001,18.92,2001,18.92,2001,18.92,2001
18.93,0,18.93,0,18.93,0,18.93,0,18.93,1986,18.93,1991,18.93,1990,18.93,2002,18.93,0,18.93,0,18.93,0,18.93,0,18.93,2001,18.93,2001,18.93,2001,18.93,2001
18.94,0,18.94,0,18.94,0,18.94,0,18.94,2156,18.94,1992,18.94,2076,18.94,1985,18.94,0,18.94,0,18.94,0,18.94,0,18.94,2001,18.94,2001,18.94,2001,18.94,2001
18.95,0,18.95,0,18.95,0,18.95,0,18.95,1956,18.95,1991,18.95,2015,18.95,2005,18.95,0,18.95,0,18.95,0,18.95,0,18.95,2001,18.95,2001,18.95,2001,18.95,2001
18.96,0,18.96,0,18.96,0,18.96,0,18.96,1996,18.96,1962,18.96,1984,18.96,2005,18.96,0,18.96,0,18.96,0,18.96,0,18.96,2001,18.96,2001,18.96,2001,18.96,2001
18.97,0,18.97,0,18.97,0,18.97,0,18.97,1982,18.97,2009,18.97,1985,18.97,1984,18.97,0,18.97,0,18.97,0,18.97,0,18.97,2001,18.97,2001,18.97,2001,18.97,2001
18.98,0,18.98,0,18.98,0,18.98,0,18.98,2051,18.98,2011,18.98,2071,18.98,2013,18.98,0,18.98,0,18.98,0,18.98,0,18.98,2001,18.98,2001,18.98,2001,18.98,2001
18.99,0,18.99,0,18.99,0,18.99,0,18.99,1997,18.99,2020,18.99,2056,18.99,2017,18.99,0,18.99,0,18.99,0,18.99,0,18.99,2001,18.99,2001,18.99,2001,18.99,2001
19,0,19,0,19,0,19,0,19,1979,19,1984,19,1990,19,1980,19,0,19,0,19,0,19,0,19,2001,19,2001,19,2001,19,2001
19.01,0,19.01,0,19.01,0,19.01,0,19.01,1995,19.01,2003,19.01,2112,19.01,2013,19.01,0,19.01,0,19.01,0,19.01,0,19.01,2001,19.01,2001,19.01,2001,19.01,2001
19.02,0,19.02,0,19.02,0,19.02,0,19.02,2018,19.02,1993,19.02,1989,19.02,2092,19.02,0,19.02,0,19.02,0,19.02,0,19.02,2001,19.02,2001,19.02,2001,19.02,2001
19.03,0,19.03,0,19.03,0,19.03,0,19.03,2027,19.03,1974,19.03,2008,19.03,1977,19.03,0,19.03,0,19.03,0,19.03,0,19.03,2001,19.03,2001,19.03,2001,19.03,2001
19.04,0,19.04,0,19.04,0,19.04,0,19.04,2058,19.04,1986,19.04,1980,19.04,1999,19.04,0,19.04,0,19.04,0,19.04,0,19.04,2001,19.04,2001,19.04,2001,19.04,2001
19.05,0,19.05,0,19.05,0,19.05,0,19.05,2000,19.05,2034,19.05,2008,19.05,2017,19.05,0,19.05,0,19.05,0,19.05,0,19.05,2001,19.05,2001,19.05,2001,19.05,2001
19.06,0,19.06,0,19.06,0,19.06,0,19.06,2002,19.06,2007,19.06,2005,19.06,1989,19.06,0,19.06,0,19.06,0,19.06,0,19.06,2001,19.06,2001,19.06,2001,19.06,2001
19.07,0,19.07,0,19.07,0,19.07,0,19.07,2003,19.07,1983,19.07,1984,19.07,2006,19.07,0,19.07,0,19.07,0,19.07,0,19.07,2001,19.07,2001,19.07,2001,19.07,2001
19.08,0,19.08,0,19.08,0,19.08,0,19.08,1996,19.08,2062,19.08,2035,19.08,1992,19.08,0,19.08,0,19.08,0,19.08,0,19.08,2001,19.08,2001,19.08,2001,19.08,2001
19.09,0,19.09,0,19.09,0,19.09,0,19.09,1995,19.09,1997,19.09,1980,19.09,1989,19.09,0,19.09,0,19.09,0,19.09,0,19.09,2001,19.09,2001,19.09,2001,19.09,2001
19.1,0,19.1,0,19.1,0,19.1,0,19.1,2119,19.1,2068,19.1,2015,19.1,2000,19.1,0,19.1,0,19.1,0,19.1,0,19.1,2001,19.1,2001,19.1,2001,19.1,2001
19.11,0,19.11,0,19.11,0,19.11,0,19.11,1979,19.11,2096,19.11,2271,19.11,2011,19.11,0,19.11,0,19.11,0,19.11,0,19.11,2001,19.11,2001,19.11,2001,19.11,2001
19.12,0,19.12,0,19.12,0,19.12,0,19.12,1979,19.12,1990,19.12,2003,19.12,2084,19.12,0,19.12,0,19.12,0,19.12,0,19.12,2001,19.12,2001,19.12,2001,19.12,2001
19.13,0,19.13,0,19.13,0,19.13,0,19.13,2044,19.13,2054,19.13,1993,19.13,1982,19.13,0,19.13,0,19.13,0,19.13,0,19.13,2001,19.13,2001,19.13,2001,19.13,2001
19.14,0,19.14,0,19.14,0,19.14,0,19.14,2002,19.14,2005,19.14,2002,19.14,2003,19.14,0,19.14,0,19.14,0,19.14,0,19.14,2001,19.14,2001,19.14,2001,19.14,2001
19.15,0,19.15,0,19.15,0,19.15,0,19.15,1986,19.15,1958,19.15,1988,19.15,1972,19.15,0,19.15,0,19.15,0,19.15,0,19.15,2001,19.15,2001,19.15,2001,19.15,2001
19.16,0,19.16,0,19.16,0,19.16,0,19.16,2008,19.16,2083,19.16,1991,19.16,2018,19.16,0,19.16,0,19.16,0,19.16,0,19.16,2001,19.16,2001,19.16,2001,19.16,2001
19.17,0,19.17,0,19.17,0,19.17,0,19.17,1956,19.17,1932,19.17,1964,19.17,2030,19.17,0,19.17,0,19.17,0,19.17,0,19.17,2001,19.17,2001,19.17,2001,19.17,2001
19.18,0,19.18,0,19.18,0,19.18,0,19.18,2014,19.18,2029,19.18,1978,19.18,1990,19.18,0,19.18,0,19.18,0,19.18,0,19.18,2001,19.18,2001,19.18,2001,19.18,2001
19.19,0,19.19,0,19.19,0,19.19,0,19.19,1996,19.19,1996,19.19,2006,19.19,2010,19.19,0,19.19,0,19.19,0,19.19,0,19.19,2001,19.19,2001,19.19,2001,19.19,2001
19.2,0,19.2,0,19.2,0,19.2,0,19.2,2020,19.2,1994,19.2,2007,19.2,1976,19.2,0,19.2,0,19.2,0,19.2,0,19.2,2001,19.2,2001,19.2,2001,19.2,2001
19.21,0,19.21,0,19.21,0,19.21,0,19.21,2004,19.21,2037,19.21,2001,19.21,1985,19.21,0,19.21,0,19.21,0,19.21,0,19.21,2001,19.21,2001,19.21,2001,19.21,2001
19.22,0,19.22,0,19.22,0,19.22,0,19.22,2012,19.22,2001,19.22,1915,19.22,1998,19.22,0,19.22,0,19.22,0,19.22,0,19.22,2001,19.22,2001,19.22,2001,19.22,2001
19.23,0,19.23,0,19.23,0,19.23,0,19.23,2010,19.23,2014,19.23,1995,19.23,2015,19.23,0,19.23,0,19.23,0,19.23,0,19.23,2001,19.23,2001,19.23,2001,19.23,2001
19.24,0,19.24,0,19.24,0,19.24,0,19.24,1973,19.24,2037,19.24,2010,19.24,1982,19.24,0,19.24,0,19.24,0,19.24,0,19.24,2001,19.24,2001,19.24,2001,19.24,2001
19.25,0,19.25,0,19.25,0,19.25,0,19.25,1994,19.25,1988,19.25,1973,19.25,1990,19.25,0,19.25,0,19.25,0,19.25,0,19.25,2001,19.25,2001,19.25,2001,19.25,2001
19.26,0,19.26,0,19.26,0,19.26,0,19.26,1996,19.26,2037,19.26,1984,19.26,2006,19.26,0,19.26,0,19.26,0,19.26,0,19.26,2001,19.26,2001,19.26,2001,19.26,2001
19.27,0,19.27,0,19.27,0,19.27,0,19.27,1999,19.27,2006,19.27,1989,19.27,2005,19.27,0,19.27,0,19.27,0,19.27,0,19.27,2001,19.27,2001,19.27,2001,19.27,2001
19.28,0,19.28,0,19.28,0,19.28,0,19.28,1992,19.28,1984,19.28,1980,19.28,2014,19.28,0,19.28,0,19.28,0,19.28,0,19.28,2001,19.28,2001,19.28,2001,19.28,2001
19.29,0,19.29,0,19.29,0,19.29,0,19.29,2020,19.29,1988,19.29,2015,19.29,2032,19.29,0,19.29,0,19.29,0,19.29,0,19.29,2001,19.29,2001,19.29,2001,19.29,2001
19.3,0,19.3,0,19.3,0,19.3,0,19.3,1987,19.3,2087,19.3,1974,19.3,1980,19.3,0,19.3,0,19.3,0,19.3,0,19.3,2001,19.3,2001,19.3,2001,19.3,2001
19.31,0,19.31,0,19.31,0,19.31,0,19.31,1918,19.31,1957,19.31,1972,19.31,2046,19.31,0,19.31,0,19.31,0,19.31,0,19.31,2001,19.31,2001,19.31,2001,19.31,2001
19.32,0,19.32,0,19.32,0,19.32,0,19.32,1997,19.32,1983,19.32,2003,19.32,2012,19.32,0,19.32,0,19.32,0,19.32,0,19.32,2001,19.32,2001,19.32,2001,19.32,2001
19.33,0,19.33,0,19.33,0,19.33,0,19.33,2045,19.33,1998,19.33,1986,19.33,1993,19.33,0,19.33,0,19.33,0,19.33,0,19.33,2001,19.33,2001,19.33,2001,19.33,2001
19.34,0,19.34,0,19.34,0,19.34,0,19.34,2014,19.34,1938,19.34,1986,19.34,2013,19.34,0,19.34,0,19.34,0,19.34,0,19.34,2001,19.34,2001,19.34,2001,19.34,2001
19.35,0,19.35,0,19.35,0,19.35,0,19.35,2012,19.35,2021,19.35,2005,19.35,2003,19.35,0,19.35,0,19.35,0,19.35,0,19.35,2001,19.35,2001,19.35,2001,19.35,2001
19.36,0,19.36,0,19.36,0,19.36,0,19.36,1970,19.36,1999,19.36,1985,19.36,1982,19.36,0,19.36,0,19.36,0,19.36,0,19.36,2001,19.36,2001,19.36,2001,19.36,2001
19.37,0,19.37,0,19.37,0,19.37,0,19.37,2050,19.37,2109,19.37,1987,19.37,1998,19.37,0,19.37,0,19.37,0,19.37,0,19.37,2001,19.37,2001,19.37,2001,19.37,2001
19.38,0,19.38,0,19.38,0,19.38,0,19.38,1982,19.38,2006,19.38,1965,19.38,2014,19.38,0,19.38,0,19.38,0,19.38,0,19.38,2001,19.38,2001,19.38,2001,19.38,2001
19.39,0,19.39,0,19.39,0,19.39,0,19.39,1948,19.39,2023,19.39,1993,19.39,2019,19.39,0,19.39,0,19.39,0,19.39,0,19.39,2001,19.39,2001,19.39,2001,19.39,2001
19.4,0,19.4,0,19.4,0,19.4,0,19.4,1993,19.4,1994,19.4,2030,19.4,2009,19.4,0,19.4,0,19.4,0,19.4,0,19.4,2001,19.4,2001,19.4,2001,19.4,2001
19.41,0,19.41,0,19.41,0,19.41,0,19.41,2104,19.41,1967,19.41,1994,19.41,2014,19.41,0,19.41,0,19.41,0,19.41,0,19.41,2001,19.41,2001,19.41,2001,19.41,2001
19.42,0,19.42,0,19.42,0,19.42,0,19.42,1997,19.42,2009,19.42,1997,19.42,1992,19.42,0,19.42,0,19.42,0,19.42,0,19.42,2001,19.42,2001,19.42,2001,19.42,2001
19.43,0,19.43,0,19.43,0,19.43,0,19.43,2013,19.43,1994,19.43,2048,19.43,2010,19.43,0,19.43,0,19.43,0,19.43,0,19.43,2001,19.43,2001,19.43,2001,19.43,2001
19.44,0,19.44,0,19.44,0,19.44,0,19.44,1988,19.44,2016,19.44,2266,19.44,2005,19.44,0,19.44,0,19.44,0,19.44,0,19.44,2001,19.44,2001,19.44,2001,19.44,2001
19.45,0,19.45,0,19.45,0,19.45,0,19.45,1994,19.45,2001,19.45,1966,19.45,2012,19.45,0,19.45,0,19.45,0,19.45,0,19.45,2001,19.45,2001,19.45,2001,19.45,2001
19.46,0,19.46,0,19.46,0,19.46,0,19.46,2005,19.46,1978,19.46,1976,19.46,1986,19.46,0,19.46,0,19.46,0,19.46,0,19.46,2001,19.46,2001,19.46,2001,19.46,2001
19.47,0,19.47,0,19.47,0,19.47,0,19.47,2023,19.47,2003,19.47,1993,19.47,2013,19.47,0,19.47,0,19.47,0,19.47,0,19.47,2001,19.47,2001,19.47,2001,19.47,2001
19.48,0,19.48,0,19.48,0,19.48,0,19.48,1952,19.48,1967,19.48,1991,19.48,1993,19.48,0,19.48,0,19.48,0,19.48,0,19.48,2001,19.48,2001,19.48,2001,19.48,2001
19.49,0,19.49,0,19.49,0,19.49,0,19.49,1998,19.49,1958,19.49,2020,19.49,2024,19.49,0,19.49,0,19.49,0,19.49,0,19.49,2001,19.49,2001,19.49,2001,19.49,2001
19.5,0,19.5,0,19.5,0,19.5,0,19.5,2006,19.5,2026,19.5,2001,19.5,2059,19.5,0,19.5,0,19.5,0,19.5,0,19.5,2001,19.5,2001,19.5,2001,19.5,2001
19.51,0,19.51,0,19.51,0,19.51,0,19.51,1983,19.51,2012,19.51,1989,19.51,1973,19.51,0,19.51,0,19.51,0,19.51,0,19.51,2001,19.51,2001,19.51,2001,19.51,2001
19.52,0,19.52,0,19.52,0,19.52,0,19.52,1991,19.52,1998,19.52,1988,19.52,2065,19.52,0,19.52,0,19.52,0,19.52,0,19.52,2001,19.52,2001,19.52,2001,19.52,2001
19.53,0,19.53,0,19.53,0,19.53,0,19.53,2014,19.53,2008,19.53,1928,19.53,1983,19.53,0,19.53,0,19.53,0,19.53,0,19.53,2001,19.53,2001,19.53,2001,19.53,2001
19.54,0,19.54,0,19.54,0,19.54,0,19.54,1935,19.54,2021,19.54,2014,19.54,1986,19.54,0,19.54,0,19.54,0,19.54,0,19.54,2001,19.54,2001,19.54,2001,19.54,2001
19.55,0,19.55,0,19.55,0,19.55,0,19.55,1980,19.55,1991,19.55,1986,19.55,2269,19.55,0,19.55,0,19.55,0,19.55,0,19.55,2001,19.55,2001,19.55,2001,19.55,2001
19.56,0,19.56,0,19.56,0,19.56,0,19.56,1998,19.56,2013,19.56,1992,19.56,1978,19.56,0,19.56,0,19.56,0,19.56,0,19.56,2001,19.56,2001,19.56,2001,19.56,2001
19.57,0,19.57,0,19.57,0,19.57,0,19.57,1992,19.57,2038,19.57,2010,19.57,1975,19.57,0,19.57,0,19.57,0,19.57,0,19.57,2001,19.57,2001,19.57,2001,19.57,2001
19.58,0,19.58,0,19.58,0,19.58,0,19.58,1993,19.58,1990,19.58,1908,19.58,1979,19.58,0,19.58,0,19.58,0,19.58,0,19.58,2001,19.58,2001,19.58,2001,19.58,2001
19.59,0,19.59,0,19.59,0,19.59,0,19.59,1968,19.59,2010,19.59,2034,19.59,1979,19.59,0,19.59,0,19.59,0,19.59,0,19.59,2001,19.59,2001,19.59,2001,19.59,2001
19.6,0,19.6,0,19.6,0,19.6,0,19.6,1968,19.6,2003,19.6,2006,19.6,1993,19.6,0,19.6,0,19.6,0,19.6,0,19.6,2001,19.6,2001,19.6,2001,19.6,2001
19.61,0,19.61,0,19.61,0,19.61,0,19.61,1988,19.61,1936,19.61,1967,19.61,1979,19.61,0,19.61,0,19.61,0,19.61,0,19.61,2001,19.61,2001,19.61,2001,19.61,2001
19.62,0,19.62,0,19.62,0,19.62,0,19.62,2003,19.62,2003,19.62,1990,19.62,2008,19.62,0,19.62,0,19.62,0,19.62,0,19.62,2001,19.62,2001,19.62,2001,19.62,2001
19.63,0,19.63,0,19.63,0,19.63,0,19.63,1993,19.63,2004,19.63,2029,19.63,1986,19.63,0,19.63,0,19.63,0,19.63,0,19.63,2001,19.63,2001,19.63,2001,19.63,2001
19.64,0,19.64,0,19.64,0,19.64,0,19.64,1997,19.64,1993,19.64,2021,19.64,2000,19.64,0,19.64,0,19.64,0,19.64,0,19.64,2001,19.64,2001,19.64,2001,19.64,2001
19.65,0,19.65,0,19.65,0,19.65,0,19.65,2003,19.65,2011,19.65,1992,19.65,2020,19.65,0,19.65,0,19.65,0,19.65,0,19.65,2001,19.65,2001,19.65,2001,19.65,2001
19.66,0,19.66,0,19.66,0,19.66,0,19.66,1994,19.66,1996,19.66,2004,19.66,1920,19.66,0,19.66,0,19.66,0,19.66,0,19.66,2001,19.66,2001,19.66,2001,19.66,2001
19.67,0,19.67,0,19.67,0,19.67,0,19.67,1954,19.67,1981,19.67,1990,19.67,1995,19.67,0,19.67,0,19.67,0,19.67,0,19.67,2001,19.67,2001,19.67,2001,19.67,2001
19.68,0,19.68,0,19.68,0,19.68,0,19.68,2095,19.68,1970,19.68,1977,19.68,2014,19.68,0,19.68,0,19.68,0,19.68,0,19.68,2001,19.68,2001,19.68,2001,19.68,2001
19.69,0,19.69,0,19.69,0,19.69,0,19.69,1991,19.69,1990,19.69,1988,19.69,2000,19.69,0,19.69,0,19.69,0,19.69,0,19.69,2001,19.69,2001,19.69,2001,19.69,2001
19.7,0,19.7,0,19.7,0,19.7,0,19.7,1999,19.7,1931,19.7,2010,19.7,1980,19.7,0,19.7,0,19.7,0,19.7,0,19.7,2001,19.7,2001,19.7,2001,19.7,2001
19.71,0,19.71,0,19.71,0,19.71,0,19.71,2006,19.71,1970,19.71,1991,19.71,2012,19.71,0,19.71,0,19.71,0,19.71,0,19.71,2001,19.71,2001,19.71,2001,19.71,2001
19.72,0,19.72,0,19.72,0,19.72,0,19.72,2156,19.72,2064,19.72,2039,19.72,2049,19.72,0,19.72,0,19.72,0,19.72,0,19.72,2001,19.72,2001,19.72,2001,19.72,2001
19.73,0,19.73,0,19.73,0,19.73,0,19.73,1981,19.73,1974,19.73,2052,19.73,2021,19.73,0,19.73,0,19.73,0,19.73,0,19.73,2001,19.73,2001,19.73,2001,19.73,2001
19.74,0,19.74,0,19.74,0,19.74,0,19.74,1990,19.74,1972,19.74,1961,19.74,1949,19.74,0,19.74,0,19.74,0,19.74,0,19.74,2001,19.74,2001,19.74,2001,19.74,2001
19.75,0,19.75,0,19.75,0,19.75,0,19.75,2024,19.75,2001,19.75,2010,19.75,1913,19.75,0,19.75,0,19.75,0,19.75,0,19.75,2001,19.75,2001,19.75,2001,19.75,2001
19.76,0,19.76,0,19.76,0,19.76,0,19.76,1994,19.76,2088,19.76,2087,19.76,1985,19.76,0,19.76,0,19.76,0,19.76,0,19.76,2001,19.76,2001,19.76,2001,19.76,2001
19.77,0,19.77,0,19.77,0,19.77,0,19.77,2012,19.77,2069,19.77,2056,19.77,2017,19.77,0,19.77,0,19.77,0,19.77,0,19.77,2001,19.77,2001,19.77,2001,19.77,2001
19.78,0,19.78,0,19.78,0,19.78,0,19.78,1992,19.78,1998,19.78,1933,19.78,1997,19.78,0,19.78,0,19.78,0,19.78,0,19.78,2001,19.78,2001,19.78,2001,19.78,2001
19.79,0,19.79,0,19.79,0,19.79,0,19.79,1989,19.79,2043,19.79,1996,19.79,1978,19.79,0,19.79,0,19.79,0,19.79,0,19.79,2001,19.79,2001,19.79,2001,19.79,2001
19.8,0,19.8,0,19.8,0,19.8,0,19.8,2005,19.8,1978,19.8,1984,19.8,1949,19.8,0,19.8,0,19.8,0,19.8,0,19.8,2001,19.8,2001,19.8,2001,19.8,2001
19.81,0,19.81,0,19.81,0,19.81,0,19.81,2010,19.81,1999,19.81,2010,19.81,2013,19.81,0,19.81,0,19.81,0,19.81,0,19.81,2001,19.81,2001,19.81,2001,19.81,2001
19.82,0,19.82,0,19.82,0,19.82,0,19.82,1990,19.82,2073,19.82,2060,19.82,1996,19.82,0,19.82,0,19.82,0,19.82,0,19.82,2001,19.82,2001,19.82,2001,19.82,2001
19.83,0,19.83,0,19.83,0,19.83,0,19.83,2009,19.83,1944,19.83,2010,19.83,2091,19.83,0,19.83,0,19.83,0,19.83,0,19.83,2001,19.83,2001,19.83,2001,19.83,2001
19.84,0,19.84,0,19.84,0,19.84,0,19.84,2036,19.84,2000,19.84,1992,19.84,1993,19.84,0,19.84,0,19.84,0,19.84,0,19.84,2001,19.84,2001,19.84,2001,19.84,2001
19.85,0,19.85,0,19.85,0,19.85,0,19.85,1996,19.85,1994,19.85,1997,19.85,1976,19.85,0,19.85,0,19.85,0,19.85,0,19.85,2001,19.85,2001,19.85,2001,19.85,2001
19.86,0,19.86,0,19.86,0,19.86,0,19.86,1959,19.86,2006,19.86,1980,19.86,2007,19.86,0,19.86,0,19.86,0,19.86,0,19.86,2001,19.86,2001,19.86,2001,19.86,2001
19.87,0,19.87,0,19.87,0,19.87,0,19.87,1999,19.87,2029,19.87,2008,19.87,2022,19.87,0,19.87,0,19.87,0,19.87,0,19.87,2001,19.87,2001,19.87,2001,19.87,2001
19.88,0,19.88,0,19.88,0,19.88,0,19.88,1996,19.88,1987,19.88,2008,19.88,1984,19.88,0,19.88,0,19.88,0,19.88,0,19.88,2001,19.88,2001,19.88,2001,19.88,2001
19.89,0,19.89,0,19.89,0,19.89,0,19.89,1989,19.89,1922,19.89,1989,19.89,2007,19.89,0,19.89,0,19.89,0,19.89,0,19.89,2001,19.89,2001,19.89,2001,19.89,2001
19.9,0,19.9,0,19.9,0,19.9,0,19.9,2040,19.9,1998,19.9,2007,19.9,2022,19.9,0,19.9,0,19.9,0,19.9,0,19.9,2001,19.9,2001,19.9,2001,19.9,2001
19.91,0,19.91,0,19.91,0,19.91,0,19.91,1991,19.91,1943,19.91,1996,19.91,2001,19.91,0,19.91,0,19.91,0,19.91,0,19.91,2001,19.91,2001,19.91,2001,19.91,2001
19.92,0,19.92,0,19.92,0,19.92,0,19.92,2122,19.92,2111,19.92,1984,19.92,2019,19.92,0,19.92,0,19.92,0,19.92,0,19.92,2001,19.92,2001,19.92,2001,19.92,2001
19.93,0,19.93,0,19.93,0,19.93,0,19.93,1985,19.93,1995,19.93,1953,19.93,2031,19.93,0,19.93,0,19.93,0,19.93,0,19.93,2001,19.93,2001,19.93,2001,19.93,2001
19.94,0,19.94,0,19.94,0,19.94,0,19.94,2014,19.94,2112,19.94,2004,19.94,2018,19.94,0,19.94,0,19.94,0,19.94,0,19.94,2001,19.94,2001,19.94,2001,19.94,2001
19.95,0,19.95,0,19.95,0,19.95,0,19.95,2006,19.95,1963,19.95,1972,19.95,2017,19.95,0,19.95,0,19.95,0,19.95,0,19.95,2001,19.95,2001,19.95,2001,19.95,2001
19.96,0,19.96,0,19.96,0,19.96,0,19.96,2021,19.96,1972,19.96,2023,19.96,2010,19.96,0,19.96,0,19.96,0,19.96,0,19.96,2001,19.96,2001,19.96,2001,19.96,2001
19.97,0,19.97,0,19.97,0,19.97,0,19.97,2014,19.97,1971,19.97,1988,19.97,1991,19.97,0,19.97,0,19.97,0,19.97,0,19.97,2001,19.97,2001,19.97,2001,19.97,2001
19.98,0,19.98,0,19.98,0,19.98,0,19.98,1985,19.98,1980,19.98,1984,19.98,1988,19.98,0,19.98,0,19.98,0,19.98,0,19.98,2001,19.98,2001,19.98,2001,19.98,2001
19.99,0,19.99,0,19.99,0,19.99,0,19.99,1948,19.99,2013,19.99,2043,19.99,2002,19.99,0,19.99,0,19.99,0,19.99,0,19.99,2001,19.99,2001,19.99,2001,19.99,2001
20,0,20,0,20,0,20,0,20,1948,20,1993,20,1989,20,2135,20,0,20,0,20,0,20,0,20,2001,20,2001,20,2001,20,2001
20.01,0,20.01,0,20.01,0,20.01,0,20.01,1972,20.01,1956,20.01,1994,20.01,2009,20.01,0,20.01,0,20.01,0,20.01,0,20.01,2001,20.01,2001,20.01,2001,20.01,2001
20.02,0,20.02,0,20.02,0,20.02,0,20.02,2084,20.02,1985,20.02,2027,20.02,1986,20.02,0,20.02,0,20.02,0,20.02,0,20.02,2001,20.02,2001,20.02,2001,20.02,2001
20.03,0,20.03,0,20.03,0,20.03,0,20.03,1980,20.03,1953,20.03,1991,20.03,2039,20.03,0,20.03,0,20.03,0,20.03,0,20.03,2001,20.03,2001,20.03,2001,20.03,2001
20.04,0,20.04,0,20.04,0,20.04,0,20.04,2024,20.04,1978,20.04,1989,20.04,1975,20.04,0,20.04,0,20.04,0,20.04,0,20.04,2001,20.04,2001,20.04,2001,20.04,2001
20.05,0,20.05,0,20.05,0,20.05,0,20.05,1976,20.05,1978,20.05,2119,20.05,1992,20.05,0,20.05,0,20.05,0,20.05,0,20.05,2001,20.05,2001,20.05,2001,20.05,2001
20.06,0,20.06,0,20.06,0,20.06,0,20.06,1989,20.06,1990,20.06,1988,20.06,1995,20.06,0,20.06,0,20.06,0,20.06,0,20.06,2001,20.06,2001,20.06,2001,20.06,2001
20.07,0,20.07,0,20.07,0,20.07,0,20.07,1992,20.07,2008,20.07,1994,20.07,1990,20.07,0,20.07,0,20.07,0,20.07,0,20.07,2001,20.07,2001,20.07,2001,20.07,2001
20.08,0,20.08,0,20.08,0,20.08,0,20.08,1995,20.08,1993,20.08,1992,20.08,1985,20.08,0,20.08,0,20.08,0,20.08,0,20.08,2001,20.08,2001,20.08,2001,20.08,2001
20.09,0,20.09,0,20.09,0,20.09,0,20.09,1999,20.09,1984,20.09,1957,20.09,1982,20.09,0,20.09,0,20.09,0,20.09,0,20.09,2001,20.09,2001,20.09,2001,20.09,2001
20.1,0,20.1,0,20.1,0,20.1,0,20.1,1998,20.1,1923,20.1,2057,20.1,1967,20.1,0,20.1,0,20.1,0,20.1,0,20.1,2001,20.1,2001,20.1,2001,20.1,2001
20.11,0,20.11,0,20.11,0,20.11,0,20.11,1986,20.11,2035,20.11,2000,20.11,2001,20.11,0,20.11,0,20.11,0,20.11,0,20.11,2001,20.11,2001,20.11,2001,20.11,2001
20.12,0,20.12,0,20.12,0,20.12,0,20.12,1996,20.12,2003,20.12,2006,20.12,1983,20.12,0,20.12,0,20.12,0,20.12,0,20.12,2001,20.12,2001,20.12,2001,20.12,2001
20.13,0,20.13,0,20.13,0,20.13,0,20.13,1995,20.13,1971,20.13,1999,20.13,2006,20.13,0,20.13,0,20.13,0,20.13,0,20.13,2001,20.13,2001,20.13,2001,20.13,2001
20.14,0,20.14,0,20.14,0,20.14,0,20.14,2003,20.14,1989,20.14,1982,20.14,2008,20.14,0,20.14,0,20.14,0,20.14,0,20.14,2001,20.14,2001,20.14,2001,20.14,2001
20.15,0,20.15,0,20.15,0,20.15,0,20.15,2034,20.15,2028,20.15,2136,20.15,2002,20.15,0,20.15,0,20.15,0,20.15,0,20.15,2001,20.15,2001,20.15,2001,20.15,2001
20.16,0,20.16,0,20.16,0,20.16,0,20.16,1984,20.16,1959,20.16,1982,20.16,1984,20.16,0,20.16,0,20.16,0,20.16,0,20.16,2001,20.16,2001,20.16,2001,20.16,2001
20.17,0,20.17,0,20.17,0,20.17,0,20.17,1991,20.17,1980,20.17,1987,20.17,2043,20.17,0,20.17,0,20.17,0,20.17,0,20.17,2001,20.17,2001,20.17,2001,20.17,2001
20.18,0,20.18,0,20.18,0,20.18,0,20.18,2012,20.18,2008,20.18,2018,20.18,2070,20.18,0,20.18,0,20.18,0,20.18,0,20.18,2001,20.18,2001,20.18,2001,20.18,2001
20.19,0,20.19,0,20.19,0,20.19,0,20.19,2027,20.19,1962,20.19,1987,20.19,2016,20.19,0,20.19,0,20.19,0,20.19,0,20.19,2001,20.19,2001,20.19,2001,20.19,2001
20.2,0,20.2,0,20.2,0,20.2,0,20.2,1996,20.2,1995,20.2,2060,20.2,2006,20.2,0,20.2,0,20.2,0,20.2,0,20.2,2001,20.2,2001,20.2,2001,20.2,2001
20.21,0,20.21,0,20.21,0,20.21,0,20.21,2006,20.21,1995,20.21,2006,20.21,1999,20.21,0,20.21,0,20.21,0,20.21,0,20.21,2001,20.21,2001,20.21,2001,20.21,2001
20.22,0,20.22,0,20.22,0,20.22,0,20.22,1937,20.22,1954,20.22,2003,20.22,1997,20.22,0,20.22,0,20.22,0,20.22,0,20.22,2001,20.22,2001,20.22,2001,20.22,2001
20.23,0,20.23,0,20.23,0,20.23,0,20.23,1983,20.23,1985,20.23,1986,20.23,2006,20.23,0,20.23,0,20.23,0,20.23,0,20.23,2001,20.23,2001,20.23,2001,20.23,2001
20.24,0,20.24,0,20.24,0,20.24,0,20.24,2006,20.24,1982,20.24,1996,20.24,1974,20.24,0,20.24,0,20.24,0,20.24,0,20.24,2001,20.24,2001,20.24,2001,20.24,2001
20.25,0,20.25,0,20.25,0,20.25,0,20.25,1983,20.25,2003,20.25,2025,20.25,1989,20.25,0,20.25,0,20.25,0,20.25,0,20.25,2001,20.25,2001,20.25,2001,20.25,2001
20.26,0,20.26,0,20.26,0,20.26,0,20.26,1905,20.26,2005,20.26,1999,20.26,1995,20.26,0,20.26,0,20.26,0,20.26,0,20.26,2001,20.26,2001,20.26,2001,20.26,2001
20.27,0,20.27,0,20.27,0,20.27,0,20.27,1995,20.27,2060,20.27,1996,20.27,1987,20.27,0,20.27,0,20.27,0,20.27,0,20.27,2001,20.27,2001,20.27,2001,20.27,2001
20.28,0,20.28,0,20.28,0,20.28,0,20.28,2013,20.28,1989,20.28,1987,20.28,1998,20.28,0,20.28,0,20.28,0,20.28,0,20.28,2001,20.28,2001,20.28,2001,20.28,2001
20.29,0,20.29,0,20.29,0,20.29,0,20.29,2002,20.29,1996,20.29,1964,20.29,2004,20.29,0,20.29,0,20.29,0,20.29,0,20.29,2001,20.29,2001,20.29,2001,20.29,2001
20.3,0,20.3,0,20.3,0,20.3,0,20.3,1988,20.3,2054,20.3,2114,20.3,1997,20.3,0,20.3,0,20.3,0,20.3,0,20.3,2001,20.3,2001,20.3,2001,20.3,2001
20.31,0,20.31,0,20.31,0,20.31,0,20.31,1966,20.31,2008,20.31,1982,20.31,1989,20.31,0,20.31,0,20.31,0,20.31,0,20.31,2001,20.31,2001,20.31,2001,20.31,2001
20.32,0,20.32,0,20.32,0,20.32,0,20.32,1993,20.32,1992,20.32,1989,20.32,2090,20.32,0,20.32,0,20.32,0,20.32,0,20.32,2001,20.32,2001,20.32,2001,20.32,2001
20.33,0,20.33,0,20.33,0,20.33,0,20.33,1981,20.33,2013,20.33,2028,20.33,1990,20.33,0,20.33,0,20.33,0,20.33,0,20.33,2001,20.33,2001,20.33,2001,20.33,2001
20.34,0,20.34,0,20.34,0,20.34,0,20.34,2010,20.34,2024,20.34,2004,20.34,1996,20.34,0,20.34,0,20.34,0,20.34,0,20.34,2001,20.34,2001,20.34,2001,20.34,2001
20.35,0,20.35,0,20.35,0,20.35,0,20.35,2056,20.35,2012,20.35,2103,20.35,1996,20.35,0,20.35,0,20.35,0,20.35,0,20.35,2001,20.35,2001,20.35,2001,20.35,2001
20.36,0,20.36,0,20.36,0,20.36,0,20.36,2000,20.36,2046,20.36,2052,20.36,1973,20.36,0,20.36,0,20.36,0,20.36,0,20.36,2001,20.36,2001,20.36,2001,20.36,2001
20.37,0,20.37,0,20.37,0,20.37,0,20.37,2012,20.37,2041,20.37,2032,20.37,1988,20.37,0,20.37,0,20.37,0,20.37,0,20.37,2001,20.37,2001,20.37,2001,20.37,2001
20.38,0,20.38,0,20.38,0,20.38,0,20.38,2012,20.38,1973,20.38,1994,20.38,1994,20.38,0,20.38,0,20.38,0,20.38,0,20.38,2001,20.38,2001,20.38,2001,20.38,2001
20.39,0,20.39,0,20.39,0,20.39,0,20.39,1951,20.39,1960,20.39,1959,20.39,1992,20.39,0,20.39,0,20.39,0,20.39,0,20.39,2001,20.39,2001,20.39,2001,20.39,2001
20.4,0,20.4,0,20.4,0,20.4,0,20.4,2020,20.4,1964,20.4,1993,20.4,2017,20.4,0,20.4,0,20.4,0,20.4,0,20.4,2001,20.4,2001,20.4,2001,20.4,2001
20.41,0,20.41,0,20.41,0,20.41,0,20.41,2004,20.41,2034,20.41,2007,20.41,2008,20.41,0,20.41,0,20.41,0,20.41,0,20.41,2001,20.41,2001,20.41,2001,20.41,2001
20.42,0,20.42,0,20.42,0,20.42,0,20.42,1992,20.42,2095,20.42,2008,20.42,1989,20.42,0,20.42,0,20.42,0,20.42,0,20.42,2001,20.42,2001,20.42,2001,20.42,2001
20.43,0,20.43,0,20.43,0,20.43,0,20.43,1961,20.43,1989,20.43,1980,20.43,2014,20.43,0,20.43,0,20.43,0,20.43,0,20.43,2001,20.43,2001,20.43,2001,20.43,2001
20.44,0,20.44,0,20.44,0,20.44,0,20.44,2058,20.44,1990,20.44,1986,20.44,1924,20.44,0,20.44,0,20.44,0,20.44,0,20.44,2001,20.44,2001,20.44,2001,20.44,2001
20.45,0,20.45,0,20.45,0,20.45,0,20.45,1997,20.45,2031,20.45,2060,20.45,1999,20.45,0,20.45,0,20.45,0,20.45,0,20.45,2001,20.45,2001,20.45,2001,20.45,2001
20.46,0,20.46,0,20.46,0,20.46,0,20.46,1998,20.46,1996,20.46,2003,20.46,1970,20.46,0,20.46,0,20.46,0,20.46,0,20.46,2001,20.46,2001,20.46,2001,20.46,2001
20.47,0,20.47,0,20.47,0,20.47,0,20.47,2128,20.47,1998,20.47,1965,20.47,2150,20.47,0,20.47,0,20.47,0,20.47,0,20.47,2001,20.47,2001,20.47,2001,20.47,2001
20.48,0,20.48,0,20.48,0,20.48,0,20.48,2110,20.48,2014,20.48,2009,20.48,1999,20.48,0,20.48,0,20.48,0,20.48,0,20.48,2001,20.48,2001,20.48,2001,20.48,2001
20.49,0,20.49,0,20.49,0,20.49,0,20.49,2008,20.49,1966,20.49,2042,20.49,1986,20.49,0,20.49,0,20.49,0,20.49,0,20.49,2001,20.49,2001,20.49,2001,20.49,2001
20.5,0,20.5,0,20.5,0,20.5,0,20.5,2030,20.5,1980,20.5,1981,20.5,2014,20.5,0,20.5,0,20.5,0,20.5,0,20.5,2001,20.5,2001,20.5,2001,20.5,2001
20.51,0,20.51,0,20.51,0,20.51,0,20.51,2012,20.51,2104,20.51,2008,20.51,2025,20.51,0,20.51,0,20.51,0,20.51,0,20.51,2001,20.51,2001,20.51,2001,20.51,2001
20.52,0,20.52,0,20.52,0,20.52,0,20.52,2010,20.52,1979,20.52,2005,20.52,2012,20.52,0,20.52,0,20.52,0,20.52,0,20.52,2001,20.52,2001,20.52,2001,20.52,2001
20.53,0,20.53,0,20.53,0,20.53,0,20.53,2015,20.53,1983,20.53,2072,20.53,2032,20.53,0,20.53,0,20.53,0,20.53,0,20.53,2001,20.53,2001,20.53,2001,20.53,2001
20.54,0,20.54,0,20.54,0,20.54,0,20.54,1970,20.54,2019,20.54,2016,20.54,1988,20.54,0,20.54,0,20.54,0,20.54,0,20.54,2001,20.54,2001,20.54,2001,20.54,2001
20.55,0,20.55,0,20.55,0,20.55,0,20.55,2011,20.55,2074,20.55,1993,20.55,1975,20.55,0,20.55,0,20.55,0,20.55,0,20.55,2001,20.55,2001,20.55,2001,20.55,2001
20.56,0,20.56,0,20.56,0,20.56,0,20.56,2000,20.56,1980,20.56,1980,20.56,1966,20.56,0,20.56,0,20.56,0,20.56,0,20.56,2001,20.56,2001,20.56,2001,20.56,2001
20.57,0,20.57,0,20.57,0,20.57,0,20.57,1998,20.57,1989,20.57,2013,20.57,1984,20.57,0,20.57,0,20.57,0,20.57,0,20.57,2001,20.57,2001,20.57,2001,20.57,2001
20.58,0,20.58,0,20.58,0,20.58,0,20.58,2001,20.58,2007,20.58,2139,20.58,2002,20.58,0,20.58,0,20.58,0,20.58,0,20.58,2001,20.58,2001,20.58,2001,20.58,2001
20.59,0,20.59,0,20.59,0,20.59,0,20.59,2002,20.59,1982,20.59,1984,20.59,2033,20.59,0,20.59,0,20.59,0,20.59,0,20.59,2001,20.59,2001,20.59,2001,20.59,2001
20.6,0,20.6,0,20.6,0,20.6,0,20.6,2020,20.6,1949,20.6,2006,20.6,1983,20.6,0,20.6,0,20.6,0,20.6,0,20.6,2001,20.6,2001,20.6,2001,20.6,2001
20.61,0,20.61,0,20.61,0,20.61,0,20.61,2006,20.61,1948,20.61,1968,20.61,1966,20.61,0,20.61,0,20.61,0,20.61,0,20.61,2001,20.61,2001,20.61,2001,20.61,2001
20.62,0,20.62,0,20.62,0,20.62,0,20.62,2001,20.62,1992,20.62,1955,20.62,1981,20.62,0,20.62,0,20.62,0,20.62,0,20.62,2001,20.62,2001,20.62,2001,20.62,2001
20.63,0,20.63,0,20.63,0,20.63,0,20.63,1993,20.63,1985,20.63,1970,20.63,1936,20.63,0,20.63,0,20.63,0,20.63,0,20.63,2001,20.63,2001,20.63,2001,20.63,2001
20.64,0,20.64,0,20.64,0,20.64,0,20.64,1986,20.64,1950,20.64,1978,20.64,1970,20.64,0,20.64,0,20.64,0,20.64,0,20.64,2001,20.64,2001,20.64,2001,20.64,2001
20.65,0,20.65,0,20.65,0,20.65,0,20.65,1994,20.65,1983,20.65,2076,20.65,1956,20.65,0,20.65,0,20.65,0,20.65,0,20.65,2001,20.65,2001,20.65,2001,20.65,2001
20.66,0,20.66,0,20.66,0,20.66,0,20.66,2038,20.66,1993,20.66,1970,20.66,1984,20.66,0,20.66,0,20.66,0,20.66,0,20.66,2001,20.66,2001,20.66,2001,20.66,2001
20.67,0,20.67,0,20.67,0,20.67,0,20.67,1974,20.67,1952,20.67,2100,20.67,1986,20.67,0,20.67,0,20.67,0,20.67,0,20.67,2001,20.67,2001,20.67,2001,20.67,2001
20.68,0,20.68,0,20.68,0,20.68,0,20.68,1976,20.68,1946,20.68,2055,20.68,2030,20.68,0,20.68,0,20.68,0,20.68,0,20.68,2001,20.68,2001,20.68,2001,20.68,2001
20.69,0,20.69,0,20.69,0,20.69,0,20.69,2000,20.69,2002,20.69,1977,20.69,1996,20.69,0,20.69,0,20.69,0,20.69,0,20.69,2001,20.69,2001,20.69,2001,20.69,2001
20.7,0,20.7,0,20.7,0,20.7,0,20.7,1961,20.7,1997,20.7,2011,20.7,1985,20.7,0,20.7,0,20.7,0,20.7,0,20.7,2001,20.7,2001,20.7,2001,20.7,2001
20.71,0,20.71,0,20.71,0,20.71,0,20.71,1953,20.71,1980,20.71,2055,20.71,2024,20.71,0,20.71,0,20.71,0,20.71,0,20.71,2001,20.71,2001,20.71,2001,20.71,2001
20.72,0,20.72,0,20.72,0,20.72,0,20.72,1999,20.72,2027,20.72,1967,20.72,2000,20.72,0,20.72,0,20.72,0,20.72,0,20.72,2001,20.72,2001,20.72,2001,20.72,2001
20.73,0,20.73,0,20.73,0,20.73,0,20.73,1992,20.73,1984,20.73,2056,20.73,1998,20.73,0,20.73,0,20.73,0,20.73,0,20.73,2001,20.73,2001,20.73,2001,20.73,2001
20.74,0,20.74,0,20.74,0,20.74,0,20.74,2016,20.74,1957,20.74,1977,20.74,2090,20.74,0,20.74,0,20.74,0,20.74,0,20.74,2001,20.74,2001,20.74,2001,20.74,2001
20.75,0,20.75,0,20.75,0,20.75,0,20.75,2032,20.75,2020,20.75,1989,20.75,1997,20.75,0,20.75,0,20.75,0,20.75,0,20.75,2001,20.75,2001,20.75,2001,20.75,2001
20.76,0,20.76,0,20.76,0,20.76,0,20.76,2014,20.76,1968,20.76,1994,20.76,2077,20.76,0,20.76,0,20.76,0,20.76,0,20.76,2001,20.76,2001,20.76,2001,20.76,2001
20.77,0,20.77,0,20.77,0,20.77,0,20.77,2004,20.77,1976,20.77,1955,20.77,2026,20.77,0,20.77,0,20.77,0,20.77,0,20.77,2001,20.77,2001,20.77,2001,20.77,2001
20.78,0,20.78,0,20.78,0,20.78,0,20.78,1998,20.78,2152,20.78,1976,20.78,1999,20.78,0,20.78,0,20.78,0,20.78,0,20.78,2001,20.78,2001,20.78,2001,20.78,2001
20.79,0,20.79,0,20.79,0,20.79,0,20.79,2007,20.79,1952,20.79,1985,20.79,1987,20.79,0,20.79,0,20.79,0,20.79,0,20.79,2001,20.79,2001,20.79,2001,20.79,2001
20.8,0,20.8,0,20.8,0,20.8,0,20.8,2001,20.8,1982,20.8,1996,20.8,1998,20.8,0,20.8,0,20.8,0,20.8,0,20.8,2001,20.8,2001,20.8,2001,20.8,2001
20.81,0,20.81,0,20.81,0,20.81,0,20.81,1985,20.81,2006,20.81,2060,20.81,2000,20.81,0,20.81,0,20.81,0,20.81,0,20.81,2001,20.81,2001,20.81,2001,20.81,2001
20.82,0,20.82,0,20.82,0,20.82,0,20.82,2004,20.82,1998,20.82,2039,20.82,1959,20.82,0,20.82,0,20.82,0,20.82,0,20.82,2001,20.82,2001,20.82,2001,20.82,2001
20.83,0,20.83,0,20.83,0,20.83,0,20.83,2008,20.83,2008,20.83,1919,20.83,2002,20.83,0,20.83,0,20.83,0,20.83,0,20.83,2001,20.83,2001,20.83,2001,20.83,2001
20.84,0,20.84,0,20.84,0,20.84,0,20.84,1997,20.84,1980,20.84,1982,20.84,1997,20.84,0,20.84,0,20.84,0,20.84,0,20.84,2001,20.84,2001,20.84,2001,20.84,2001
20.85,0,20.85,0,20.85,0,20.85,0,20.85,2010,20.85,2007,20.85,1982,20.85,1959,20.85,0,20.85,0,20.85,0,20.85,0,20.85,2001,20.85,2001,20.85,2001,20.85,2001
20.86,0,20.86,0,20.86,0,20.86,0,20.86,2014,20.86,2015,20.86,1905,20.86,1988,20.86,0,20.86,0,20.86,0,20.86,0,20.86,2001,20.86,2001,20.86,2001,20.86,2001
20.87,0,20.87,0,20.87,0,20.87,0,20.87,1983,20.87,2007,20.87,1966,20.87,1992,20.87,0,20.87,0,20.87,0,20.87,0,20.87,2001,20.87,2001,20.87,2001,20.87,2001
20.88,0,20.88,0,20.88,0,20.88,0,20.88,2013,20.88,2013,20.88,1990,20.88,1982,20.88,0,20.88,0,20.88,0,20.88,0,20.88,2001,20.88,2001,20.88,2001,20.88,2001
20.89,0,20.89,0,20.89,0,20.89,0,20.89,1999,20.89,1992,20.89,2003,20.89,2136,20.89,0,20.89,0,20.89,0,20.89,0,20.89,2001,20.89,2001,20.89,2001,20.89,2001
20.9,0,20.9,0,20.9,0,20.9,0,20.9,1961,20.9,2137,20.9,2039,20.9,2004,20.9,0,20.9,0,20.9,0,20.9,0,20.9,2001,20.9,2001,20.9,2001,20.9,2001
20.91,0,20.91,0,20.91,0,20.91,0,20.91,1985,20.91,1980,20.91,2023,20.91,1982,20.91,0,20.91,0,20.91,0,20.91,0,20.91,2001,20.91,2001,20.91,2001,20.91,2001
20.92,0,20.92,0,20.92,0,20.92,0,20.92,1971,20.92,1970,20.92,1991,20.92,1970,20.92,0,20.92,0,20.92,0,20.92,0,20.92,2001,20.92,2001,20.92,2001,20.92,2001
20.93,0,20.93,0,20.93,0,20.93,0,20.93,2053,20.93,1958,20.93,1972,20.93,2067,20.93,0,20.93,0,20.93,0,20.93,0,20.93,2001,20.93,2001,20.93,2001,20.93,2001
20.94,0,20.94,0,20.94,0,20.94,0,20.94,1988,20.94,1980,20.94,2006,20.94,1988,20.94,0,20.94,0,20.94,0,20.94,0,20.94,2001,20.94,2001,20.94,2001,20.94,2001
20.95,0,20.95,0,20.95,0,20.95,0,20.95,1940,20.95,1978,20.95,2016,20.95,2014,20.95,0,20.95,0,20.95,0,20.95,0,20.95,2001,20.95,2001,20.95,2001,20.95,2001
20.96,0,20.96,0,20.96,0,20.96,0,20.96,2083,20.96,1978,20.96,1937,20.96,2021,20.96,0,20.96,0,20.96,0,20.96,0,20.96,2001,20.96,2001,20.96,2001,20.96,2001
20.97,0,20.97,0,20.97,0,20.97,0,20.97,1984,20.97,1948,20.97,1993,20.97,1977,20.97,0,20.97,0,20.97,0,20.97,0,20.97,2001,20.97,2001,20.97,2001,20.97,2001
20.98,0,20.98,0,20.98,0,20.98,0,20.98,1974,20.98,1902,20.98,1977,20.98,2009,20.98,0,20.98,0,20.98,0,20.98,0,20.98,2001,20.98,2001,20.98,2001,20.98,2001
20.99,0,20.99,0,20.99,0,20.99,0,20.99,1995,20.99,1938,20.99,1996,20.99,2021,20.99,0,20.99,0,20.99,0,20.99,0,20.99,2001,20.99,2001,20.99,2001,20.99,2001
21,0,21,0,21,0,21,0,21,2000,21,1981,21,1993,21,1987,21,0,21,0,21,0,21,0,21,2001,21,2001,21,2001,21,2001
21.01,0,21.01,0,21.01,0,21.01,0,21.01,1993,21.01,2122,21.01,2438,21.01,2011,21.01,0,21.01,0,21.01,0,21.01,0,21.01,2001,21.01,2001,21.01,2001,21.01,2001
21.02,0,21.02,0,21.02,0,21.02,0,21.02,1988,21.02,1988,21.02,2001,21.02,2026,21.02,0,21.02,0,21.02,0,21.02,0,21.02,2001,21.02,2001,21.02,2001,21.02,2001
21.03,0,21.03,0,21.03,0,21.03,0,21.03,2010,21.03,1977,21.03,1979,21.03,1969,21.03,0,21.03,0,21.03,0,21.03,0,21.03,2001,21.03,2001,21.03,2001,21.03,2001
21.04,0,21.04,0,21.04,0,21.04,0,21.04,1980,21.04,2011,21.04,2001,21.04,1983,21.04,0,21.04,0,21.04,0,21.04,0,21.04,2001,21.04,2001,21.04,2001,21.04,2001
21.05,0,21.05,0,21.05,0,21.05,0,21.05,2111,21.05,1981,21.05,1991,21.05,2009,21.05,0,21.05,0,21.05,0,21.05,0,21.05,2001,21.05,2001,21.05,2001,21.05,2001
21.06,0,21.06,0,21.06,0,21.06,0,21.06,1935,21.06,1994,21.06,1936,21.06,1998,21.06,0,21.06,0,21.06,0,21.06,0,21.06,2001,21.06,2001,21.06,2001,21.06,2001
21.07,0,21.07,0,21.07,0,21.07,0,21.07,2266,21.07,1986,21.07,2014,21.07,2001,21.07,0,21.07,0,21.07,0,21.07,0,21.07,2001,21.07,2001,21.07,2001,21.07,2001
21.08,0,21.08,0,21.08,0,21.08,0,21.08,1992,21.08,1999,21.08,2018,21.08,2016,21.08,0,21.08,0,21.08,0,21.08,0,21.08,2001,21.08,2001,21.08,2001,21.08,2001
21.09,0,21.09,0,21.09,0,21.09,0,21.09,1958,21.09,2021,21.09,1963,21.09,1984,21.09,0,21.09,0,21.09,0,21.09,0,21.09,2001,21.09,2001,21.09,2001,21.09,2001
21.1,0,21.1,0,21.1,0,21.1,0,21.1,1981,21.1,2054,21.1,1992,21.1,1952,21.1,0,21.1,0,21.1,0,21.1,0,21.1,2001,21.1,2001,21.1,2001,21.1,2001
21.11,0,21.11,0,21.11,0,21.11,0,21.11,1996,21.11,2018,21.11,1989,21.11,1978,21.11,0,21.11,0,21.11,0,21.11,0,21.11,2001,21.11,2001,21.11,2001,21.11,2001
21.12,0,21.12,0,21.12,0,21.12,0,21.12,1947,21.12,2017,21.12,1986,21.12,1948,21.12,0,21.12,0,21.12,0,21.12,0,21.12,2001,21.12,2001,21.12,2001,21.12,2001
21.13,0,21.13,0,21.13,0,21.13,0,21.13,1994,21.13,2013,21.13,1991,21.13,2020,21.13,0,21.13,0,21.13,0,21.13,0,21.13,2001,21.13,2001,21.13,2001,21.13,2001
21.14,0,21.14,0,21.14,0,21.14,0,21.14,2101,21.14,1978,21.14,2015,21.14,2013,21.14,0,21.14,0,21.14,0,21.14,0,21.14,2001,21.14,2001,21.14,2001,21.14,2001
21.15,0,21.15,0,21.15,0,21.15,0,21.15,1981,21.15,1946,21.15,1978,21.15,2001,21.15,0,21.15,0,21.15,0,21.15,0,21.15,2001,21.15,2001,21.15,2001,21.15,2001
21.16,0,21.16,0,21.16,0,21.16,0,21.16,1982,21.16,2108,21.16,1938,21.16,1988,21.16,0,21.16,0,21.16,0,21.16,0,21.16,2001,21.16,2001,21.16,2001,21.16,2001
21.17,0,21.17,0,21.17,0,21.17,0,21.17,2030,21.17,1977,21.17,1974,21.17,2021,21.17,0,21.17,0,21.17,0,21.17,0,21.17,2001,21.17,2001,21.17,2001,21.17,2001
21.18,0,21.18,0,21.18,0,21.18,0,21.18,1980,21.18,2015,21.18,1981,21.18,2077,21.18,0,21.18,0,21.18,0,21.18,0,21.18,2001,21.18,2001,21.18,2001,21.18,2001
21.19,0,21.19,0,21.19,0,21.19,0,21.19,2004,21.19,2008,21.19,1993,21.19,1989,21.19,0,21.19,0,21.19,0,21.19,0,21.19,2001,21.19,2001,21.19,2001,21.19,2001
21.2,0,21.2,0,21.2,0,21.2,0,21.2,1983,21.2,1965,21.2,2003,21.2,2012,21.2,0,21.2,0,21.2,0,21.2,0,21.2,2001,21.2,2001,21.2,2001,21.2,2001
21.21,0,21.21,0,21.21,0,21.21,0,21.21,2050,21.21,2008,21.21,1987,21.21,2015,21.21,0,21.21,0,21.21,0,21.21,0,21.21,2001,21.21,2001,21.21,2001,21.21,2001
21.22,0,21.22,0,21.22,0,21.22,0,21.22,1986,21.22,1999,21.22,1968,21.22,1984,21.22,0,21.22,0,21.22,0,21.22,0,21.22,2001,21.22,2001,21.22,2001,21.22,2001
21.23,0,21.23,0,21.23,0,21.23,0,21.23,1999,21.23,1977,21.23,1999,21.23,1947,21.23,0,21.23,0,21.23,0,21.23,0,21.23,2001,21.23,2001,21.23,2001,21.23,2001
21.24,0,21.24,0,21.24,0,21.24,0,21.24,1955,21.24,2029,21.24,1976,21.24,2020,21.24,0,21.24,0,21.24,0,21.24,0,21.24,2001,21.24,2001,21.24,2001,21.24,2001
21.25,0,21.25,0,21.25,0,21.25,0,21.25,2064,21.25,1965,21.25,1928,21.25,1992,21.25,0,21.25,0,21.25,0,21.25,0,21.25,2001,21.25,2001,21.25,2001,21.25,2001
21.26,0,21.26,0,21.26,0,21.26,0,21.26,2042,21.26,2112,21.26,1994,21.26,2032,21.26,0,21.26,0,21.26,0,21.26,0,21.26,2001,21.26,2001,21.26,2001,21.26,2001
21.27,0,21.27,0,21.27,0,21.27,0,21.27,2155,21.27,1992,21.27,2062,21.27,2118,21.27,0,21.27,0,21.27,0,21.27,0,21.27,2001,21.27,2001,21.27,2001,21.27,2001
21.28,0,21.28,0,21.28,0,21.28,0,21.28,1999,21.28,2009,21.28,1926,21.28,1984,21.28,0,21.28,0,21.28,0,21.28,0,21.28,2001,21.28,2001,21.28,2001,21.28,2001
21.29,0,21.29,0,21.29,0,21.29,0,21.29,1993,21.29,1960,21.29,2023,21.29,1978,21.29,0,21.29,0,21.29,0,21.29,0,21.29,2001,21.29,2001,21.29,2001,21.29,2001
21.3,0,21.3,0,21.3,0,21.3,0,21.3,2003,21.3,2012,21.3,2028,21.3,2008,21.3,0,21.3,0,21.3,0,21.3,0,21.3,2001,21.3,2001,21.3,2001,21.3,2001
21.31,0,21.31,0,21.31,0,21.31,0,21.31,1990,21.31,2001,21.31,2014,21.31,1999,21.31,0,21.31,0,21.31,0,21.31,0,21.31,2001,21.31,2001,21.31,2001,21.31,2001
21.32,0,21.32,0,21.32,0,21.32,0,21.32,1996,21.32,2004,21.32,2015,21.32,1974,21.32,0,21.32,0,21.32,0,21.32,0,21.32,2001,21.32,2001,21.32,2001,21.32,2001
21.33,0,21.33,0,21.33,0,21.33,0,21.33,2021,21.33,1980,21.33,1983,21.33,1990,21.33,0,21.33,0,21.33,0,21.33,0,21.33,2001,21.33,2001,21.33,2001,21.33,2001
21.34,0,21.34,0,21.34,0,21.34,0,21.34,2016,21.34,2019,21.34,1992,21.34,1986,21.34,0,21.34,0,21.34,0,21.34,0,21.34,2001,21.34,2001,21.34,2001,21.34,2001
21.35,0,21.35,0,21.35,0,21.35,0,21.35,1996,21.35,1998,21.35,2013,21.35,2002,21.35,0,21.35,0,21.35,0,21.35,0,21.35,2001,21.35,2001,21.35,2001,21.35,2001
21.36,0,21.36,0,21.36,0,21.36,0,21.36,2064,21.36,1982,21.36,1986,21.36,1974,21.36,0,21.36,0,21.36,0,21.36,0,21.36,2001,21.36,2001,21.36,2001,21.36,2001
21.37,0,21.37,0,21.37,0,21.37,0,21.37,1994,21.37,1997,21.37,2107,21.37,2055,21.37,0,21.37,0,21.37,0,21.37,0,21.37,2001,21.37,2001,21.37,2001,21.37,2001
21.38,0,21.38,0,21.38,0,21.38,0,21.38,1999,21.38,2002,21.38,2059,21.38,2009,21.38,0,21.38,0,21.38,0,21.38,0,21.38,2001,21.38,2001,21.38,2001,21.38,2001
21.39,0,21.39,0,21.39,0,21.39,0,21.39,1996,21.39,2005,21.39,2061,21.39,1965,21.39,0,21.39,0,21.39,0,21.39,0,21.39,2001,21.39,2001,21.39,2001,21.39,2001
21.4,0,21.4,0,21.4,0,21.4,0,21.4,1992,21.4,1945,21.4,1993,21.4,1955,21.4,0,21.4,0,21.4,0,21.4,0,21.4,2001,21.4,2001,21.4,2001,21.4,2001
21.41,0,21.41,0,21.41,0,21.41,0,21.41,1998,21.41,2001,21.41,2032,21.41,2020,21.41,0,21.41,0,21.41,0,21.41,0,21.41,2001,21.41,2001,21.41,2001,21.41,2001
21.42,0,21.42,0,21.42,0,21.42,0,21.42,1970,21.42,1997,21.42,1915,21.42,1950,21.42,0,21.42,0,21.42,0,21.42,0,21.42,2001,21.42,2001,21.42,2001,21.42,2001
21.43,0,21.43,0,21.43,0,21.43,0,21.43,2119,21.43,1982,21.43,1969,21.43,2005,21.43,0,21.43,0,21.43,0,21.43,0,21.43,2001,21.43,2001,21.43,2001,21.43,2001
21.44,0,21.44,0,21.44,0,21.44,0,21.44,1994,21.44,1988,21.44,2002,21.44,2004,21.44,0,21.44,0,21.44,0,21.44,0,21.44,2001,21.44,2001,21.44,2001,21.44,2001
21.45,0,21.45,0,21.45,0,21.45,0,21.45,2102,21.45,1977,21.45,2045,21.45,2001,21.45,0,21.45,0,21.45,0,21.45,0,21.45,2001,21.45,2001,21.45,2001,21.45,2001
21.46,0,21.46,0,21.46,0,21.46,0,21.46,1981,21.46,2004,21.46,1973,21.46,1983,21.46,0,21.46,0,21.46,0,21.46,0,21.46,2001,21.46,2001,21.46,2001,21.46,2001
21.47,0,21.47,0,21.47,0,21.47,0,21.47,1956,21.47,2150,21.47,1998,21.47,1940,21.47,0,21.47,0,21.47,0,21.47,0,21.47,2001,21.47,2001,21.47,2001,21.47,2001
21.48,0,21.48,0,21.48,0,21.48,0,21.48,1942,21.48,1967,21.48,1981,21.48,2016,21.48,0,21.48,0,21.48,0,21.48,0,21.48,2001,21.48,2001,21.48,2001,21.48,2001
21.49,0,21.49,0,21.49,0,21.49,0,21.49,1988,21.49,2032,21.49,1989,21.49,2030,21.49,0,21.49,0,21.49,0,21.49,0,21.49,2001,21.49,2001,21.49,2001,21.49,2001
21.5,0,21.5,0,21.5,0,21.5,0,21.5,1979,21.5,1990,21.5,2010,21.5,2011,21.5,0,21.5,0,21.5,0,21.5,0,21.5,2001,21.5,2001,21.5,2001,21.5,2001
21.51,0,21.51,0,21.51,0,21.51,0,21.51,1952,21.51,2001,21.51,2006,21.51,2034,21.51,0,21.51,0,21.51,0,21.51,0,21.51,2001,21.51,2001,21.51,2001,21.51,2001
21.52,0,21.52,0,21.52,0,21.52,0,21.52,1994,21.52,2000,21.52,2032,21.52,1991,21.52,0,21.52,0,21.52,0,21.52,0,21.52,2001,21.52,2001,21.52,2001,21.52,2001
21.53,0,21.53,0,21.53,0,21.53,0,21.53,1993,21.53,1968,21.53,1925,21.53,2021,21.53,0,21.53,0,21.53,0,21.53,0,21.53,2001,21.53,2001,21.53,2001,21.53,2001
21.54,0,21.54,0,21.54,0,21.54,0,21.54,1993,21.54,1970,21.54,1995,21.54,2012,21.54,0,21.54,0,21.54,0,21.54,0,21.54,2001,21.54,2001,21.54,2001,21.54,2001
21.55,0,21.55,0,21.55,0,21.55,0,21.55,1978,21.55,2010,21.55,1967,21.55,1977,21.55,0,21.55,0,21.55,0,21.55,0,21.55,2001,21.55,2001,21.55,2001,21.55,2001
21.56,0,21.56,0,21.56,0,21.56,0,21.56,1976,21.56,2012,21.56,2050,21.56,2034,21.56,0,21.56,0,21.56,0,21.56,0,21.56,2001,21.56,2001,21.56,2001,21.56,2001
21.57,0,21.57,0,21.57,0,21.57,0,21.57,1941,21.57,1983,21.57,1995,21.57,2011,21.57,0,21.57,0,21.57,0,21.57,0,21.57,2001,21.57,2001,21.57,2001,21.57,2001
21.58,0,21.58,0,21.58,0,21.58,0,21.58,1997,21.58,1985,21.58,1984,21.58,1976,21.58,0,21.58,0,21.58,0,21.58,0,21.58,2001,21.58,2001,21.58,2001,21.58,2001
21.59,0,21.59,0,21.59,0,21.59,0,21.59,1998,21.59,2026,21.59,2007,21.59,2018,21.59,0,21.59,0,21.59,0,21.59,0,21.59,2001,21.59,2001,21.59,2001,21.59,2001
21.6,0,21.6,0,21.6,0,21.6,0,21.6,1987,21.6,2080,21.6,2006,21.6,1992,21.6,0,21.6,0,21.6,0,21.6,0,21.6,2001,21.6,2001,21.6,2001,21.6,2001
21.61,0,21.61,0,21.61,0,21.61,0,21.61,1993,21.61,2031,21.61,2003,21.61,2001,21.61,0,21.61,0,21.61,0,21.61,0,21.61,2001,21.61,2001,21.61,2001,21.61,2001
21.62,0,21.62,0,21.62,0,21.62,0,21.62,2031,21.62,1982,21.62,1994,21.62,2001,21.62,0,21.62,0,21.62,0,21.62,0,21.62,2001,21.62,2001,21.62,2001,21.62,2001
21.63,0,21.63,0,21.63,0,21.63,0,21.63,1986,21.63,1982,21.63,1988,21.63,2002,21.63,0,21.63,0,21.63,0,21.63,0,21.63,2001,21.63,2001,21.63,2001,21.63,2001
21.64,0,21.64,0,21.64,0,21.64,0,21.64,2003,21.64,2008,21.64,1965,21.64,1997,21.64,0,21.64,0,21.64,0,21.64,0,21.64,2001,21.64,2001,21.64,2001,21.64,2001
21.65,0,21.65,0,21.65,0,21.65,0,21.65,1999,21.65,1999,21.65,2033,21.65,1994,21.65,0,21.65,0,21.65,0,21.65,0,21.65,2001,21.65,2001,21.65,2001,21.65,2001
21.66,0,21.66,0,21.66,0,21.66,0,21.66,1916,21.66,1986,21.66,1998,21.66,1996,21.66,0,21.66,0,21.66,0,21.66,0,21.66,2001,21.66,2001,21.66,2001,21.66,2001
21.67,0,21.67,0,21.67,0,21.67,0,21.67,1980,21.67,1991,21.67,1995,21.67,1991,21.67,0,21.67,0,21.67,0,21.67,0,21.67,2001,21.67,2001,21.67,2001,21.67,2001
21.68,0,21.68,0,21.68,0,21.68,0,21.68,1977,21.68,2012,21.68,2057,21.68,1987,21.68,0,21.68,0,21.68,0,21.68,0,21.68,2001,21.68,2001,21.68,2001,21.68,2001
21.69,0,21.69,0,21.69,0,21.69,0,21.69,1977,21.69,1980,21.69,1987,21.69,2011,21.69,0,21.69,0,21.69,0,21.69,0,21.69,2001,21.69,2001,21.69,2001,21.69,2001
21.7,0,21.7,0,21.7,0,21.7,0,21.7,2020,21.7,1934,21.7,2014,21.7,1987,21.7,0,21.7,0,21.7,0,21.7,0,21.7,2001,21.7,2001,21.7,2001,21.7,2001
21.71,0,21.71,0,21.71,0,21.71,0,21.71,1976,21.71,2068,21.71,2000,21.71,2002,21.71,0,21.71,0,21.71,0,21.71,0,21.71,2001,21.71,2001,21.71,2001,21.71,2001
21.72,0,21.72,0,21.72,0,21.72,0,21.72,1966,21.72,2001,21.72,2021,21.72,2006,21.72,0,21.72,0,21.72,0,21.72,0,21.72,2001,21.72,2001,21.72,2001,21.72,2001
21.73,0,21.73,0,21.73,0,21.73,0,21.73,1974,21.73,1986,21.73,1984,21.73,2055,21.73,0,21.73,0,21.73,0,21.73,0,21.73,2001,21.73,2001,21.73,2001,21.73,2001
21.74,0,21.74,0,21.74,0,21.74,0,21.74,2005,21.74,2008,21.74,1994,21.74,2008,21.74,0,21.74,0,21.74,0,21.74,0,21.74,2001,21.74,2001,21.74,2001,21.74,2001
21.75,0,21.75,0,21.75,0,21.75,0,21.75,2001,21.75,1994,21.75,1992,21.75,2030,21.75,0,21.75,0,21.75,0,21.75,0,21.75,2001,21.75,2001,21.75,2001,21.75,2001
21.76,0,21.76,0,21.76,0,21.76,0,21.76,1992,21.76,2013,21.76,2076,21.76,2050,21.76,0,21.76,0,21.76,0,21.76,0,21.76,2001,21.76,2001,21.76,2001,21.76,2001
21.77,0,21.77,0,21.77,0,21.77,0,21.77,1976,21.77,2012,21.77,1985,21.77,2017,21.77,0,21.77,0,21.77,0,21.77,0,21.77,2001,21.77,2001,21.77,2001,21.77,2001
21.78,0,21.78,0,21.78,0,21.78,0,21.78,1990,21.78,1989,21.78,2002,21.78,1998,21.78,0,21.78,0,21.78,0,21.78,0,21.78,2001,21.78,2001,21.78,2001,21.78,2001
21.79,0,21.79,0,21.79,0,21.79,0,21.79,1997,21.79,1976,21.79,2079,21.79,1994,21.79,0,21.79,0,21.79,0,21.79,0,21.79,2001,21.79,2001,21.79,2001,21.79,2001
21.8,0,21.8,0,21.8,0,21.8,0,21.8,2001,21.8,1998,21.8,1923,21.8,2000,21.8,0,21.8,0,21.8,0,21.8,0,21.8,2001,21.8,2001,21.8,2001,21.8,2001
21.81,0,21.81,0,21.81,0,21.81,0,21.81,2080,21.81,2019,21.81,2024,21.81,2008,21.81,0,21.81,0,21.81,0,21.81,0,21.81,2001,21.81,2001,21.81,2001,21.81,2001
21.82,0,21.82,0,21.82,0,21.82,0,21.82,1992,21.82,1934,21.82,2009,21.82,1974,21.82,0,21.82,0,21.82,0,21.82,0,21.82,2001,21.82,2001,21.82,2001,21.82,2001
21.83,0,21.83,0,21.83,0,21.83,0,21.83,1949,21.83,2005,21.83,1986,21.83,1987,21.83,0,21.83,0,21.83,0,21.83,0,21.83,2001,21.83,2001,21.83,2001,21.83,2001
21.84,0,21.84,0,21.84,0,21.84,0,21.84,1988,21.84,2002,21.84,2016,21.84,2011,21.84,0,21.84,0,21.84,0,21.84,0,21.84,2001,21.84,2001,21.84,2001,21.84,2001
21.85,0,21.85,0,21.85,0,21.85,0,21.85,2035,21.85,1982,21.85,2034,21.85,1997,21.85,0,21.85,0,21.85,0,21.85,0,21.85,2001,21.85,2001,21.85,2001,21.85,2001
21.86,0,21.86,0,21.86,0,21.86,0,21.86,1992,21.86,2005,21.86,2084,21.86,2006,21.86,0,21.86,0,21.86,0,21.86,0,21.86,2001,21.86,2001,21.86,2001,21.86,2001
21.87,0,21.87,0,21.87,0,21.87,0,21.87,1993,21.87,1995,21.87,1990,21.87,2024,21.87,0,21.87,0,21.87,0,21.87,0,21.87,2001,21.87,2001,21.87,2001,21.87,2001
21.88,0,21.88,0,21.88,0,21.88,0,21.88,2041,21.88,2021,21.88,1983,21.88,1990,21.88,0,21.88,0,21.88,0,21.88,0,21.88,2001,21.88,2001,21.88,2001,21.88,2001
21.89,0,21.89,0,21.89,0,21.89,0,21.89,1996,21.89,2014,21.89,2002,21.89,2034,21.89,0,21.89,0,21.89,0,21.89,0,21.89,2001,21.89,2001,21.89,2001,21.89,2001
21.9,0,21.9,0,21.9,0,21.9,0,21.9,2050,21.9,1990,21.9,1976,21.9,2023,21.9,0,21.9,0,21.9,0,21.9,0,21.9,2001,21.9,2001,21.9,2001,21.9,2001
21.91,0,21.91,0,21.91,0,21.91,0,21.91,2023,21.91,1962,21.91,2038,21.91,1996,21.91,0,21.91,0,21.91,0,21.91,0,21.91,2001,21.91,2001,21.91,2001,21.91,2001
21.92,0,21.92,0,21.92,0,21.92,0,21.92,2003,21.92,1958,21.92,1972,21.92,2089,21.92,0,21.92,0,21.92,0,21.92,0,21.92,2001,21.92,2001,21.92,2001,21.92,2001
21.93,0,21.93,0,21.93,0,21.93,0,21.93,1984,21.93,1994,21.93,1998,21.93,2003,21.93,0,21.93,0,21.93,0,21.93,0,21.93,2001,21.93,2001,21.93,2001,21.93,2001
21.94,0,21.94,0,21.94,0,21.94,0,21.94,2000,21.94,1960,21.94,1998,21.94,1959,21.94,0,21.94,0,21.94,0,21.94,0,21.94,2001,21.94,2001,21.94,2001,21.94,2001
21.95,0,21.95,0,21.95,0,21.95,0,21.95,2025,21.95,2066,21.95,1984,21.95,1974,21.95,0,21.95,0,21.95,0,21.95,0,21.95,2001,21.95,2001,21.95,2001,21.95,2001
21.96,0,21.96,0,21.96,0,21.96,0,21.96,2004,21.96,2009,21.96,2000,21.96,2001,21.96,0,21.96,0,21.96,0,21.96,0,21.96,2001,21.96,2001,21.96,2001,21.96,2001
21.97,0,21.97,0,21.97,0,21.97,0,21.97,1977,21.97,1983,21.97,1989,21.97,2008,21.97,0,21.97,0,21.97,0,21.97,0,21.97,2001,21.97,2001,21.97,2001,21.97,2001
21.98,0,21.98,0,21.98,0,21.98,0,21.98,2004,21.98,2003,21.98,1989,21.98,2002,21.98,0,21.98,0,21.98,0,21.98,0,21.98,2001,21.98,2001,21.98,2001,21.98,2001
21.99,0,21.99,0,21.99,0,21.99,0,21.99,2010,21.99,1993,21.99,2002,21.99,2003,21.99,0,21.99,0,21.99,0,21.99,0,21.99,2001,21.99,2001,21.99,2001,21.99,2001
22,0,22,0,22,0,22,0,22,1973,22,1994,22,2121,22,1987,22,0,22,0,22,0,22,0,22,2001,22,2001,22,2001,22,2001
22.01,0,22.01,0,22.01,0,22.01,0,22.01,1902,22.01,1994,22.01,1987,22.01,2026,22.01,0,22.01,0,22.01,0,22.01,0,22.01,2001,22.01,2001,22.01,2001,22.01,2001
22.02,0,22.02,0,22.02,0,22.02,0,22.02,1979,22.02,1971,22.02,2003,22.02,1997,22.02,0,22.02,0,22.02,0,22.02,0,22.02,2001,22.02,2001,22.02,2001,22.02,2001
22.03,0,22.03,0,22.03,0,22.03,0,22.03,1989,22.03,1987,22.03,1991,22.03,2003,22.03,0,22.03,0,22.03,0,22.03,0,22.03,2001,22.03,2001,22.03,2001,22.03,2001
22.04,0,22.04,0,22.04,0,22.04,0,22.04,2015,22.04,2008,22.04,1986,22.04,2003,22.04,0,22.04,0,22.04,0,22.04,0,22.04,2001,22.04,2001,22.04,2001,22.04,2001
22.05,0,22.05,0,22.05,0,22.05,0,22.05,2075,22.05,1961,22.05,2049,22.05,2003,22.05,0,22.05,0,22.05,0,22.05,0,22.05,2001,22.05,2001,22.05,2001,22.05,2001
22.06,0,22.06,0,22.06,0,22.06,0,22.06,2000,22.06,1985,22.06,1986,22.06,1990,22.06,0,22.06,0,22.06,0,22.06,0,22.06,2001,22.06,2001,22.06,2001,22.06,2001
22.07,0,22.07,0,22.07,0,22.07,0,22.07,2002,22.07,2008,22.07,2082,22.07,1988,22.07,0,22.07,0,22.07,0,22.07,0,22.07,2001,22.07,2001,22.07,2001,22.07,2001
22.08,0,22.08,0,22.08,0,22.08,0,22.08,1961,22.08,1988,22.08,1996,22.08,2007,22.08,0,22.08,0,22.08,0,22.08,0,22.08,2001,22.08,2001,22.08,2001,22.08,2001
22.09,0,22.09,0,22.09,0,22.09,0,22.09,1986,22.09,1950,22.09,1981,22.09,1990,22.09,0,22.09,0,22.09,0,22.09,0,22.09,2001,22.09,2001,22.09,2001,22.09,2001
22.1,0,22.1,0,22.1,0,22.1,0,22.1,2006,22.1,1990,22.1,1984,22.1,1987,22.1,0,22.1,0,22.1,0,22.1,0,22.1,2001,22.1,2001,22.1,2001,22.1,2001
22.11,0,22.11,0,22.11,0,22.11,0,22.11,1983,22.11,1982,22.11,2008,22.11,2025,22.11,0,22.11,0,22.11,0,22.11,0,22.11,2001,22.11,2001,22.11,2001,22.11,2001
22.12,0,22.12,0,22.12,0,22.12,0,22.12,1990,22.12,2116,22.12,2019,22.12,1996,22.12,0,22.12,0,22.12,0,22.12,0,22.12,2001,22.12,2001,22.12,2001,22.12,2001
22.13,0,22.13,0,22.13,0,22.13,0,22.13,1978,22.13,1988,22.13,1989,22.13,2080,22.13,0,22.13,0,22.13,0,22.13,0,22.13,2001,22.13,2001,22.13,2001,22.13,2001
22.14,0,22.14,0,22.14,0,22.14,0,22.14,2040,22.14,2057,22.14,1951,22.14,2060,22.14,0,22.14,0,22.14,0,22.14,0,22.14,2001,22.14,2001,22.14,2001,22.14,2001
22.15,0,22.15,0,22.15,0,22.15,0,22.15,2016,22.15,2012,22.15,2016,22.15,2028,22.15,0,22.15,0,22.15,0,22.15,0,22.15,2001,22.15,2001,22.15,2001,22.15,2001
22.16,0,22.16,0,22.16,0,22.16,0,22.16,2028,22.16,1990,22.16,1996,22.16,1986,22.16,0,22.16,0,22.16,0,22.16,0,22.16,2001,22.16,2001,22.16,2001,22.16,2001
22.17,0,22.17,0,22.17,0,22.17,0,22.17,1991,22.17,1982,22.17,2167,22.17,2022,22.17,0,22.17,0,22.17,0,22.17,0,22.17,2001,22.17,2001,22.17,2001,22.17,2001
22.18,0,22.18,0,22.18,0,22.18,0,22.18,2131,22.18,1988,22.18,1971,22.18,1998,22.18,0,22.18,0,22.18,0,22.18,0,22.18,2001,22.18,2001,22.18,2001,22.18,2001
22.19,0,22.19,0,22.19,0,22.19,0,22.19,1988,22.19,2132,22.19,1985,22.19,1967,22.19,0,22.19,0,22.19,0,22.19,0,22.19,2001,22.19,2001,22.19,2001,22.19,2001
22.2,0,22.2,0,22.2,0,22.2,0,22.2,1976,22.2,1985,22.2,2011,22.2,2005,22.2,0,22.2,0,22.2,0,22.2,0,22.2,2001,22.2,2001,22.2,2001,22.2,2001
22.21,0,22.21,0,22.21,0,22.21,0,22.21,1965,22.21,1992,22.21,1949,22.21,1989,22.21,0,22.21,0,22.21,0,22.21,0,22.21,2001,22.21,2001,22.21,2001,22.21,2001
22.22,0,22.22,0,22.22,0,22.22,0,22.22,1999,22.22,2012,22.22,2026,22.22,1968,22.22,0,22.22,0,22.22,0,22.22,0,22.22,2001,22.22,2001,22.22,2001,22.22,2001
22.23,0,22.23,0,22.23,0,22.23,0,22.23,2003,22.23,1952,22.23,1976,22.23,2036,22.23,0,22.23,0,22.23,0,22.23,0,22.23,2001,22.23,2001,22.23,2001,22.23,2001
22.24,0,22.24,0,22.24,0,22.24,0,22.24,2011,22.24,1980,22.24,2008,22.24,2017,22.24,0,22.24,0,22.24,0,22.24,0,22.24,2001,22.24,2001,22.24,2001,22.24,2001
22.25,0,22.25,0,22.25,0,22.25,0,22.25,2006,22.25,2024,22.25,1984,22.25,2031,22.25,0,22.25,0,22.25,0,22.25,0,22.25,2001,22.25,2001,22.25,2001,22.25,2001
22.26,0,22.26,0,22.26,0,22.26,0,22.26,1987,22.26,1994,22.26,2000,22.26,1948,22.26,0,22.26,0,22.26,0,22.26,0,22.26,2001,22.26,2001,22.26,2001,22.26,2001
22.27,0,22.27,0,22.27,0,22.27,0,22.27,1990,22.27,1943,22.27,2010,22.27,1991,22.27,0,22.27,0,22.27,0,22.27,0,22.27,2001,22.27,2001,22.27,2001,22.27,2001
22.28,0,22.28,0,22.28,0,22.28,0,22.28,2012,22.28,1937,22.28,2018,22.28,1970,22.28,0,22.28,0,22.28,0,22.28,0,22.28,2001,22.28,2001,22.28,2001,22.28,2001
22.29,0,22.29,0,22.29,0,22.29,0,22.29,2008,22.29,2014,22.29,2021,22.29,1976,22.29,0,22.29,0,22.29,0,22.29,0,22.29,2001,22.29,2001,22.29,2001,22.29,2001
22.3,0,22.3,0,22.3,0,22.3,0,22.3,1993,22.3,1997,22.3,1998,22.3,1987,22.3,0,22.3,0,22.3,0,22.3,0,22.3,2001,22.3,2001,22.3,2001,22.3,2001
22.31,0,22.31,0,22.31,0,22.31,0,22.31,2033,22.31,1992,22.31,1992,22.31,1975,22.31,0,22.31,0,22.31,0,22.31,0,22.31,2001,22.31,2001,22.31,2001,22.31,2001
22.32,0,22.32,0,22.32,0,22.32,0,22.32,1951,22.32,2011,22.32,2007,22.32,2013,22.32,0,22.32,0,22.32,0,22.32,0,22.32,2001,22.32,2001,22.32,2001,22.32,2001
22.33,0,22.33,0,22.33,0,22.33,0,22.33,1995,22.33,2001,22.33,2064,22.33,1974,22.33,0,22.33,0,22.33,0,22.33,0,22.33,2001,22.33,2001,22.33,2001,22.33,2001
22.34,0,22.34,0,22.34,0,22.34,0,22.34,2010,22.34,1988,22.34,1990,22.34,1942,22.34,0,22.34,0,22.34,0,22.34,0,22.34,2001,22.34,2001,22.34,2001,22.34,2001
22.35,0,22.35,0,22.35,0,22.35,0,22.35,2012,22.35,2000,22.35,2018,22.35,1995,22.35,0,22.35,0,22.35,0,22.35,0,22.35,2001,22.35,2001,22.35,2001,22.35,2001
22.36,0,22.36,0,22.36,0,22.36,0,22.36,1991,22.36,2005,22.36,2026,22.36,1992,22.36,0,22.36,0,22.36,0,22.36,0,22.36,2001,22.36,2001,22.36,2001,22.36,2001
22.37,0,22.37,0,22.37,0,22.37,0,22.37,2062,22.37,1964,22.37,1991,22.37,1985,22.37,0,22.37,0,22.37,0,22.37,0,22.37,2001,22.37,2001,22.37,2001,22.37,2001
22.38,0,22.38,0,22.38,0,22.38,0,22.38,1973,22.38,1998,22.38,1974,22.38,2008,22.38,0,22.38,0,22.38,0,22.38,0,22.38,2001,22.38,2001,22.38,2001,22.38,2001
22.39,0,22.39,0,22.39,0,22.39,0,22.39,1997,22.39,2122,22.39,1998,22.39,2050,22.39,0,22.39,0,22.39,0,22.39,0,22.39,2001,22.39,2001,22.39,2001,22.39,2001
22.4,0,22.4,0,22.4,0,22.4,0,22.4,1978,22.4,1976,22.4,1986,22.4,1976,22.4,0,22.4,0,22.4,0,22.4,0,22.4,2001,22.4,2001,22.4,2001,22.4,2001
22.41,0,22.41,0,22.41,0,22.41,0,22.41,2162,22.41,1951,22.41,1982,22.41,2000,22.41,0,22.41,0,22.41,0,22.41,0,22.41,2001,22.41,2001,22.41,2001,22.41,2001
22.42,0,22.42,0,22.42,0,22.42,0,22.42,1948,22.42,2005,22.42,1949,22.42,1993,22.42,0,22.42,0,22.42,0,22.42,0,22.42,2001,22.42,2001,22.42,2001,22.42,2001
22.43,0,22.43,0,22.43,0,22.43,0,22.43,1972,22.43,1987,22.43,1949,22.43,1981,22.43,0,22.43,0,22.43,0,22.43,0,22.43,2001,22.43,2001,22.43,2001,22.43,2001
22.44,0,22.44,0,22.44,0,22.44,0,22.44,2000,22.44,1989,22.44,1992,22.44,1985,22.44,0,22.44,0,22.44,0,22.44,0,22.44,2001,22.44,2001,22.44,2001,22.44,2001
22.45,0,22.45,0,22.45,0,22.45,0,22.45,1993,22.45,1996,22.45,2012,22.45,2000,22.45,0,22.45,0,22.45,0,22.45,0,22.45,2001,22.45,2001,22.45,2001,22.45,2001
22.46,0,22.46,0,22.46,0,22.46,0,22.46,1966,22.46,1996,22.46,1992,22.46,1989,22.46,0,22.46,0,22.46,0,22.46,0,22.46,2001,22.46,2001,22.46,2001,22.46,2001
22.47,0,22.47,0,22.47,0,22.47,0,22.47,1988,22.47,2001,22.47,1997,22.47,1997,22.47,0,22.47,0,22.47,0,22.47,0,22.47,2001,22.47,2001,22.47,2001,22.47,2001
22.48,0,22.48,0,22.48,0,22.48,0,22.48,2000,22.48,1965,22.48,2037,22.48,1994,22.48,0,22.48,0,22.48,0,22.48,0,22.48,2001,22.48,2001,22.48,2001,22.48,2001
22.49,0,22.49,0,22.49,0,22.49,0,22.49,2004,22.49,2003,22.49,2092,22.49,1988,22.49,0,22.49,0,22.49,0,22.49,0,22.49,2001,22.49,2001,22.49,2001,22.49,2001
22.5,0,22.5,0,22.5,0,22.5,0,22.5,2010,22.5,2012,22.5,2000,22.5,2004,22.5,0,22.5,0,22.5,0,22.5,0,22.5,2001,22.5,2001,22.5,2001,22.5,2001
22.51,0,22.51,0,22.51,0,22.51,0,22.51,2007,22.51,2081,22.51,2008,22.51,1992,22.51,0,22.51,0,22.51,0,22.51,0,22.51,2001,22.51,2001,22.51,2001,22.51,2001
22.52,0,22.52,0,22.52,0,22.52,0,22.52,2009,22.52,1982,22.52,2018,22.52,1960,22.52,0,22.52,0,22.52,0,22.52,0,22.52,2001,22.52,2001,22.52,2001,22.52,2001
22.53,0,22.53,0,22.53,0,22.53,0,22.53,1994,22.53,2066,22.53,1950,22.53,1990,22.53,0,22.53,0,22.53,0,22.53,0,22.53,2001,22.53,2001,22.53,2001,22.53,2001
22.54,0,22.54,0,22.54,0,22.54,0,22.54,1994,22.54,2011,22.54,1982,22.54,1998,22.54,0,22.54,0,22.54,0,22.54,0,22.54,2001,22.54,2001,22.54,2001,22.54,2001
22.55,0,22.55,0,22.55,0,22.55,0,22.55,1995,22.55,2105,22.55,2008,22.55,1978,22.55,0,22.55,0,22.55,0,22.55,0,22.55,2001,22.55,2001,22.55,2001,22.55,2001
22.56,0,22.56,0,22.56,0,22.56,0,22.56,2052,22.56,1994,22.56,1981,22.56,1991,22.56,0,22.56,0,22.56,0,22.56,0,22.56,2001,22.56,2001,22.56,2001,22.56,2001
22.57,0,22.57,0,22.57,0,22.57,0,22.57,1981,22.57,2035,22.57,2006,22.57,2003,22.57,0,22.57,0,22.57,0,22.57,0,22.57,2001,22.57,2001,22.57,2001,22.57,2001
22.58,0,22.58,0,22.58,0,22.58,0,22.58,1967,22.58,1990,22.58,1998,22.58,1992,22.58,0,22.58,0,22.58,0,22.58,0,22.58,2001,22.58,2001,22.58,2001,22.58,2001
22.59,0,22.59,0,22.59,0,22.59,0,22.59,1998,22.59,1984,22.59,2069,22.59,2002,22.59,0,22.59,0,22.59,0,22.59,0,22.59,2001,22.59,2001,22.59,2001,22.59,2001
22.6,0,22.6,0,22.6,0,22.6,0,22.6,1979,22.6,2027,22.6,2005,22.6,1999,22.6,0,22.6,0,22.6,0,22.6,0,22.6,2001,22.6,2001,22.6,2001,22.6,2001
22.61,0,22.61,0,22.61,0,22.61,0,22.61,1994,22.61,1994,22.61,1987,22.61,2041,22.61,0,22.61,0,22.61,0,22.61,0,22.61,2001,22.61,2001,22.61,2001,22.61,2001
22.62,0,22.62,0,22.62,0,22.62,0,22.62,2009,22.62,1954,22.62,1968,22.62,1994,22.62,0,22.62,0,22.62,0,22.62,0,22.62,2001,22.62,2001,22.62,2001,22.62,2001
22.63,0,22.63,0,22.63,0,22.63,0,22.63,1989,22.63,2024,22.63,2012,22.63,1998,22.63,0,22.63,0,22.63,0,22.63,0,22.63,2001,22.63,2001,22.63,2001,22.63,2001
22.64,0,22.64,0,22.64,0,22.64,0,22.64,2013,22.64,2064,22.64,1990,22.64,1992,22.64,0,22.64,0,22.64,0,22.64,0,22.64,2001,22.64,2001,22.64,2001,22.64,2001
22.65,0,22.65,0,22.65,0,22.65,0,22.65,2013,22.65,2011,22.65,2015,22.65,2011,22.65,0,22.65,0,22.65,0,22.65,0,22.65,2001,22.65,2001,22.65,2001,22.65,2001
22.66,0,22.66,0,22.66,0,22.66,0,22.66,2000,22.66,2119,22.66,1937,22.66,2016,22.66,0,22.66,0,22.66,0,22.66,0,22.66,2001,22.66,2001,22.66,2001,22.66,2001
22.67,0,22.67,0,22.67,0,22.67,0,22.67,2041,22.67,1982,22.67,1988,22.67,2025,22.67,0,22.67,0,22.67,0,22.67,0,22.67,2001,22.67,2001,22.67,2001,22.67,2001
22.68,0,22.68,0,22.68,0,22.68,0,22.68,1970,22.68,2013,22.68,1994,22.68,2035,22.68,0,22.68,0,22.68,0,22.68,0,22.68,2001,22.68,2001,22.68,2001,22.68,2001
22.69,0,22.69,0,22.69,0,22.69,0,22.69,1927,22.69,1996,22.69,1992,22.69,1989,22.69,0,22.69,0,22.69,0,22.69,0,22.69,2001,22.69,2001,22.69,2001,22.69,2001
22.7,0,22.7,0,22.7,0,22.7,0,22.7,2029,22.7,1968,22.7,1983,22.7,1936,22.7,0,22.7,0,22.7,0,22.7,0,22.7,2001,22.7,2001,22.7,2001,22.7,2001
22.71,0,22.71,0,22.71,0,22.71,0,22.71,2013,22.71,1988,22.71,1980,22.71,1990,22.71,0,22.71,0,22.71,0,22.71,0,22.71,2001,22.71,2001,22.71,2001,22.71,2001
22.72,0,22.72,0,22.72,0,22.72,0,22.72,1989,22.72,2034,22.72,1967,22.72,1999,22.72,0,22.72,0,22.72,0,22.72,0,22.72,2001,22.72,2001,22.72,2001,22.72,2001
22.73,0,22.73,0,22.73,0,22.73,0,22.73,2120,22.73,1974,22.73,1993,22.73,1987,22.73,0,22.73,0,22.73,0,22.73,0,22.73,2001,22.73,2001,22.73,2001,22.73,2001
22.74,0,22.74,0,22.74,0,22.74,0,22.74,1931,22.74,1990,22.74,2004,22.74,1985,22.74,0,22.74,0,22.74,0,22.74,0,22.74,2001,22.74,2001,22.74,2001,22.74,2001
22.75,0,22.75,0,22.75,0,22.75,0,22.75,1963,22.75,1982,22.75,1993,22.75,2004,22.75,0,22.75,0,22.75,0,22.75,0,22.75,2001,22.75,2001,22.75,2001,22.75,2001
22.76,0,22.76,0,22.76,0,22.76,0,22.76,1999,22.76,2003,22.76,1995,22.76,2009,22.76,0,22.76,0,22.76,0,22.76,0,22.76,2001,22.76,2001,22.76,2001,22.76,2001
22.77,0,22.77,0,22.77,0,22.77,0,22.77,2009,22.77,1985,22.77,2016,22.77,2040,22.77,0,22.77,0,22.77,0,22.77,0,22.77,2001,22.77,2001,22.77,2001,22.77,2001
22.78,0,22.78,0,22.78,0,22.78,0,22.78,1993,22.78,2006,22.78,1958,22.78,2018,22.78,0,22.78,0,22.78,0,22.78,0,22.78,2001,22.78,2001,22.78,2001,22.78,2001
22.79,0,22.79,0,22.79,0,22.79,0,22.79,2014,22.79,2008,22.79,2022,22.79,1979,22.79,0,22.79,0,22.79,0,22.79,0,22.79,2001,22.79,2001,22.79,2001,22.79,2001
22.8,0,22.8,0,22.8,0,22.8,0,22.8,2016,22.8,1961,22.8,1970,22.8,2022,22.8,0,22.8,0,22.8,0,22.8,0,22.8,2001,22.8,2001,22.8,2001,22.8,2001
22.81,0,22.81,0,22.81,0,22.81,0,22.81,1988,22.81,1987,22.81,1990,22.81,2020,22.81,0,22.81,0,22.81,0,22.81,0,22.81,2001,22.81,2001,22.81,2001,22.81,2001
22.82,0,22.82,0,22.82,0,22.82,0,22.82,1990,22.82,1997,22.82,1974,22.82,2010,22.82,0,22.82,0,22.82,0,22.82,0,22.82,2001,22.82,2001,22.82,2001,22.82,2001
22.83,0,22.83,0,22.83,0,22.83,0,22.83,2030,22.83,2005,22.83,1980,22.83,1984,22.83,0,22.83,0,22.83,0,22.83,0,22.83,2001,22.83,2001,22.83,2001,22.83,2001
22.84,0,22.84,0,22.84,0,22.84,0,22.84,2003,22.84,2015,22.84,1966,22.84,2047,22.84,0,22.84,0,22.84,0,22.84,0,22.84,2001,22.84,2001,22.84,2001,22.84,2001
22.85,0,22.85,0,22.85,0,22.85,0,22.85,1985,22.85,1981,22.85,1982,22.85,1996,22.85,0,22.85,0,22.85,0,22.85,0,22.85,2001,22.85,2001,22.85,2001,22.85,2001
22.86,0,22.86,0,22.86,0,22.86,0,22.86,2001,22.86,2005,22.86,1982,22.86,2003,22.86,0,22.86,0,22.86,0,22.86,0,22.86,2001,22.86,2001,22.86,2001,22.86,2001
22.87,0,22.87,0,22.87,0,22.87,0,22.87,1973,22.87,1984,22.87,2010,22.87,2041,22.87,0,22.87,0,22.87,0,22.87,0,22.87,2001,22.87,2001,22.87,2001,22.87,2001
22.88,0,22.88,0,22.88,0,22.88,0,22.88,2002,22.88,1967,22.88,2006,22.88,1983,22.88,0,22.88,0,22.88,0,22.88,0,22.88,2001,22.88,2001,22.88,2001,22.88,2001
22.89,0,22.89,0,22.89,0,22.89,0,22.89,2006,22.89,2005,22.89,2026,22.89,1973,22.89,0,22.89,0,22.89,0,22.89,0,22.89,2001,22.89,2001,22.89,2001,22.89,2001
22.9,0,22.9,0,22.9,0,22.9,0,22.9,2001,22.9,1980,22.9,1978,22.9,2034,22.9,0,22.9,0,22.9,0,22.9,0,22.9,2001,22.9,2001,22.9,2001,22.9,2001
22.91,0,22.91,0,22.91,0,22.91,0,22.91,1993,22.91,2018,22.91,2027,22.91,2000,22.91,0,22.91,0,22.91,0,22.91,0,22.91,2001,22.91,2001,22.91,2001,22.91,2001
22.92,0,22.92,0,22.92,0,22.92,0,22.92,1977,22.92,1997,22.92,1920,22.92,1993,22.92,0,22.92,0,22.92,0,22.92,0,22.92,2001,22.92,2001,22.92,2001,22.92,2001
22.93,0,22.93,0,22.93,0,22.93,0,22.93,2006,22.93,2068,22.93,1961,22.93,2030,22.93,0,22.93,0,22.93,0,22.93,0,22.93,2001,22.93,2001,22.93,2001,22.93,2001
22.94,0,22.94,0,22.94,0,22.94,0,22.94,2053,22.94,2104,22.94,2010,22.94,2020,22.94,0,22.94,0,22.94,0,22.94,0,22.94,2001,22.94,2001,22.94,2001,22.94,2001
22.95,0,22.95,0,22.95,0,22.95,0,22.95,2000,22.95,1984,22.95,2020,22.95,2030,22.95,0,22.95,0,22.95,0,22.95,0,22.95,2001,22.95,2001,22.95,2001,22.95,2001
22.96,0,22.96,0,22.96,0,22.96,0,22.96,1997,22.96,2002,22.96,1978,22.96,2035,22.96,0,22.96,0,22.96,0,22.96,0,22.96,2001,22.96,2001,22.96,2001,22.96,2001
22.97,0,22.97,0,22.97,0,22.97,0,22.97,1998,22.97,2022,22.97,1997,22.97,2018,22.97,0,22.97,0,22.97,0,22.97,0,22.97,2001,22.97,2001,22.97,2001,22.97,2001
22.98,0,22.98,0,22.98,0,22.98,0,22.98,2007,22.98,2052,22.98,2037,22.98,1982,22.98,0,22.98,0,22.98,0,22.98,0,22.98,2001,22.98,2001,22.98,2001,22.98,2001
22.99,0,22.99,0,22.99,0,22.99,0,22.99,1980,22.99,2034,22.99,1947,22.99,2020,22.99,0,22.99,0,22.99,0,22.99,0,22.99,2001,22.99,2001,22.99,2001,22.99,2001
23,0,23,0,23,0,23,0,23,1990,23,2008,23,2004,23,2062,23,0,23,0,23,0,23,0,23,2001,23,2001,23,2001,23,2001
23.01,0,23.01,0,23.01,0,23.01,0,23.01,2027,23.01,2000,23.01,2019,23.01,1938,23.01,0,23.01,0,23.01,0,23.01,0,23.01,2001,23.01,2001,23.01,2001,23.01,2001
23.02,0,23.02,0,23.02,0,23.02,0,23.02,2034,23.02,1990,23.02,1975,23.02,1975,23.02,0,23.02,0,23.02,0,23.02,0,23.02,2001,23.02,2001,23.02,2001,23.02,2001
23.03,0,23.03,0,23.03,0,23.03,0,23.03,1996,23.03,1995,23.03,2002,23.03,1981,23.03,0,23.03,0,23.03,0,23.03,0,23.03,2001,23.03,2001,23.03,2001,23.03,2001
23.04,0,23.04,0,23.04,0,23.04,0,23.04,2199,23.04,2031,23.04,2017,23.04,1982,23.04,0,23.04,0,23.04,0,23.04,0,23.04,2001,23.04,2001,23.04,2001,23.04,2001
23.05,0,23.05,0,23.05,0,23.05,0,23.05,2019,23.05,2010,23.05,1984,23.05,2009,23.05,0,23.05,0,23.05,0,23.05,0,23.05,2001,23.05,2001,23.05,2001,23.05,2001
23.06,0,23.06,0,23.06,0,23.06,0,23.06,1986,23.06,1956,23.06,2005,23.06,1991,23.06,0,23.06,0,23.06,0,23.06,0,23.06,2001,23.06,2001,23.06,2001,23.06,2001
23.07,0,23.07,0,23.07,0,23.07,0,23.07,2002,23.07,1922,23.07,1997,23.07,1999,23.07,0,23.07,0,23.07,0,23.07,0,23.07,2001,23.07,2001,23.07,2001,23.07,2001
23.08,0,23.08,0,23.08,0,23.08,0,23.08,2004,23.08,2017,23.08,1974,23.08,2050,23.08,0,23.08,0,23.08,0,23.08,0,23.08,2001,23.08,2001,23.08,2001,23.08,2001
23.09,0,23.09,0,23.09,0,23.09,0,23.09,2016,23.09,1990,23.09,2010,23.09,2014,23.09,0,23.09,0,23.09,0,23.09,0,23.09,2001,23.09,2001,23.09,2001,23.09,2001
23.1,0,23.1,0,23.1,0,23.1,0,23.1,1988,23.1,1994,23.1,2011,23.1,1983,23.1,0,23.1,0,23.1,0,23.1,0,23.1,2001,23.1,2001,23.1,2001,23.1,2001
23.11,0,23.11,0,23.11,0,23.11,0,23.11,1988,23.11,1989,23.11,1983,23.11,1998,23.11,0,23.11,0,23.11,0,23.11,0,23.11,2001,23.11,2001,23.11,2001,23.11,2001
23.12,0,23.12,0,23.12,0,23.12,0,23.12,1938,23.12,2025,23.12,1987,23.12,2018,23.12,0,23.12,0,23.12,0,23.12,0,23.12,2001,23.12,2001,23.12,2001,23.12,2001
23.13,0,23.13,0,23.13,0,23.13,0,23.13,1985,23.13,2019,23.13,2020,23.13,2022,23.13,0,23.13,0,23.13,0,23.13,0,23.13,2001,23.13,2001,23.13,2001,23.13,2001
23.14,0,23.14,0,23.14,0,23.14,0,23.14,1992,23.14,1964,23.14,1994,23.14,2008,23.14,0,23.14,0,23.14,0,23.14,0,23.14,2001,23.14,2001,23.14,2001,23.14,2001
23.15,0,23.15,0,23.15,0,23.15,0,23.15,1982,23.15,1994,23.15,1996,23.15,2016,23.15,0,23.15,0,23.15,0,23.15,0,23.15,2001,23.15,2001,23.15,2001,23.15,2001
23.16,0,23.16,0,23.16,0,23.16,0,23.16,2001,23.16,2115,23.16,1959,23.16,1993,23.16,0,23.16,0,23.16,0,23.16,0,23.16,2001,23.16,2001,23.16,2001,23.16,2001
23.17,0,23.17,0,23.17,0,23.17,0,23.17,1967,23.17,2011,23.17,1963,23.17,2029,23.17,0,23.17,0,23.17,0,23.17,0,23.17,2001,23.17,2001,23.17,2001,23.17,2001
23.18,0,23.18,0,23.18,0,23.18,0,23.18,1978,23.18,2027,23.18,1988,23.18,2013,23.18,0,23.18,0,23.18,0,23.18,0,23.18,2001,23.18,2001,23.18,2001,23.18,2001
23.19,0,23.19,0,23.19,0,23.19,0,23.19,1997,23.19,2143,23.19,2055,23.19,1990,23.19,0,23.19,0,23.19,0,23.19,0,23.19,2001,23.19,2001,23.19,2001,23.19,2001
23.2,0,23.2,0,23.2,0,23.2,0,23.2,1982,23.2,1992,23.2,2011,23.2,2030,23.2,0,23.2,0,23.2,0,23.2,0,23.2,2001,23.2,2001,23.2,2001,23.2,2001
23.21,0,23.21,0,23.21,0,23.21,0,23.21,1966,23.21,1992,23.21,2012,23.21,1996,23.21,0,23.21,0,23.21,0,23.21,0,23.21,2001,23.21,2001,23.21,2001,23.21,2001
23.22,0,23.22,0,23.22,0,23.22,0,23.22,2040,23.22,1926,23.22,2097,23.22,1918,23.22,0,23.22,0,23.22,0,23.22,0,23.22,2001,23.22,2001,23.22,2001,23.22,2001
23.23,0,23.23,0,23.23,0,23.23,0,23.23,1981,23.23,2007,23.23,2012,23.23,1982,23.23,0,23.23,0,23.23,0,23.23,0,23.23,2001,23.23,2001,23.23,2001,23.23,2001
23.24,0,23.24,0,23.24,0,23.24,0,23.24,1997,23.24,2028,23.24,1991,23.24,2046,23.24,0,23.24,0,23.24,0,23.24,0,23.24,2001,23.24,2001,23.24,2001,23.24,2001
23.25,0,23.25,0,23.25,0,23.25,0,23.25,2008,23.25,1987,23.25,2014,23.25,1939,23.25,0,23.25,0,23.25,0,23.25,0,23.25,2001,23.25,2001,23.25,2001,23.25,2001
23.26,0,23.26,0,23.26,0,23.26,0,23.26,1990,23.26,2044,23.26,1966,23.26,1944,23.26,0,23.26,0,23.26,0,23.26,0,23.26,2001,23.26,2001,23.26,2001,23.26,2001
23.27,0,23.27,0,23.27,0,23.27,0,23.27,1981,23.27,2008,23.27,1997,23.27,1989,23.27,0,23.27,0,23.27,0,23.27,0,23.27,2001,23.27,2001,23.27,2001,23.27,2001
23.28,0,23.28,0,23.28,0,23.28,0,23.28,1953,23.28,2087,23.28,1997,23.28,2052,23.28,0,23.28,0,23.28,0,23.28,0,23.28,2001,23.28,2001,23.28,2001,23.28,2001
23.29,0,23.29,0,23.29,0,23.29,0,23.29,1990,23.29,2002,23.29,2014,23.29,1978,23.29,0,23.29,0,23.29,0,23.29,0,23.29,2001,23.29,2001,23.29,2001,23.29,2001
23.3,0,23.3,0,23.3,0,23.3,0,23.3,1994,23.3,1980,23.3,1976,23.3,2004,23.3,0,23.3,0,23.3,0,23.3,0,23.3,2001,23.3,2001,23.3,2001,23.3,2001
23.31,0,23.31,0,23.31,0,23.31,0,23.31,1969,23.31,1988,23.31,1934,23.31,2015,23.31,0,23.31,0,23.31,0,23.31,0,23.31,2001,23.31,2001,23.31,2001,23.31,2001
23.32,0,23.32,0,23.32,0,23.32,0,23.32,2006,23.32,1997,23.32,1998,23.32,1996,23.32,0,23.32,0,23.32,0,23.32,0,23.32,2001,23.32,2001,23.32,2001,23.32,2001
23.33,0,23.33,0,23.33,0,23.33,0,23.33,1965,23.33,2117,23.33,1986,23.33,2017,23.33,0,23.33,0,23.33,0,23.33,0,23.33,2001,23.33,2001,23.33,2001,23.33,2001
23.34,0,23.34,0,23.34,0,23.34,0,23.34,2002,23.34,2072,23.34,1954,23.34,1988,23.34,0,23.34,0,23.34,0,23.34,0,23.34,2001,23.34,2001,23.34,2001,23.34,2001
23.35,0,23.35,0,23.35,0,23.35,0,23.35,1957,23.35,1975,23.35,1992,23.35,1974,23.35,0,23.35,0,23.35,0,23.35,0,23.35,2001,23.35,2001,23.35,2001,23.35,2001
23.36,0,23.36,0,23.36,0,23.36,0,23.36,1998,23.36,2004,23.36,2066,23.36,2012,23.36,0,23.36,0,23.36,0,23.36,0,23.36,2001,23.36,2001,23.36,2001,23.36,2001
23.37,0,23.37,0,23.37,0,23.37,0,23.37,2028,23.37,1964,23.37,2000,23.37,1994,23.37,0,23.37,0,23.37,0,23.37,0,23.37,2001,23.37,2001,23.37,2001,23.37,2001
23.38,0,23.38,0,23.38,0,23.38,0,23.38,1972,23.38,1994,23.38,1985,23.38,2007,23.38,0,23.38,0,23.38,0,23.38,0,23.38,2001,23.38,2001,23.38,2001,23.38,2001
23.39,0,23.39,0,23.39,0,23.39,0,23.39,1929,23.39,2007,23.39,2091,23.39,2027,23.39,0,23.39,0,23.39,0,23.39,0,23.39,2001,23.39,2001,23.39,2001,23.39,2001
23.4,0,23.4,0,23.4,0,23.4,0,23.4,2117,23.4,2010,23.4,1994,23.4,1980,23.4,0,23.4,0,23.4,0,23.4,0,23.4,2001,23.4,2001,23.4,2001,23.4,2001
23.41,0,23.41,0,23.41,0,23.41,0,23.41,1990,23.41,1972,23.41,1980,23.41,1994,23.41,0,23.41,0,23.41,0,23.41,0,23.41,2001,23.41,2001,23.41,2001,23.41,2001
23.42,0,23.42,0,23.42,0,23.42,0,23.42,1980,23.42,2012,23.42,2065,23.42,1998,23.42,0,23.42,0,23.42,0,23.42,0,23.42,2001,23.42,2001,23.42,2001,23.42,2001
23.43,0,23.43,0,23.43,0,23.43,0,23.43,2002,23.43,1989,23.43,1977,23.43,1986,23.43,0,23.43,0,23.43,0,23.43,0,23.43,2001,23.43,2001,23.43,2001,23.43,2001
23.44,0,23.44,0,23.44,0,23.44,0,23.44,1986,23.44,2116,23.44,1974,23.44,1974,23.44,0,23.44,0,23.44,0,23.44,0,23.44,2001,23.44,2001,23.44,2001,23.44,2001
23.45,0,23.45,0,23.45,0,23.45,0,23.45,1986,23.45,2010,23.45,1967,23.45,1914,23.45,0,23.45,0,23.45,0,23.45,0,23.45,2001,23.45,2001,23.45,2001,23.45,2001
23.46,0,23.46,0,23.46,0,23.46,0,23.46,2003,23.46,1987,23.46,2007,23.46,1982,23.46,0,23.46,0,23.46,0,23.46,0,23.46,2001,23.46,2001,23.46,2001,23.46,2001
23.47,0,23.47,0,23.47,0,23.47,0,23.47,1998,23.47,2016,23.47,1995,23.47,2006,23.47,0,23.47,0,23.47,0,23.47,0,23.47,2001,23.47,2001,23.47,2001,23.47,2001
23.48,0,23.48,0,23.48,0,23.48,0,23.48,1974,23.48,2028,23.48,1974,23.48,2074,23.48,0,23.48,0,23.48,0,23.48,0,23.48,2001,23.48,2001,23.48,2001,23.48,2001
23.49,0,23.49,0,23.49,0,23.49,0,23.49,2000,23.49,2004,23.49,2015,23.49,1980,23.49,0,23.49,0,23.49,0,23.49,0,23.49,2001,23.49,2001,23.49,2001,23.49,2001
23.5,0,23.5,0,23.5,0,23.5,0,23.5,2139,23.5,1996,23.5,2028,23.5,1988,23.5,0,23.5,0,23.5,0,23.5,0,23.5,2001,23.5,2001,23.5,2001,23.5,2001
23.51,0,23.51,0,23.51,0,23.51,0,23.51,1978,23.51,2015,23.51,1992,23.51,2010,23.51,0,23.51,0,23.51,0,23.51,0,23.51,2001,23.51,2001,23.51,2001,23.51,2001
23.52,0,23.52,0,23.52,0,23.52,0,23.52,1987,23.52,2004,23.52,2026,23.52,1986,23.52,0,23.52,0,23.52,0,23.52,0,23.52,2001,23.52,2001,23.52,2001,23.52,2001
23.53,0,23.53,0,23.53,0,23.53,0,23.53,1987,23.53,2094,23.53,1952,23.53,1950,23.53,0,23.53,0,23.53,0,23.53,0,23.53,2001,23.53,2001,23.53,2001,23.53,2001
23.54,0,23.54,0,23.54,0,23.54,0,23.54,1989,23.54,1978,23.54,1930,23.54,2006,23.54,0,23.54,0,23.54,0,23.54,0,23.54,2001,23.54,2001,23.54,2001,23.54,2001
23.55,0,23.55,0,23.55,0,23.55,0,23.55,2124,23.55,1994,23.55,2059,23.55,1923,23.55,0,23.55,0,23.55,0,23.55,0,23.55,2001,23.55,2001,23.55,2001,23.55,2001
23.56,0,23.56,0,23.56,0,23.56,0,23.56,1955,23.56,1973,23.56,1994,23.56,1971,23.56,0,23.56,0,23.56,0,23.56,0,23.56,2001,23.56,2001,23.56,2001,23.56,2001
23.57,0,23.57,0,23.57,0,23.57,0,23.57,1985,23.57,2099,23.57,2048,23.57,1988,23.57,0,23.57,0,23.57,0,23.57,0,23.57,2001,23.57,2001,23.57,2001,23.57,2001
23.58,0,23.58,0,23.58,0,23.58,0,23.58,1991,23.58,2002,23.58,2068,23.58,1983,23.58,0,23.58,0,23.58,0,23.58,0,23.58,2001,23.58,2001,23.58,2001,23.58,2001
23.59,0,23.59,0,23.59,0,23.59,0,23.59,1989,23.59,2074,23.59,2049,23.59,1937,23.59,0,23.59,0,23.59,0,23.59,0,23.59,2001,23.59,2001,23.59,2001,23.59,2001
23.6,0,23.6,0,23.6,0,23.6,0,23.6,1971,23.6,2038,23.6,2034,23.6,2004,23.6,0,23.6,0,23.6,0,23.6,0,23.6,2001,23.6,2001,23.6,2001,23.6,2001
23.61,0,23.61,0,23.61,0,23.61,0,23.61,2033,23.61,1974,23.61,2012,23.61,1956,23.61,0,23.61,0,23.61,0,23.61,0,23.61,2001,23.61,2001,23.61,2001,23.61,2001
23.62,0,23.62,0,23.62,0,23.62,0,23.62,1997,23.62,1950,23.62,1992,23.62,1997,23.62,0,23.62,0,23.62,0,23.62,0,23.62,2001,23.62,2001,23.62,2001,23.62,2001
23.63,0,23.63,0,23.63,0,23.63,0,23.63,2080,23.63,1994,23.63,1987,23.63,2028,23.63,0,23.63,0,23.63,0,23.63,0,23.63,2001,23.63,2001,23.63,2001,23.63,2001
23.64,0,23.64,0,23.64,0,23.64,0,23.64,2065,23.64,1992,23.64,2044,23.64,1983,23.64,0,23.64,0,23.64,0,23.64,0,23.64,2001,23.64,2001,23.64,2001,23.64,2001
23.65,0,23.65,0,23.65,0,23.65,0,23.65,1991,23.65,2000,23.65,2001,23.65,2008,23.65,0,23.65,0,23.65,0,23.65,0,23.65,2001,23.65,2001,23.65,2001,23.65,2001
23.66,0,23.66,0,23.66,0,23.66,0,23.66,2028,23.66,2071,23.66,1976,23.66,1997,23.66,0,23.66,0,23.66,0,23.66,0,23.66,2001,23.66,2001,23.66,2001,23.66,2001
23.67,0,23.67,0,23.67,0,23.67,0,23.67,2005,23.67,1970,23.67,2061,23.67,1991,23.67,0,23.67,0,23.67,0,23.67,0,23.67,2001,23.67,2001,23.67,2001,23.67,2001
23.68,0,23.68,0,23.68,0,23.68,0,23.68,1992,23.68,1985,23.68,2022,23.68,2020,23.68,0,23.68,0,23.68,0,23.68,0,23.68,2001,23.68,2001,23.68,2001,23.68,2001
23.69,0,23.69,0,23.69,0,23.69,0,23.69,1981,23.69,2163,23.69,1968,23.69,2019,23.69,0,23.69,0,23.69,0,23.69,0,23.69,2001,23.69,2001,23.69,2001,23.69,2001
23.7,0,23.7,0,23.7,0,23.7,0,23.7,1985,23.7,1994,23.7,1972,23.7,1956,23.7,0,23.7,0,23.7,0,23.7,0,23.7,2001,23.7,2001,23.7,2001,23.7,2001
23.71,0,23.71,0,23.71,0,23.71,0,23.71,1998,23.71,1981,23.71,2010,23.71,1980,23.71,0,23.71,0,23.71,0,23.71,0,23.71,2001,23.71,2001,23.71,2001,23.71,2001
23.72,0,23.72,0,23.72,0,23.72,0,23.72,2000,23.72,1996,23.72,1983,23.72,2095,23.72,0,23.72,0,23.72,0,23.72,0,23.72,2001,23.72,2001,23.72,2001,23.72,2001
23.73,0,23.73,0,23.73,0,23.73,0,23.73,1999,23.73,2006,23.73,2100,23.73,2080,23.73,0,23.73,0,23.73,0,23.73,0,23.73,2001,23.73,2001,23.73,2001,23.73,2001
23.74,0,23.74,0,23.74,0,23.74,0,23.74,2058,23.74,1983,23.74,2033,23.74,1968,23.74,0,23.74,0,23.74,0,23.74,0,23.74,2001,23.74,2001,23.74,2001,23.74,2001
23.75,0,23.75,0,23.75,0,23.75,0,23.75,1990,23.75,2011,23.75,2003,23.75,2000,23.75,0,23.75,0,23.75,0,23.75,0,23.75,2001,23.75,2001,23.75,2001,23.75,2001
23.76,0,23.76,0,23.76,0,23.76,0,23.76,2006,23.76,1992,23.76,1997,23.76,1993,23.76,0,23.76,0,23.76,0,23.76,0,23.76,2001,23.76,2001,23.76,2001,23.76,2001
23.77,0,23.77,0,23.77,0,23.77,0,23.77,2058,23.77,1948,23.77,2065,23.77,1990,23.77,0,23.77,0,23.77,0,23.77,0,23.77,2001,23.77,2001,23.77,2001,23.77,2001
23.78,0,23.78,0,23.78,0,23.78,0,23.78,1992,23.78,2006,23.78,2048,23.78,2014,23.78,0,23.78,0,23.78,0,23.78,0,23.78,2001,23.78,2001,23.78,2001,23.78,2001
23.79,0,23.79,0,23.79,0,23.79,0,23.79,1988,23.79,2004,23.79,1992,23.79,1990,23.79,0,23.79,0,23.79,0,23.79,0,23.79,2001,23.79,2001,23.79,2001,23.79,2001
23.8,0,23.8,0,23.8,0,23.8,0,23.8,2000,23.8,1954,23.8,2011,23.8,2012,23.8,0,23.8,0,23.8,0,23.8,0,23.8,2001,23.8,2001,23.8,2001,23.8,2001
23.81,0,23.81,0,23.81,0,23.81,0,23.81,1985,23.81,1986,23.81,1996,23.81,2016,23.81,0,23.81,0,23.81,0,23.81,0,23.81,2001,23.81,2001,23.81,2001,23.81,2001
23.82,0,23.82,0,23.82,0,23.82,0,23.82,2003,23.82,1976,23.82,1981,23.82,1954,23.82,0,23.82,0,23.82,0,23.82,0,23.82,2001,23.82,2001,23.82,2001,23.82,2001
23.83,0,23.83,0,23.83,0,23.83,0,23.83,2004,23.83,1978,23.83,1999,23.83,1910,23.83,0,23.83,0,23.83,0,23.83,0,23.83,2001,23.83,2001,23.83,2001,23.83,2001
23.84,0,23.84,0,23.84,0,23.84,0,23.84,2065,23.84,1928,23.84,1986,23.84,1982,23.84,0,23.84,0,23.84,0,23.84,0,23.84,2001,23.84,2001,23.84,2001,23.84,2001
23.85,0,23.85,0,23.85,0,23.85,0,23.85,2003,23.85,2094,23.85,1988,23.85,1980,23.85,0,23.85,0,23.85,0,23.85,0,23.85,2001,23.85,2001,23.85,2001,23.85,2001
23.86,0,23.86,0,23.86,0,23.86,0,23.86,1989,23.86,1962,23.86,1996,23.86,1998,23.86,0,23.86,0,23.86,0,23.86,0,23.86,2001,23.86,2001,23.86,2001,23.86,2001
23.87,0,23.87,0,23.87,0,23.87,0,23.87,2098,23.87,1991,23.87,1994,23.87,2063,23.87,0,23.87,0,23.87,0,23.87,0,23.87,2001,23.87,2001,23.87,2001,23.87,2001
23.88,0,23.88,0,23.88,0,23.88,0,23.88,2103,23.88,2024,23.88,1995,23.88,2013,23.88,0,23.88,0,23.88,0,23.88,0,23.88,2001,23.88,2001,23.88,2001,23.88,2001
23.89,0,23.89,0,23.89,0,23.89,0,23.89,1985,23.89,1983,23.89,2080,23.89,1985,23.89,0,23.89,0,23.89,0,23.89,0,23.89,2001,23.89,2001,23.89,2001,23.89,2001
23.9,0,23.9,0,23.9,0,23.9,0,23.9,2030,23.9,2002,23.9,1990,23.9,1996,23.9,0,23.9,0,23.9,0,23.9,0,23.9,2001,23.9,2001,23.9,2001,23.9,2001
23.91,0,23.91,0,23.91,0,23.91,0,23.91,1980,23.91,2012,23.91,1985,23.91,2047,23.91,0,23.91,0,23.91,0,23.91,0,23.91,2001,23.91,2001,23.91,2001,23.91,2001
23.92,0,23.92,0,23.92,0,23.92,0,23.92,2109,23.92,1995,23.92,1993,23.92,1968,23.92,0,23.92,0,23.92,0,23.92,0,23.92,2001,23.92,2001,23.92,2001,23.92,2001
23.93,0,23.93,0,23.93,0,23.93,0,23.93,1968,23.93,1990,23.93,2020,23.93,2032,23.93,0,23.93,0,23.93,0,23.93,0,23.93,2001,23.93,2001,23.93,2001,23.93,2001
23.94,0,23.94,0,23.94,0,23.94,0,23.94,1980,23.94,2009,23.94,2132,23.94,1993,23.94,0,23.94,0,23.94,0,23.94,0,23.94,2001,23.94,2001,23.94,2001,23.94,2001
23.95,0,23.95,0,23.95,0,23.95,0,23.95,2125,23.95,1988,23.95,2056,23.95,1980,23.95,0,23.95,0,23.95,0,23.95,0,23.95,2001,23.95,2001,23.95,2001,23.95,2001
23.96,0,23.96,0,23.96,0,23.96,0,23.96,1968,23.96,1978,23.96,1973,23.96,2014,23.96,0,23.96,0,23.96,0,23.96,0,23.96,2001,23.96,2001,23.96,2001,23.96,2001
23.97,0,23.97,0,23.97,0,23.97,0,23.97,1996,23.97,2013,23.97,1980,23.97,2040,23.97,0,23.97,0,23.97,0,23.97,0,23.97,2001,23.97,2001,23.97,2001,23.97,2001
23.98,0,23.98,0,23.98,0,23.98,0,23.98,2025,23.98,1997,23.98,1993,23.98,1990,23.98,0,23.98,0,23.98,0,23.98,0,23.98,2001,23.98,2001,23.98,2001,23.98,2001
23.99,0,23.99,0,23.99,0,23.99,0,23.99,2011,23.99,2088,23.99,2003,23.99,2017,23.99,0,23.99,0,23.99,0,23.99,0,23.99,2001,23.99,2001,23.99,2001,23.99,2001
24,0,24,0,24,0,24,0,24,2000,24,1997,24,1958,24,1997,24,0,24,0,24,0,24,0,24,2001,24,2001,24,2001,24,2001
24.01,0,24.01,0,24.01,0,24.01,0,24.01,2000,24.01,1962,24.01,1946,24.01,1996,24.01,0,24.01,0,24.01,0,24.01,0,24.01,2001,24.01,2001,24.01,2001,24.01,2001
24.02,0,24.02,0,24.02,0,24.02,0,24.02,1987,24.02,2003,24.02,1993,24.02,2067,24.02,0,24.02,0,24.02,0,24.02,0,24.02,2001,24.02,2001,24.02,2001,24.02,2001
24.03,0,24.03,0,24.03,0,24.03,0,24.03,2042,24.03,2022,24.03,1982,24.03,2012,24.03,0,24.03,0,24.03,0,24.03,0,24.03,2001,24.03,2001,24.03,2001,24.03,2001
24.04,0,24.04,0,24.04,0,24.04,0,24.04,2004,24.04,1957,24.04,1997,24.04,2004,24.04,0,24.04,0,24.04,0,24.04,0,24.04,2001,24.04,2001,24.04,2001,24.04,2001
24.05,0,24.05,0,24.05,0,24.05,0,24.05,1980,24.05,1940,24.05,1994,24.05,2018,24.05,0,24.05,0,24.05,0,24.05,0,24.05,2001,24.05,2001,24.05,2001,24.05,2001
24.06,0,24.06,0,24.06,0,24.06,0,24.06,1985,24.06,2045,24.06,1968,24.06,2010,24.06,0,24.06,0,24.06,0,24.06,0,24.06,2001,24.06,2001,24.06,2001,24.06,2001
24.07,0,24.07,0,24.07,0,24.07,0,24.07,1964,24.07,1988,24.07,1983,24.07,2051,24.07,0,24.07,0,24.07,0,24.07,0,24.07,2001,24.07,2001,24.07,2001,24.07,2001
24.08,0,24.08,0,24.08,0,24.08,0,24.08,2012,24.08,1987,24.08,1993,24.08,2016,24.08,0,24.08,0,24.08,0,24.08,0,24.08,2001,24.08,2001,24.08,2001,24.08,2001
24.09,0,24.09,0,24.09,0,24.09,0,24.09,2022,24.09,2010,24.09,1981,24.09,1997,24.09,0,24.09,0,24.09,0,24.09,0,24.09,2001,24.09,2001,24.09,2001,24.09,2001
24.1,0,24.1,0,24.1,0,24.1,0,24.1,2042,24.1,1996,24.1,1994,24.1,2013,24.1,0,24.1,0,24.1,0,24.1,0,24.1,2001,24.1,2001,24.1,2001,24.1,2001
24.11,0,24.11,0,24.11,0,24.11,0,24.11,1988,24.11,1990,24.11,1990,24.11,2013,24.11,0,24.11,0,24.11,0,24.11,0,24.11,2001,24.11,2001,24.11,2001,24.11,2001
24.12,0,24.12,0,24.12,0,24.12,0,24.12,2009,24.12,1974,24.12,1984,24.12,1987,24.12,0,24.12,0,24.12,0,24.12,0,24.12,2001,24.12,2001,24.12,2001,24.12,2001
24.13,0,24.13,0,24.13,0,24.13,0,24.13,1996,24.13,2031,24.13,1992,24.13,1987,24.13,0,24.13,0,24.13,0,24.13,0,24.13,2001,24.13,2001,24.13,2001,24.13,2001
24.14,0,24.14,0,24.14,0,24.14,0,24.14,1992,24.14,1976,24.14,2005,24.14,2016,24.14,0,24.14,0,24.14,0,24.14,0,24.14,2001,24.14,2001,24.14,2001,24.14,2001
24.15,0,24.15,0,24.15,0,24.15,0,24.15,1999,24.15,2010,24.15,1984,24.15,1992,24.15,0,24.15,0,24.15,0,24.15,0,24.15,2001,24.15,2001,24.15,2001,24.15,2001
24.16,0,24.16,0,24.16,0,24.16,0,24.16,1997,24.16,1986,24.16,1943,24.16,1979,24.16,0,24.16,0,24.16,0,24.16,0,24.16,2001,24.16,2001,24.16,2001,24.16,2001
24.17,0,24.17,0,24.17,0,24.17,0,24.17,1983,24.17,1994,24.17,2051,24.17,2038,24.17,0,24.17,0,24.17,0,24.17,0,24.17,2001,24.17,2001,24.17,2001,24.17,2001
24.18,0,24.18,0,24.18,0,24.18,0,24.18,1964,24.18,2016,24.18,1993,24.18,2001,24.18,0,24.18,0,24.18,0,24.18,0,24.18,2001,24.18,2001,24.18,2001,24.18,2001
24.19,0,24.19,0,24.19,0,24.19,0,24.19,1980,24.19,1966,24.19,2013,24.19,2062,24.19,0,24.19,0,24.19,0,24.19,0,24.19,2001,24.19,2001,24.19,2001,24.19,2001
24.2,0,24.2,0,24.2,0,24.2,0,24.2,1970,24.2,1976,24.2,2013,24.2,2029,24.2,0,24.2,0,24.2,0,24.2,0,24.2,2001,24.2,2001,24.2,2001,24.2,2001
24.21,0,24.21,0,24.21,0,24.21,0,24.21,2044,24.21,1992,24.21,1986,24.21,1958,24.21,0,24.21,0,24.21,0,24.21,0,24.21,2001,24.21,2001,24.21,2001,24.21,2001
24.22,0,24.22,0,24.22,0,24.22,0,24.22,2008,24.22,1977,24.22,1949,24.22,1982,24.22,0,24.22,0,24.22,0,24.22,0,24.22,2001,24.22,2001,24.22,2001,24.22,2001
24.23,0,24.23,0,24.23,0,24.23,0,24.23,1972,24.23,2061,24.23,2005,24.23,2002,24.23,0,24.23,0,24.23,0,24.23,0,24.23,2001,24.23,2001,24.23,2001,24.23,2001
24.24,0,24.24,0,24.24,0,24.24,0,24.24,1990,24.24,2137,24.24,1996,24.24,2038,24.24,0,24.24,0,24.24,0,24.24,0,24.24,2001,24.24,2001,24.24,2001,24.24,2001
24.25,0,24.25,0,24.25,0,24.25,0,24.25,1988,24.25,1990,24.25,1988,24.25,2036,24.25,0,24.25,0,24.25,0,24.25,0,24.25,2001,24.25,2001,24.25,2001,24.25,2001
24.26,0,24.26,0,24.26,0,24.26,0,24.26,2090,24.26,1982,24.26,2050,24.26,1989,24.26,0,24.26,0,24.26,0,24.26,0,24.26,2001,24.26,2001,24.26,2001,24.26,2001
24.27,0,24.27,0,24.27,0,24.27,0,24.27,1966,24.27,2010,24.27,1995,24.27,1993,24.27,0,24.27,0,24.27,0,24.27,0,24.27,2001,24.27,2001,24.27,2001,24.27,2001
24.28,0,24.28,0,24.28,0,24.28,0,24.28,1970,24.28,1957,24.28,2021,24.28,1979,24.28,0,24.28,0,24.28,0,24.28,0,24.28,2001,24.28,2001,24.28,2001,24.28,2001
24.29,0,24.29,0,24.29,0,24.29,0,24.29,1983,24.29,1995,24.29,2013,24.29,1991,24.29,0,24.29,0,24.29,0,24.29,0,24.29,2001,24.29,2001,24.29,2001,24.29,2001
24.3,0,24.3,0,24.3,0,24.3,0,24.3,2048,24.3,2017,24.3,1995,24.3,1998,24.3,0,24.3,0,24.3,0,24.3,0,24.3,2001,24.3,2001,24.3,2001,24.3,2001
24.31,0,24.31,0,24.31,0,24.31,0,24.31,1902,24.31,1979,24.31,2076,24.31,1969,24.31,0,24.31,0,24.31,0,24.31,0,24.31,2001,24.31,2001,24.31,2001,24.31,2001
24.32,0,24.32,0,24.32,0,24.32,0,24.32,1985,24.32,2000,24.32,2013,24.32,1992,24.32,0,24.32,0,24.32,0,24.32,0,24.32,2001,24.32,2001,24.32,2001,24.32,2001
24.33,0,24.33,0,24.33,0,24.33,0,24.33,1998,24.33,2026,24.33,1996,24.33,2000,24.33,0,24.33,0,24.33,0,24.33,0,24.33,2001,24.33,2001,24.33,2001,24.33,2001
24.34,0,24.34,0,24.34,0,24.34,0,24.34,1985,24.34,2025,24.34,1969,24.34,1993,24.34,0,24.34,0,24.34,0,24.34,0,24.34,2001,24.34,2001,24.34,2001,24.34,2001
24.35,0,24.35,0,24.35,0,24.35,0,24.35,1984,24.35,1982,24.35,2025,24.35,1932,24.35,0,24.35,0,24.35,0,24.35,0,24.35,2001,24.35,2001,24.35,2001,24.35,2001
24.36,0,24.36,0,24.36,0,24.36,0,24.36,1986,24.36,2013,24.36,1984,24.36,1994,24.36,0,24.36,0,24.36,0,24.36,0,24.36,2001,24.36,2001,24.36,2001,24.36,2001
24.37,0,24.37,0,24.37,0,24.37,0,24.37,2012,24.37,2063,24.37,1970,24.37,1975,24.37,0,24.37,0,24.37,0,24.37,0,24.37,2001,24.37,2001,24.37,2001,24.37,2001
24.38,0,24.38,0,24.38,0,24.38,0,24.38,1955,24.38,1973,24.38,2015,24.38,2005,24.38,0,24.38,0,24.38,0,24.38,0,24.38,2001,24.38,2001,24.38,2001,24.38,2001
24.39,0,24.39,0,24.39,0,24.39,0,24.39,2012,24.39,2017,24.39,1988,24.39,2008,24.39,0,24.39,0,24.39,0,24.39,0,24.39,2001,24.39,2001,24.39,2001,24.39,2001
24.4,0,24.4,0,24.4,0,24.4,0,24.4,1957,24.4,1966,24.4,2040,24.4,2045,24.4,0,24.4,0,24.4,0,24.4,0,24.4,2001,24.4,2001,24.4,2001,24.4,2001
24.41,0,24.41,0,24.41,0,24.41,0,24.41,2070,24.41,2003,24.41,2028,24.41,2023,24.41,0,24.41,0,24.41,0,24.41,0,24.41,2001,24.41,2001,24.41,2001,24.41,2001
24.42,0,24.42,0,24.42,0,24.42,0,24.42,1977,24.42,2003,24.42,2001,24.42,1996,24.42,0,24.42,0,24.42,0,24.42,0,24.42,2001,24.42,2001,24.42,2001,24.42,2001
24.43,0,24.43,0,24.43,0,24.43,0,24.43,1987,24.43,1994,24.43,1967,24.43,1971,24.43,0,24.43,0,24.43,0,24.43,0,24.43,2001,24.43,2001,24.43,2001,24.43,2001
24.44,0,24.44,0,24.44,0,24.44,0,24.44,1987,24.44,1982,24.44,2045,24.44,1997,24.44,0,24.44,0,24.44,0,24.44,0,24.44,2001,24.44,2001,24.44,2001,24.44,2001
24.45,0,24.45,0,24.45,0,24.45,0,24.45,2000,24.45,2011,24.45,1980,24.45,2000,24.45,0,24.45,0,24.45,0,24.45,0,24.45,2001,24.45,2001,24.45,2001,24.45,2001
24.46,0,24.46,0,24.46,0,24.46,0,24.46,1996,24.46,1956,24.46,1986,24.46,1989,24.46,0,24.46,0,24.46,0,24.46,0,24.46,2001,24.46,2001,24.46,2001,24.46,2001
24.47,0,24.47,0,24.47,0,24.47,0,24.47,1950,24.47,1946,24.47,2008,24.47,2028,24.47,0,24.47,0,24.47,0,24.47,0,24.47,2001,24.47,2001,24.47,2001,24.47,2001
24.48,0,24.48,0,24.48,0,24.48,0,24.48,2032,24.48,1986,24.48,2060,24.48,2037,24.48,0,24.48,0,24.48,0,24.48,0,24.48,2001,24.48,2001,24.48,2001,24.48,2001
24.49,0,24.49,0,24.49,0,24.49,0,24.49,2130,24.49,2031,24.49,1982,24.49,1972,24.49,0,24.49,0,24.49,0,24.49,0,24.49,2001,24.49,2001,24.49,2001,24.49,2001
24.5,0,24.5,0,24.5,0,24.5,0,24.5,2022,24.5,2030,24.5,2023,24.5,1978,24.5,0,24.5,0,24.5,0,24.5,0,24.5,2001,24.5,2001,24.5,2001,24.5,2001
24.51,0,24.51,0,24.51,0,24.51,0,24.51,1958,24.51,2062,24.51,2063,24.51,2023,24.51,0,24.51,0,24.51,0,24.51,0,24.51,2001,24.51,2001,24.51,2001,24.51,2001
24.52,0,24.52,0,24.52,0,24.52,0,24.52,2009,24.52,2007,24.52,2077,24.52,1987,24.52,0,24.52,0,24.52,0,24.52,0,24.52,2001,24.52,2001,24.52,2001,24.52,2001
24.53,0,24.53,0,24.53,0,24.53,0,24.53,1998,24.53,2102,24.53,2068,24.53,2009,24.53,0,24.53,0,24.53,0,24.53,0,24.53,2001,24.53,2001,24.53,2001,24.53,2001
24.54,0,24.54,0,24.54,0,24.54,0,24.54,2048,24.54,2075,24.54,1991,24.54,1989,24.54,0,24.54,0,24.54,0,24.54,0,24.54,2001,24.54,2001,24.54,2001,24.54,2001
24.55,0,24.55,0,24.55,0,24.55,0,24.55,2016,24.55,2072,24.55,1976,24.55,1993,24.55,0,24.55,0,24.55,0,24.55,0,24.55,2001,24.55,2001,24.55,2001,24.55,2001
24.56,0,24.56,0,24.56,0,24.56,0,24.56,2085,24.56,1999,24.56,2014,24.56,2022,24.56,0,24.56,0,24.56,0,24.56,0,24.56,2001,24.56,2001,24.56,2001,24.56,2001
24.57,0,24.57,0,24.57,0,24.57,0,24.57,1975,24.57,1974,24.57,2003,24.57,1990,24.57,0,24.57,0,24.57,0,24.57,0,24.57,2001,24.57,2001,24.57,2001,24.57,2001
24.58,0,24.58,0,24.58,0,24.58,0,24.58,1992,24.58,2033,24.58,1984,24.58,2049,24.58,0,24.58,0,24.58,0,24.58,0,24.58,2001,24.58,2001,24.58,2001,24.58,2001
24.59,0,24.59,0,24.59,0,24.59,0,24.59,1985,24.59,1975,24.59,2006,24.59,2085,24.59,0,24.59,0,24.59,0,24.59,0,24.59,2001,24.59,2001,24.59,2001,24.59,2001
24.6,0,24.6,0,24.6,0,24.6,0,24.6,2129,24.6,2152,24.6,2001,24.6,1946,24.6,0,24.6,0,24.6,0,24.6,0,24.6,2001,24.6,2001,24.6,2001,24.6,2001
24.61,0,24.61,0,24.61,0,24.61,0,24.61,2010,24.61,1990,24.61,1985,24.61,1987,24.61,0,24.61,0,24.61,0,24.61,0,24.61,2001,24.61,2001,24.61,2001,24.61,2001
24.62,0,24.62,0,24.62,0,24.62,0,24.62,1993,24.62,1987,24.62,2016,24.62,1998,24.62,0,24.62,0,24.62,0,24.62,0,24.62,2001,24.62,2001,24.62,2001,24.62,2001
24.63,0,24.63,0,24.63,0,24.63,0,24.63,2029,24.63,2020,24.63,1999,24.63,2008,24.63,0,24.63,0,24.63,0,24.63,0,24.63,2001,24.63,2001,24.63,2001,24.63,2001
24.64,0,24.64,0,24.64,0,24.64,0,24.64,2006,24.64,2013,24.64,2067,24.64,2038,24.64,0,24.64,0,24.64,0,24.64,0,24.64,2001,24.64,2001,24.64,2001,24.64,2001
24.65,0,24.65,0,24.65,0,24.65,0,24.65,1998,24.65,2053,24.65,2049,24.65,1982,24.65,0,24.65,0,24.65,0,24.65,0,24.65,2001,24.65,2001,24.65,2001,24.65,2001
24.66,0,24.66,0,24.66,0,24.66,0,24.66,1980,24.66,1992,24.66,2112,24.66,2027,24.66,0,24.66,0,24.66,0,24.66,0,24.66,2001,24.66,2001,24.66,2001,24.66,2001
24.67,0,24.67,0,24.67,0,24.67,0,24.67,1997,24.67,2000,24.67,1995,24.67,1997,24.67,0,24.67,0,24.67,0,24.67,0,24.67,2001,24.67,2001,24.67,2001,24.67,2001
24.68,0,24.68,0,24.68,0,24.68,0,24.68,1991,24.68,2006,24.68,1994,24.68,1995,24.68,0,24.68,0,24.68,0,24.68,0,24.68,2001,24.68,2001,24.68,2001,24.68,2001
24.69,0,24.69,0,24.69,0,24.69,0,24.69,1964,24.69,2002,24.69,2013,24.69,1996,24.69,0,24.69,0,24.69,0,24.69,0,24.69,2001,24.69,2001,24.69,2001,24.69,2001
24.7,0,24.7,0,24.7,0,24.7,0,24.7,2002,24.7,1985,24.7,1904,24.7,1982,24.7,0,24.7,0,24.7,0,24.7,0,24.7,2001,24.7,2001,24.7,2001,24.7,2001
24.71,0,24.71,0,24.71,0,24.71,0,24.71,1998,24.71,1985,24.71,2013,24.71,1981,24.71,0,24.71,0,24.71,0,24.71,0,24.71,2001,24.71,2001,24.71,2001,24.71,2001
24.72,0,24.72,0,24.72,0,24.72,0,24.72,2005,24.72,1983,24.72,2018,24.72,2009,24.72,0,24.72,0,24.72,0,24.72,0,24.72,2001,24.72,2001,24.72,2001,24.72,2001
24.73,0,24.73,0,24.73,0,24.73,0,24.73,2015,24.73,1999,24.73,1975,24.73,2035,24.73,0,24.73,0,24.73,0,24.73,0,24.73,2001,24.73,2001,24.73,2001,24.73,2001
24.74,0,24.74,0,24.74,0,24.74,0,24.74,1992,24.74,1991,24.74,1996,24.74,2047,24.74,0,24.74,0,24.74,0,24.74,0,24.74,2001,24.74,2001,24.74,2001,24.74,2001
24.75,0,24.75,0,24.75,0,24.75,0,24.75,2007,24.75,2003,24.75,2016,24.75,1977,24.75,0,24.75,0,24.75,0,24.75,0,24.75,2001,24.75,2001,24.75,2001,24.75,2001
24.76,0,24.76,0,24.76,0,24.76,0,24.76,2000,24.76,2019,24.76,1955,24.76,1945,24.76,0,24.76,0,24.76,0,24.76,0,24.76,2001,24.76,2001,24.76,2001,24.76,2001
24.77,0,24.77,0,24.77,0,24.77,0,24.77,1990,24.77,1973,24.77,1993,24.77,1927,24.77,0,24.77,0,24.77,0,24.77,0,24.77,2001,24.77,2001,24.77,2001,24.77,2001
24.78,0,24.78,0,24.78,0,24.78,0,24.78,1984,24.78,1991,24.78,2005,24.78,1990,24.78,0,24.78,0,24.78,0,24.78,0,24.78,2001,24.78,2001,24.78,2001,24.78,2001
24.79,0,24.79,0,24.79,0,24.79,0,24.79,1999,24.79,2069,24.79,1976,24.79,1991,24.79,0,24.79,0,24.79,0,24.79,0,24.79,2001,24.79,2001,24.79,2001,24.79,2001
24.8,0,24.8,0,24.8,0,24.8,0,24.8,1976,24.8,2115,24.8,1989,24.8,1984,24.8,0,24.8,0,24.8,0,24.8,0,24.8,2001,24.8,2001,24.8,2001,24.8,2001
24.81,0,24.81,0,24.81,0,24.81,0,24.81,1985,24.81,2016,24.81,2093,24.81,2008,24.81,0,24.81,0,24.81,0,24.81,0,24.81,2001,24.81,2001,24.81,2001,24.81,2001
24.82,0,24.82,0,24.82,0,24.82,0,24.82,1986,24.82,2002,24.82,1989,24.82,1991,24.82,0,24.82,0,24.82,0,24.82,0,24.82,2001,24.82,2001,24.82,2001,24.82,2001
24.83,0,24.83,0,24.83,0,24.83,0,24.83,2027,24.83,1999,24.83,1972,24.83,2058,24.83,0,24.83,0,24.83,0,24.83,0,24.83,2001,24.83,2001,24.83,2001,24.83,2001
24.84,0,24.84,0,24.84,0,24.84,0,24.84,1984,24.84,1984,24.84,1994,24.84,1986,24.84,0,24.84,0,24.84,0,24.84,0,24.84,2001,24.84,2001,24.84,2001,24.84,2001
24.85,0,24.85,0,24.85,0,24.85,0,24.85,2022,24.85,2030,24.85,2051,24.85,1999,24.85,0,24.85,0,24.85,0,24.85,0,24.85,2001,24.85,2001,24.85,2001,24.85,2001
24.86,0,24.86,0,24.86,0,24.86,0,24.86,2015,24.86,2006,24.86,1960,24.86,1918,24.86,0,24.86,0,24.86,0,24.86,0,24.86,2001,24.86,2001,24.86,2001,24.86,2001
24.87,0,24.87,0,24.87,0,24.87,0,24.87,2023,24.87,1979,24.87,1968,24.87,2000,24.87,0,24.87,0,24.87,0,24.87,0,24.87,2001,24.87,2001,24.87,2001,24.87,2001
24.88,0,24.88,0,24.88,0,24.88,0,24.88,2017,24.88,2004,24.88,1978,24.88,2005,24.88,0,24.88,0,24.88,0,24.88,0,24.88,2001,24.88,2001,24.88,2001,24.88,2001
24.89,0,24.89,0,24.89,0,24.89,0,24.89,1995,24.89,1994,24.89,1969,24.89,1969,24.89,0,24.89,0,24.89,0,24.89,0,24.89,2001,24.89,2001,24.89,2001,24.89,2001
24.9,0,24.9,0,24.9,0,24.9,0,24.9,2047,24.9,1987,24.9,1975,24.9,1979,24.9,0,24.9,0,24.9,0,24.9,0,24.9,2001,24.9,2001,24.9,2001,24.9,2001
24.91,0,24.91,0,24.91,0,24.91,0,24.91,1998,24.91,1942,24.91,1987,24.91,2050,24.91,0,24.91,0,24.91,0,24.91,0,24.91,2001,24.91,2001,24.91,2001,24.91,2001
24.92,0,24.92,0,24.92,0,24.92,0,24.92,2000,24.92,1952,24.92,1919,24.92,1989,24.92,0,24.92,0,24.92,0,24.92,0,24.92,2001,24.92,2001,24.92,2001,24.92,2001
24.93,0,24.93,0,24.93,0,24.93,0,24.93,2092,24.93,1997,24.93,2011,24.93,1995,24.93,0,24.93,0,24.93,0,24.93,0,24.93,2001,24.93,2001,24.93,2001,24.93,2001
24.94,0,24.94,0,24.94,0,24.94,0,24.94,2021,24.94,2003,24.94,2006,24.94,2007,24.94,0,24.94,0,24.94,0,24.94,0,24.94,2001,24.94,2001,24.94,2001,24.94,2001
24.95,0,24.95,0,24.95,0,24.95,0,24.95,1995,24.95,1986,24.95,1960,24.95,1995,24.95,0,24.95,0,24.95,0,24.95,0,24.95,2001,24.95,2001,24.95,2001,24.95,2001
24.96,0,24.96,0,24.96,0,24.96,0,24.96,1980,24.96,1963,24.96,1989,24.96,2018,24.96,0,24.96,0,24.96,0,24.96,0,24.96,2001,24.96,2001,24.96,2001,24.96,2001
24.97,0,24.97,0,24.97,0,24.97,0,24.97,2103,24.97,1996,24.97,1987,24.97,2001,24.97,0,24.97,0,24.97,0,24.97,0,24.97,2001,24.97,2001,24.97,2001,24.97,2001
24.98,0,24.98,0,24.98,0,24.98,0,24.98,1982,24.98,2051,24.98,1991,24.98,1948,24.98,0,24.98,0,24.98,0,24.98,0,24.98,2001,24.98,2001,24.98,2001,24.98,2001
24.99,0,24.99,0,24.99,0,24.99,0,24.99,1992,24.99,1987,24.99,1994,24.99,1998,24.99,0,24.99,0,24.99,0,24.99,0,24.99,2001,24.99,2001,24.99,2001,24.99,2001
25,0,25,0,25,0,25,0,25,1988,25,1988,25,2034,25,2015,25,0,25,0,25,0,25,0,25,2001,25,2001,25,2001,25,2001
25.01,0,25.01,0,25.01,0,25.01,0,25.01,2004,25.01,2153,25.01,2025,25.01,1974,25.01,0,25.01,0,25.01,0,25.01,0,25.01,2001,25.01,2001,25.01,2001,25.01,2001
25.02,0,25.02,0,25.02,0,25.02,0,25.02,2033,25.02,1985,25.02,1991,25.02,2000,25.02,0,25.02,0,25.02,0,25.02,0,25.02,2001,25.02,2001,25.02,2001,25.02,2001
25.03,0,25.03,0,25.03,0,25.03,0,25.03,2039,25.03,1961,25.03,2017,25.03,2006,25.03,0,25.03,0,25.03,0,25.03,0,25.03,2001,25.03,2001,25.03,2001,25.03,2001
25.04,0,25.04,0,25.04,0,25.04,0,25.04,2005,25.04,1976,25.04,2004,25.04,1996,25.04,0,25.04,0,25.04,0,25.04,0,25.04,2001,25.04,2001,25.04,2001,25.04,2001
25.05,0,25.05,0,25.05,0,25.05,0,25.05,2013,25.05,1988,25.05,2046,25.05,2008,25.05,0,25.05,0,25.05,0,25.05,0,25.05,2001,25.05,2001,25.05,2001,25.05,2001
25.06,0,25.06,0,25.06,0,25.06,0,25.06,2004,25.06,2013,25.06,2006,25.06,2088,25.06,0,25.06,0,25.06,0,25.06,0,25.06,2001,25.06,2001,25.06,2001,25.06,2001
25.07,0,25.07,0,25.07,0,25.07,0,25.07,1973,25.07,2010,25.07,1995,25.07,1967,25.07,0,25.07,0,25.07,0,25.07,0,25.07,2001,25.07,2001,25.07,2001,25.07,2001
25.08,0,25.08,0,25.08,0,25.08,0,25.08,1980,25.08,1984,25.08,1982,25.08,2021,25.08,0,25.08,0,25.08,0,25.08,0,25.08,2001,25.08,2001,25.08,2001,25.08,2001
25.09,0,25.09,0,25.09,0,25.09,0,25.09,1961,25.09,2032,25.09,2086,25.09,2001,25.09,0,25.09,0,25.09,0,25.09,0,25.09,2001,25.09,2001,25.09,2001,25.09,2001
25.1,0,25.1,0,25.1,0,25.1,0,25.1,1999,25.1,1988,25.1,2090,25.1,1982,25.1,0,25.1,0,25.1,0,25.1,0,25.1,2001,25.1,2001,25.1,2001,25.1,2001
25.11,0,25.11,0,25.11,0,25.11,0,25.11,1958,25.11,1988,25.11,1963,25.11,1998,25.11,0,25.11,0,25.11,0,25.11,0,25.11,2001,25.11,2001,25.11,2001,25.11,2001
25.12,0,25.12,0,25.12,0,25.12,0,25.12,1991,25.12,2000,25.12,1977,25.12,1908,25.12,0,25.12,0,25.12,0,25.12,0,25.12,2001,25.12,2001,25.12,2001,25.12,2001
25.13,0,25.13,0,25.13,0,25.13,0,25.13,2003,25.13,2068,25.13,1994,25.13,1975,25.13,0,25.13,0,25.13,0,25.13,0,25.13,2001,25.13,2001,25.13,2001,25.13,2001
25.14,0,25.14,0,25.14,0,25.14,0,25.14,2053,25.14,1943,25.14,1982,25.14,1886,25.14,0,25.14,0,25.14,0,25.14,0,25.14,2001,25.14,2001,25.14,2001,25.14,2001
25.15,0,25.15,0,25.15,0,25.15,0,25.15,2000,25.15,1996,25.15,2016,25.15,1986,25.15,0,25.15,0,25.15,0,25.15,0,25.15,2001,25.15,2001,25.15,2001,25.15,2001
25.16,0,25.16,0,25.16,0,25.16,0,25.16,2020,25.16,1986,25.16,2022,25.16,1965,25.16,0,25.16,0,25.16,0,25.16,0,25.16,2001,25.16,2001,25.16,2001,25.16,2001
25.17,0,25.17,0,25.17,0,25.17,0,25.17,2020,25.17,1981,25.17,2059,25.17,2008,25.17,0,25.17,0,25.17,0,25.17,0,25.17,2001,25.17,2001,25.17,2001,25.17,2001
25.18,0,25.18,0,25.18,0,25.18,0,25.18,1953,25.18,1995,25.18,2037,25.18,2017,25.18,0,25.18,0,25.18,0,25.18,0,25.18,2001,25.18,2001,25.18,2001,25.18,2001
25.19,0,25.19,0,25.19,0,25.19,0,25.19,1948,25.19,1994,25.19,1994,25.19,1990,25.19,0,25.19,0,25.19,0,25.19,0,25.19,2001,25.19,2001,25.19,2001,25.19,2001
25.2,0,25.2,0,25.2,0,25.2,0,25.2,2003,25.2,1910,25.2,1989,25.2,2041,25.2,0,25.2,0,25.2,0,25.2,0,25.2,2001,25.2,2001,25.2,2001,25.2,2001
25.21,0,25.21,0,25.21,0,25.21,0,25.21,1989,25.21,2007,25.21,2020,25.21,2004,25.21,0,25.21,0,25.21,0,25.21,0,25.21,2001,25.21,2001,25.21,2001,25.21,2001
25.22,0,25.22,0,25.22,0,25.22,0,25.22,2003,25.22,1997,25.22,1994,25.22,1992,25.22,0,25.22,0,25.22,0,25.22,0,25.22,2001,25.22,2001,25.22,2001,25.22,2001
25.23,0,25.23,0,25.23,0,25.23,0,25.23,2001,25.23,2033,25.23,1995,25.23,2101,25.23,0,25.23,0,25.23,0,25.23,0,25.23,2001,25.23,2001,25.23,2001,25.23,2001
25.24,0,25.24,0,25.24,0,25.24,0,25.24,2024,25.24,2007,25.24,2034,25.24,1994,25.24,0,25.24,0,25.24,0,25.24,0,25.24,2001,25.24,2001,25.24,2001,25.24,2001
25.25,0,25.25,0,25.25,0,25.25,0,25.25,1989,25.25,1996,25.25,2073,25.25,2008,25.25,0,25.25,0,25.25,0,25.25,0,25.25,2001,25.25,2001,25.25,2001,25.25,2001
25.26,0,25.26,0,25.26,0,25.26,0,25.26,1954,25.26,1993,25.26,2009,25.26,1990,25.26,0,25.26,0,25.26,0,25.26,0,25.26,2001,25.26,2001,25.26,2001,25.26,2001
25.27,0,25.27,0,25.27,0,25.27,0,25.27,2018,25.27,2007,25.27,2027,25.27,2015,25.27,0,25.27,0,25.27,0,25.27,0,25.27,2001,25.27,2001,25.27,2001,25.27,2001
25.28,0,25.28,0,25.28,0,25.28,0,25.28,1999,25.28,1996,25.28,2030,25.28,2020,25.28,0,25.28,0,25.28,0,25.28,0,25.28,2001,25.28,2001,25.28,2001,25.28,2001
25.29,0,25.29,0,25.29,0,25.29,0,25.29,1957,25.29,1990,25.29,1982,25.29,2010,25.29,0,25.29,0,25.29,0,25.29,0,25.29,2001,25.29,2001,25.29,2001,25.29,2001
25.3,0,25.3,0,25.3,0,25.3,0,25.3,2038,25.3,2001,25.3,2014,25.3,2011,25.3,0,25.3,0,25.3,0,25.3,0,25.3,2001,25.3,2001,25.3,2001,25.3,2001
25.31,0,25.31,0,25.31,0,25.31,0,25.31,2026,25.31,1992,25.31,2063,25.31,1978,25.31,0,25.31,0,25.31,0,25.31,0,25.31,2001,25.31,2001,25.31,2001,25.31,2001
25.32,0,25.32,0,25.32,0,25.32,0,25.32,1999,25.32,2128,25.32,1972,25.32,2066,25.32,0,25.32,0,25.32,0,25.32,0,25.32,2001,25.32,2001,25.32,2001,25.32,2001
25.33,0,25.33,0,25.33,0,25.33,0,25.33,2005,25.33,1989,25.33,2063,25.33,1994,25.33,0,25.33,0,25.33,0,25.33,0,25.33,2001,25.33,2001,25.33,2001,25.33,2001
25.34,0,25.34,0,25.34,0,25.34,0,25.34,2017,25.34,1972,25.34,1876,25.34,2030,25.34,0,25.34,0,25.34,0,25.34,0,25.34,2001,25.34,2001,25.34,2001,25.34,2001
25.35,0,25.35,0,25.35,0,25.35,0,25.35,1975,25.35,1982,25.35,1972,25.35,1991,25.35,0,25.35,0,25.35,0,25.35,0,25.35,2001,25.35,2001,25.35,2001,25.35,2001
25.36,0,25.36,0,25.36,0,25.36,0,25.36,2013,25.36,2010,25.36,1992,25.36,1992,25.36,0,25.36,0,25.36,0,25.36,0,25.36,2001,25.36,2001,25.36,2001,25.36,2001
25.37,0,25.37,0,25.37,0,25.37,0,25.37,1900,25.37,2007,25.37,2002,25.37,1984,25.37,0,25.37,0,25.37,0,25.37,0,25.37,2001,25.37,2001,25.37,2001,25.37,2001
25.38,0,25.38,0,25.38,0,25.38,0,25.38,2002,25.38,1994,25.38,1974,25.38,1953,25.38,0,25.38,0,25.38,0,25.38,0,25.38,2001,25.38,2001,25.38,2001,25.38,2001
25.39,0,25.39,0,25.39,0,25.39,0,25.39,2173,25.39,2006,25.39,2015,25.39,1982,25.39,0,25.39,0,25.39,0,25.39,0,25.39,2001,25.39,2001,25.39,2001,25.39,2001
25.4,0,25.4,0,25.4,0,25.4,0,25.4,1978,25.4,2012,25.4,2009,25.4,1989,25.4,0,25.4,0,25.4,0,25.4,0,25.4,2001,25.4,2001,25.4,2001,25.4,2001
25.41,0,25.41,0,25.41,0,25.41,0,25.41,1972,25.41,1941,25.41,1973,25.41,2014,25.41,0,25.41,0,25.41,0,25.41,0,25.41,2001,25.41,2001,25.41,2001,25.41,2001
25.42,0,25.42,0,25.42,0,25.42,0,25.42,2004,25.42,1968,25.42,1991,25.42,1990,25.42,0,25.42,0,25.42,0,25.42,0,25.42,2001,25.42,2001,25.42,2001,25.42,2001
25.43,0,25.43,0,25.43,0,25.43,0,25.43,2006,25.43,2023,25.43,1994,25.43,1994,25.43,0,25.43,0,25.43,0,25.43,0,25.43,2001,25.43,2001,25.43,2001,25.43,2001
25.44,0,25.44,0,25.44,0,25.44,0,25.44,1983,25.44,1975,25.44,1992,25.44,1928,25.44,0,25.44,0,25.44,0,25.44,0,25.44,2001,25.44,2001,25.44,2001,25.44,2001
25.45,0,25.45,0,25.45,0,25.45,0,25.45,2003,25.45,2005,25.45,2018,25.45,1993,25.45,0,25.45,0,25.45,0,25.45,0,25.45,2001,25.45,2001,25.45,2001,25.45,2001
25.46,0,25.46,0,25.46,0,25.46,0,25.46,2001,25.46,1994,25.46,1969,25.46,1981,25.46,0,25.46,0,25.46,0,25.46,0,25.46,2001,25.46,2001,25.46,2001,25.46,2001
25.47,0,25.47,0,25.47,0,25.47,0,25.47,2001,25.47,1991,25.47,1947,25.47,1982,25.47,0,25.47,0,25.47,0,25.47,0,25.47,2001,25.47,2001,25.47,2001,25.47,2001
25.48,0,25.48,0,25.48,0,25.48,0,25.48,2004,25.48,1976,25.48,2023,25.48,1993,25.48,0,25.48,0,25.48,0,25.48,0,25.48,2001,25.48,2001,25.48,2001,25.48,2001
25.49,0,25.49,0,25.49,0,25.49,0,25.49,2004,25.49,1991,25.49,1997,25.49,1999,25.49,0,25.49,0,25.49,0,25.49,0,25.49,2001,25.49,2001,25.49,2001,25.49,2001
25.5,0,25.5,0,25.5,0,25.5,0,25.5,1971,25.5,2019,25.5,1991,25.5,2030,25.5,0,25.5,0,25.5,0,25.5,0,25.5,2001,25.5,2001,25.5,2001,25.5,2001
25.51,0,25.51,0,25.51,0,25.51,0,25.51,1980,25.51,1998,25.51,1958,25.51,1966,25.51,0,25.51,0,25.51,0,25.51,0,25.51,2001,25.51,2001,25.51,2001,25.51,2001
25.52,0,25.52,0,25.52,0,25.52,0,25.52,1994,25.52,1994,25.52,1991,25.52,2089,25.52,0,25.52,0,25.52,0,25.52,0,25.52,2001,25.52,2001,25.52,2001,25.52,2001
25.53,0,25.53,0,25.53,0,25.53,0,25.53,1958,25.53,1989,25.53,1981,25.53,1950,25.53,0,25.53,0,25.53,0,25.53,0,25.53,2001,25.53,2001,25.53,2001,25.53,2001
25.54,0,25.54,0,25.54,0,25.54,0,25.54,1986,25.54,1980,25.54,2005,25.54,2063,25.54,0,25.54,0,25.54,0,25.54,0,25.54,2001,25.54,2001,25.54,2001,25.54,2001
25.55,0,25.55,0,25.55,0,25.55,0,25.55,1990,25.55,1986,25.55,1997,25.55,1983,25.55,0,25.55,0,25.55,0,25.55,0,25.55,2001,25.55,2001,25.55,2001,25.55,2001
25.56,0,25.56,0,25.56,0,25.56,0,25.56,1986,25.56,1977,25.56,1977,25.56,1995,25.56,0,25.56,0,25.56,0,25.56,0,25.56,2001,25.56,2001,25.56,2001,25.56,2001
25.57,0,25.57,0,25.57,0,25.57,0,25.57,2151,25.57,1997,25.57,2103,25.57,2028,25.57,0,25.57,0,25.57,0,25.57,0,25.57,2001,25.57,2001,25.57,2001,25.57,2001
25.58,0,25.58,0,25.58,0,25.58,0,25.58,1970,25.58,2012,25.58,2014,25.58,2012,25.58,0,25.58,0,25.58,0,25.58,0,25.58,2001,25.58,2001,25.58,2001,25.58,2001
25.59,0,25.59,0,25.59,0,25.59,0,25.59,1991,25.59,2008,25.59,2083,25.59,2068,25.59,0,25.59,0,25.59,0,25.59,0,25.59,2001,25.59,2001,25.59,2001,25.59,2001
25.6,0,25.6,0,25.6,0,25.6,0,25.6,1964,25.6,2001,25.6,2002,25.6,1938,25.6,0,25.6,0,25.6,0,25.6,0,25.6,2001,25.6,2001,25.6,2001,25.6,2001
25.61,0,25.61,0,25.61,0,25.61,0,25.61,1997,25.61,1960,25.61,1988,25.61,1991,25.61,0,25.61,0,25.61,0,25.61,0,25.61,2001,25.61,2001,25.61,2001,25.61,2001
25.62,0,25.62,0,25.62,0,25.62,0,25.62,2020,25.62,1994,25.62,1925,25.62,1999,25.62,0,25.62,0,25.62,0,25.62,0,25.62,2001,25.62,2001,25.62,2001,25.62,2001
25.63,0,25.63,0,25.63,0,25.63,0,25.63,2010,25.63,1998,25.63,1997,25.63,2019,25.63,0,25.63,0,25.63,0,25.63,0,25.63,2001,25.63,2001,25.63,2001,25.63,2001
25.64,0,25.64,0,25.64,0,25.64,0,25.64,2004,25.64,2011,25.64,1996,25.64,1976,25.64,0,25.64,0,25.64,0,25.64,0,25.64,2001,25.64,2001,25.64,2001,25.64,2001
25.65,0,25.65,0,25.65,0,25.65,0,25.65,1992,25.65,1996,25.65,1989,25.65,1973,25.65,0,25.65,0,25.65,0,25.65,0,25.65,2001,25.65,2001,25.65,2001,25.65,2001
25.66,0,25.66,0,25.66,0,25.66,0,25.66,1998,25.66,1963,25.66,1975,25.66,1998,25.66,0,25.66,0,25.66,0,25.66,0,25.66,2001,25.66,2001,25.66,2001,25.66,2001
25.67,0,25.67,0,25.67,0,25.67,0,25.67,1976,25.67,1985,25.67,1998,25.67,2003,25.67,0,25.67,0,25.67,0,25.67,0,25.67,2001,25.67,2001,25.67,2001,25.67,2001
25.68,0,25.68,0,25.68,0,25.68,0,25.68,1945,25.68,1970,25.68,1997,25.68,1991,25.68,0,25.68,0,25.68,0,25.68,0,25.68,2001,25.68,2001,25.68,2001,25.68,2001
25.69,0,25.69,0,25.69,0,25.69,0,25.69,1997,25.69,1974,25.69,2002,25.69,2006,25.69,0,25.69,0,25.69,0,25.69,0,25.69,2001,25.69,2001,25.69,2001,25.69,2001
25.7,0,25.7,0,25.7,0,25.7,0,25.7,2004,25.7,1977,25.7,2036,25.7,1944,25.7,0,25.7,0,25.7,0,25.7,0,25.7,2001,25.7,2001,25.7,2001,25.7,2001
25.71,0,25.71,0,25.71,0,25.71,0,25.71,2028,25.71,1972,25.71,2106,25.71,1966,25.71,0,25.71,0,25.71,0,25.71,0,25.71,2001,25.71,2001,25.71,2001,25.71,2001
25.72,0,25.72,0,25.72,0,25.72,0,25.72,2121,25.72,1981,25.72,2031,25.72,1981,25.72,0,25.72,0,25.72,0,25.72,0,25.72,2001,25.72,2001,25.72,2001,25.72,2001
25.73,0,25.73,0,25.73,0,25.73,0,25.73,1991,25.73,2018,25.73,2000,25.73,1998,25.73,0,25.73,0,25.73,0,25.73,0,25.73,2001,25.73,2001,25.73,2001,25.73,2001
25.74,0,25.74,0,25.74,0,25.74,0,25.74,1997,25.74,2015,25.74,1994,25.74,1958,25.74,0,25.74,0,25.74,0,25.74,0,25.74,2001,25.74,2001,25.74,2001,25.74,2001
25.75,0,25.75,0,25.75,0,25.75,0,25.75,2010,25.75,1972,25.75,2055,25.75,2015,25.75,0,25.75,0,25.75,0,25.75,0,25.75,2001,25.75,2001,25.75,2001,25.75,2001
25.76,0,25.76,0,25.76,0,25.76,0,25.76,2027,25.76,2009,25.76,2020,25.76,1914,25.76,0,25.76,0,25.76,0,25.76,0,25.76,2001,25.76,2001,25.76,2001,25.76,2001
25.77,0,25.77,0,25.77,0,25.77,0,25.77,1979,25.77,1973,25.77,1987,25.77,1999,25.77,0,25.77,0,25.77,0,25.77,0,25.77,2001,25.77,2001,25.77,2001,25.77,2001
25.78,0,25.78,0,25.78,0,25.78,0,25.78,2019,25.78,1982,25.78,1951,25.78,2019,25.78,0,25.78,0,25.78,0,25.78,0,25.78,2001,25.78,2001,25.78,2001,25.78,2001
25.79,0,25.79,0,25.79,0,25.79,0,25.79,2006,25.79,2009,25.79,1998,25.79,2006,25.79,0,25.79,0,25.79,0,25.79,0,25.79,2001,25.79,2001,25.79,2001,25.79,2001
25.8,0,25.8,0,25.8,0,25.8,0,25.8,2014,25.8,2002,25.8,1940,25.8,1993,25.8,0,25.8,0,25.8,0,25.8,0,25.8,2001,25.8,2001,25.8,2001,25.8,2001
25.81,0,25.81,0,25.81,0,25.81,0,25.81,1969,25.81,1977,25.81,2005,25.81,2032,25.81,0,25.81,0,25.81,0,25.81,0,25.81,2001,25.81,2001,25.81,2001,25.81,2001
25.82,0,25.82,0,25.82,0,25.82,0,25.82,1989,25.82,1994,25.82,1950,25.82,2030,25.82,0,25.82,0,25.82,0,25.82,0,25.82,2001,25.82,2001,25.82,2001,25.82,2001
25.83,0,25.83,0,25.83,0,25.83,0,25.83,1967,25.83,1929,25.83,1976,25.83,2000,25.83,0,25.83,0,25.83,0,25.83,0,25.83,2001,25.83,2001,25.83,2001,25.83,2001
25.84,0,25.84,0,25.84,0,25.84,0,25.84,1984,25.84,1962,25.84,2067,25.84,1991,25.84,0,25.84,0,25.84,0,25.84,0,25.84,2001,25.84,2001,25.84,2001,25.84,2001
25.85,0,25.85,0,25.85,0,25.85,0,25.85,2016,25.85,2058,25.85,2000,25.85,1996,25.85,0,25.85,0,25.85,0,25.85,0,25.85,2001,25.85,2001,25.85,2001,25.85,2001
25.86,0,25.86,0,25.86,0,25.86,0,25.86,1988,25.86,2118,25.86,1991,25.86,1998,25.86,0,25.86,0,25.86,0,25.86,0,25.86,2001,25.86,2001,25.86,2001,25.86,2001
25.87,0,25.87,0,25.87,0,25.87,0,25.87,1989,25.87,1982,25.87,1931,25.87,1987,25.87,0,25.87,0,25.87,0,25.87,0,25.87,2001,25.87,2001,25.87,2001,25.87,2001
25.88,0,25.88,0,25.88,0,25.88,0,25.88,1996,25.88,2004,25.88,1998,25.88,2023,25.88,0,25.88,0,25.88,0,25.88,0,25.88,2001,25.88,2001,25.88,2001,25.88,2001
25.89,0,25.89,0,25.89,0,25.89,0,25.89,1983,25.89,2000,25.89,1988,25.89,2019,25.89,0,25.89,0,25.89,0,25.89,0,25.89,2001,25.89,2001,25.89,2001,25.89,2001
25.9,0,25.9,0,25.9,0,25.9,0,25.9,2008,25.9,1987,25.9,1978,25.9,1985,25.9,0,25.9,0,25.9,0,25.9,0,25.9,2001,25.9,2001,25.9,2001,25.9,2001
25.91,0,25.91,0,25.91,0,25.91,0,25.91,2002,25.91,1990,25.91,1976,25.91,2026,25.91,0,25.91,0,25.91,0,25.91,0,25.91,2001,25.91,2001,25.91,2001,25.91,2001
25.92,0,25.92,0,25.92,0,25.92,0,25.92,2006,25.92,2031,25.92,2002,25.92,1990,25.92,0,25.92,0,25.92,0,25.92,0,25.92,2001,25.92,2001,25.92,2001,25.92,2001
25.93,0,25.93,0,25.93,0,25.93,0,25.93,2002,25.93,2031,25.93,1990,25.93,1968,25.93,0,25.93,0,25.93,0,25.93,0,25.93,2001,25.93,2001,25.93,2001,25.93,2001
25.94,0,25.94,0,25.94,0,25.94,0,25.94,2010,25.94,2041,25.94,2020,25.94,2006,25.94,0,25.94,0,25.94,0,25.94,0,25.94,2001,25.94,2001,25.94,2001,25.94,2001
25.95,0,25.95,0,25.95,0,25.95,0,25.95,1959,25.95,1995,25.95,1978,25.95,1976,25.95,0,25.95,0,25.95,0,25.95,0,25.95,2001,25.95,2001,25.95,2001,25.95,2001
25.96,0,25.96,0,25.96,0,25.96,0,25.96,1992,25.96,1984,25.96,1974,25.96,2004,25.96,0,25.96,0,25.96,0,25.96,0,25.96,2001,25.96,2001,25.96,2001,25.96,2001
25.97,0,25.97,0,25.97,0,25.97,0,25.97,1992,25.97,2002,25.97,2058,25.97,2040,25.97,0,25.97,0,25.97,0,25.97,0,25.97,2001,25.97,2001,25.97,2001,25.97,2001
25.98,0,25.98,0,25.98,0,25.98,0,25.98,2000,25.98,1976,25.98,1986,25.98,1994,25.98,0,25.98,0,25.98,0,25.98,0,25.98,2001,25.98,2001,25.98,2001,25.98,2001
25.99,0,25.99,0,25.99,0,25.99,0,25.99,2008,25.99,1968,25.99,1986,25.99,2000,25.99,0,25.99,0,25.99,0,25.99,0,25.99,2001,25.99,2001,25.99,2001,25.99,2001
26,0,26,0,26,0,26,0,26,2014,26,1962,26,1990,26,2001,26,0,26,0,26,0,26,0,26,2001,26,2001,26,2001,26,2001
26.01,0,26.01,0,26.01,0,26.01,0,26.01,2007,26.01,1998,26.01,2042,26.01,1962,26.01,0,26.01,0,26.01,0,26.01,0,26.01,2001,26.01,2001,26.01,2001,26.01,2001
26.02,0,26.02,0,26.02,0,26.02,0,26.02,1996,26.02,1978,26.02,1977,26.02,2013,26.02,0,26.02,0,26.02,0,26.02,0,26.02,2001,26.02,2001,26.02,2001,26.02,2001
26.03,0,26.03,0,26.03,0,26.03,0,26.03,2002,26.03,1992,26.03,1995,26.03,1994,26.03,0,26.03,0,26.03,0,26.03,0,26.03,2001,26.03,2001,26.03,2001,26.03,2001
26.04,0,26.04,0,26.04,0,26.04,0,26.04,1972,26.04,1995,26.04,1977,26.04,1976,26.04,0,26.04,0,26.04,0,26.04,0,26.04,2001,26.04,2001,26.04,2001,26.04,2001
26.05,0,26.05,0,26.05,0,26.05,0,26.05,1970,26.05,1968,26.05,1988,26.05,1978,26.05,0,26.05,0,26.05,0,26.05,0,26.05,2001,26.05,2001,26.05,2001,26.05,2001
26.06,0,26.06,0,26.06,0,26.06,0,26.06,1986,26.06,1974,26.06,2303,26.06,2007,26.06,0,26.06,0,26.06,0,26.06,0,26.06,2001,26.06,2001,26.06,2001,26.06,2001
26.07,0,26.07,0,26.07,0,26.07,0,26.07,1969,26.07,1978,26.07,2004,26.07,1996,26.07,0,26.07,0,26.07,0,26.07,0,26.07,2001,26.07,2001,26.07,2001,26.07,2001
26.08,0,26.08,0,26.08,0,26.08,0,26.08,1990,26.08,1979,26.08,2000,26.08,1998,26.08,0,26.08,0,26.08,0,26.08,0,26.08,2001,26.08,2001,26.08,2001,26.08,2001
26.09,0,26.09,0,26.09,0,26.09,0,26.09,1984,26.09,1995,26.09,1980,26.09,1943,26.09,0,26.09,0,26.09,0,26.09,0,26.09,2001,26.09,2001,26.09,2001,26.09,2001
26.1,0,26.1,0,26.1,0,26.1,0,26.1,1998,26.1,1989,26.1,1989,26.1,1977,26.1,0,26.1,0,26.1,0,26.1,0,26.1,2001,26.1,2001,26.1,2001,26.1,2001
26.11,0,26.11,0,26.11,0,26.11,0,26.11,1966,26.11,1987,26.11,1980,26.11,1990,26.11,0,26.11,0,26.11,0,26.11,0,26.11,2001,26.11,2001,26.11,2001,26.11,2001
26.12,0,26.12,0,26.12,0,26.12,0,26.12,1995,26.12,2001,26.12,1983,26.12,2018,26.12,0,26.12,0,26.12,0,26.12,0,26.12,2001,26.12,2001,26.12,2001,26.12,2001
26.13,0,26.13,0,26.13,0,26.13,0,26.13,1989,26.13,1992,26.13,1990,26.13,1941,26.13,0,26.13,0,26.13,0,26.13,0,26.13,2001,26.13,2001,26.13,2001,26.13,2001
26.14,0,26.14,0,26.14,0,26.14,0,26.14,1980,26.14,1980,26.14,2055,26.14,2029,26.14,0,26.14,0,26.14,0,26.14,0,26.14,2001,26.14,2001,26.14,2001,26.14,2001
26.15,0,26.15,0,26.15,0,26.15,0,26.15,2009,26.15,2007,26.15,1956,26.15,2001,26.15,0,26.15,0,26.15,0,26.15,0,26.15,2001,26.15,2001,26.15,2001,26.15,2001
26.16,0,26.16,0,26.16,0,26.16,0,26.16,2000,26.16,2040,26.16,1992,26.16,2030,26.16,0,26.16,0,26.16,0,26.16,0,26.16,2001,26.16,2001,26.16,2001,26.16,2001
26.17,0,26.17,0,26.17,0,26.17,0,26.17,1989,26.17,1973,26.17,1986,26.17,1992,26.17,0,26.17,0,26.17,0,26.17,0,26.17,2001,26.17,2001,26.17,2001,26.17,2001
26.18,0,26.18,0,26.18,0,26.18,0,26.18,1964,26.18,2018,26.18,2061,26.18,1993,26.18,0,26.18,0,26.18,0,26.18,0,26.18,2001,26.18,2001,26.18,2001,26.18,2001
26.19,0,26.19,0,26.19,0,26.19,0,26.19,1904,26.19,1991,26.19,2006,26.19,1965,26.19,0,26.19,0,26.19,0,26.19,0,26.19,2001,26.19,2001,26.19,2001,26.19,2001
26.2,0,26.2,0,26.2,0,26.2,0,26.2,1969,26.2,1945,26.2,1997,26.2,1987,26.2,0,26.2,0,26.2,0,26.2,0,26.2,2001,26.2,2001,26.2,2001,26.2,2001
26.21,0,26.21,0,26.21,0,26.21,0,26.21,2000,26.21,2027,26.21,1974,26.21,1993,26.21,0,26.21,0,26.21,0,26.21,0,26.21,2001,26.21,2001,26.21,2001,26.21,2001
26.22,0,26.22,0,26.22,0,26.22,0,26.22,2015,26.22,2013,26.22,2003,26.22,2054,26.22,0,26.22,0,26.22,0,26.22,0,26.22,2001,26.22,2001,26.22,2001,26.22,2001
26.23,0,26.23,0,26.23,0,26.23,0,26.23,2021,26.23,2051,26.23,2002,26.23,1983,26.23,0,26.23,0,26.23,0,26.23,0,26.23,2001,26.23,2001,26.23,2001,26.23,2001
26.24,0,26.24,0,26.24,0,26.24,0,26.24,2003,26.24,1976,26.24,1893,26.24,1994,26.24,0,26.24,0,26.24,0,26.24,0,26.24,2001,26.24,2001,26.24,2001,26.24,2001
26.25,0,26.25,0,26.25,0,26.25,0,26.25,2041,26.25,1993,26.25,2099,26.25,1969,26.25,0,26.25,0,26.25,0,26.25,0,26.25,2001,26.25,2001,26.25,2001,26.25,2001
26.26,0,26.26,0,26.26,0,26.26,0,26.26,1997,26.26,1949,26.26,2001,26.26,1998,26.26,0,26.26,0,26.26,0,26.26,0,26.26,2001,26.26,2001,26.26,2001,26.26,2001
26.27,0,26.27,0,26.27,0,26.27,0,26.27,2000,26.27,1990,26.27,1980,26.27,1991,26.27,0,26.27,0,26.27,0,26.27,0,26.27,2001,26.27,2001,26.27,2001,26.27,2001
26.28,0,26.28,0,26.28,0,26.28,0,26.28,1997,26.28,1979,26.28,2015,26.28,1993,26.28,0,26.28,0,26.28,0,26.28,0,26.28,2001,26.28,2001,26.28,2001,26.28,2001
26.29,0,26.29,0,26.29,0,26.29,0,26.29,2054,26.29,1998,26.29,1981,26.29,2009,26.29,0,26.29,0,26.29,0,26.29,0,26.29,2001,26.29,2001,26.29,2001,26.29,2001
26.3,0,26.3,0,26.3,0,26.3,0,26.3,2014,26.3,1988,26.3,1978,26.3,2011,26.3,0,26.3,0,26.3,0,26.3,0,26.3,2001,26.3,2001,26.3,2001,26.3,2001
26.31,0,26.31,0,26.31,0,26.31,0,26.31,2050,26.31,1983,26.31,2001,26.31,2027,26.31,0,26.31,0,26.31,0,26.31,0,26.31,2001,26.31,2001,26.31,2001,26.31,2001
26.32,0,26.32,0,26.32,0,26.32,0,26.32,2059,26.32,1988,26.32,1983,26.32,2024,26.32,0,26.32,0,26.32,0,26.32,0,26.32,2001,26.32,2001,26.32,2001,26.32,2001
26.33,0,26.33,0,26.33,0,26.33,0,26.33,2001,26.33,1993,26.33,1950,26.33,1999,26.33,0,26.33,0,26.33,0,26.33,0,26.33,2001,26.33,2001,26.33,2001,26.33,2001
26.34,0,26.34,0,26.34,0,26.34,0,26.34,2010,26.34,1994,26.34,1982,26.34,2003,26.34,0,26.34,0,26.34,0,26.34,0,26.34,2001,26.34,2001,26.34,2001,26.34,2001
26.35,0,26.35,0,26.35,0,26.35,0,26.35,1970,26.35,1942,26.35,1983,26.35,1940,26.35,0,26.35,0,26.35,0,26.35,0,26.35,2001,26.35,2001,26.35,2001,26.35,2001
26.36,0,26.36,0,26.36,0,26.36,0,26.36,1968,26.36,1978,26.36,1982,26.36,2009,26.36,0,26.36,0,26.36,0,26.36,0,26.36,2001,26.36,2001,26.36,2001,26.36,2001
26.37,0,26.37,0,26.37,0,26.37,0,26.37,1995,26.37,1953,26.37,1983,26.37,1983,26.37,0,26.37,0,26.37,0,26.37,0,26.37,2001,26.37,2001,26.37,2001,26.37,2001
26.38,0,26.38,0,26.38,0,26.38,0,26.38,1987,26.38,1999,26.38,1984,26.38,2005,26.38,0,26.38,0,26.38,0,26.38,0,26.38,2001,26.38,2001,26.38,2001,26.38,2001
26.39,0,26.39,0,26.39,0,26.39,0,26.39,1999,26.39,1989,26.39,1984,26.39,2046,26.39,0,26.39,0,26.39,0,26.39,0,26.39,2001,26.39,2001,26.39,2001,26.39,2001
26.4,0,26.4,0,26.4,0,26.4,0,26.4,1989,26.4,1994,26.4,1990,26.4,1998,26.4,0,26.4,0,26.4,0,26.4,0,26.4,2001,26.4,2001,26.4,2001,26.4,2001
26.41,0,26.41,0,26.41,0,26.41,0,26.41,2059,26.41,1990,26.41,1946,26.41,2078,26.41,0,26.41,0,26.41,0,26.41,0,26.41,2001,26.41,2001,26.41,2001,26.41,2001
26.42,0,26.42,0,26.42,0,26.42,0,26.42,1991,26.42,1977,26.42,2045,26.42,1988,26.42,0,26.42,0,26.42,0,26.42,0,26.42,2001,26.42,2001,26.42,2001,26.42,2001
26.43,0,26.43,0,26.43,0,26.43,0,26.43,1963,26.43,2014,26.43,2075,26.43,2022,26.43,0,26.43,0,26.43,0,26.43,0,26.43,2001,26.43,2001,26.43,2001,26.43,2001
26.44,0,26.44,0,26.44,0,26.44,0,26.44,1992,26.44,2083,26.44,2003,26.44,1998,26.44,0,26.44,0,26.44,0,26.44,0,26.44,2001,26.44,2001,26.44,2001,26.44,2001
26.45,0,26.45,0,26.45,0,26.45,0,26.45,1990,26.45,2024,26.45,1976,26.45,1983,26.45,0,26.45,0,26.45,0,26.45,0,26.45,2001,26.45,2001,26.45,2001,26.45,2001
26.46,0,26.46,0,26.46,0,26.46,0,26.46,1998,26.46,1994,26.46,1987,26.46,2063,26.46,0,26.46,0,26.46,0,26.46,0,26.46,2001,26.46,2001,26.46,2001,26.46,2001
26.47,0,26.47,0,26.47,0,26.47,0,26.47,1978,26.47,2038,26.47,2069,26.47,1980,26.47,0,26.47,0,26.47,0,26.47,0,26.47,2001,26.47,2001,26.47,2001,26.47,2001
26.48,0,26.48,0,26.48,0,26.48,0,26.48,1987,26.48,1961,26.48,1970,26.48,1964,26.48,0,26.48,0,26.48,0,26.48,0,26.48,2001,26.48,2001,26.48,2001,26.48,2001
26.49,0,26.49,0,26.49,0,26.49,0,26.49,1994,26.49,2132,26.49,1997,26.49,2002,26.49,0,26.49,0,26.49,0,26.49,0,26.49,2001,26.49,2001,26.49,2001,26.49,2001
26.5,0,26.5,0,26.5,0,26.5,0,26.5,1989,26.5,1985,26.5,2023,26.5,1984,26.5,0,26.5,0,26.5,0,26.5,0,26.5,2001,26.5,2001,26.5,2001,26.5,2001
26.51,0,26.51,0,26.51,0,26.51,0,26.51,1998,26.51,1927,26.51,1880,26.51,2017,26.51,0,26.51,0,26.51,0,26.51,0,26.51,2001,26.51,2001,26.51,2001,26.51,2001
26.52,0,26.52,0,26.52,0,26.52,0,26.52,1984,26.52,2002,26.52,2002,26.52,1960,26.52,0,26.52,0,26.52,0,26.52,0,26.52,2001,26.52,2001,26.52,2001,26.52,2001
26.53,0,26.53,0,26.53,0,26.53,0,26.53,2013,26.53,1942,26.53,1990,26.53,1954,26.53,0,26.53,0,26.53,0,26.53,0,26.53,2001,26.53,2001,26.53,2001,26.53,2001
26.54,0,26.54,0,26.54,0,26.54,0,26.54,2038,26.54,1990,26.54,2012,26.54,2003,26.54,0,26.54,0,26.54,0,26.54,0,26.54,2001,26.54,2001,26.54,2001,26.54,2001
26.55,0,26.55,0,26.55,0,26.55,0,26.55,2006,26.55,1999,26.55,1981,26.55,1990,26.55,0,26.55,0,26.55,0,26.55,0,26.55,2001,26.55,2001,26.55,2001,26.55,2001
26.56,0,26.56,0,26.56,0,26.56,0,26.56,1996,26.56,2003,26.56,1998,26.56,1986,26.56,0,26.56,0,26.56,0,26.56,0,26.56,2001,26.56,2001,26.56,2001,26.56,2001
26.57,0,26.57,0,26.57,0,26.57,0,26.57,2120,26.57,1989,26.57,2059,26.57,2035,26.57,0,26.57,0,26.57,0,26.57,0,26.57,2001,26.57,2001,26.57,2001,26.57,2001
26.58,0,26.58,0,26.58,0,26.58,0,26.58,1980,26.58,1994,26.58,1984,26.58,2105,26.58,0,26.58,0,26.58,0,26.58,0,26.58,2001,26.58,2001,26.58,2001,26.58,2001
26.59,0,26.59,0,26.59,0,26.59,0,26.59,1982,26.59,2012,26.59,2019,26.59,1982,26.59,0,26.59,0,26.59,0,26.59,0,26.59,2001,26.59,2001,26.59,2001,26.59,2001
26.6,0,26.6,0,26.6,0,26.6,0,26.6,1961,26.6,1989,26.6,1992,26.6,2069,26.6,0,26.6,0,26.6,0,26.6,0,26.6,2001,26.6,2001,26.6,2001,26.6,2001
26.61,0,26.61,0,26.61,0,26.61,0,26.61,2035,26.61,2013,26.61,1986,26.61,1996,26.61,0,26.61,0,26.61,0,26.61,0,26.61,2001,26.61,2001,26.61,2001,26.61,2001
26.62,0,26.62,0,26.62,0,26.62,0,26.62,1996,26.62,2011,26.62,2013,26.62,1995,26.62,0,26.62,0,26.62,0,26.62,0,26.62,2001,26.62,2001,26.62,2001,26.62,2001
26.63,0,26.63,0,26.63,0,26.63,0,26.63,1999,26.63,1982,26.63,1995,26.63,2006,26.63,0,26.63,0,26.63,0,26.63,0,26.63,2001,26.63,2001,26.63,2001,26.63,2001
26.64,0,26.64,0,26.64,0,26.64,0,26.64,1991,26.64,2013,26.64,1981,26.64,2019,26.64,0,26.64,0,26.64,0,26.64,0,26.64,2001,26.64,2001,26.64,2001,26.64,2001
26.65,0,26.65,0,26.65,0,26.65,0,26.65,1982,26.65,2051,26.65,2009,26.65,1937,26.65,0,26.65,0,26.65,0,26.65,0,26.65,2001,26.65,2001,26.65,2001,26.65,2001
26.66,0,26.66,0,26.66,0,26.66,0,26.66,2107,26.66,1999,26.66,1983,26.66,2054,26.66,0,26.66,0,26.66,0,26.66,0,26.66,2001,26.66,2001,26.66,2001,26.66,2001
26.67,0,26.67,0,26.67,0,26.67,0,26.67,1989,26.67,1947,26.67,1957,26.67,1999,26.67,0,26.67,0,26.67,0,26.67,0,26.67,2001,26.67,2001,26.67,2001,26.67,2001
26.68,0,26.68,0,26.68,0,26.68,0,26.68,1943,26.68,1961,26.68,2008,26.68,1984,26.68,0,26.68,0,26.68,0,26.68,0,26.68,2001,26.68,2001,26.68,2001,26.68,2001
26.69,0,26.69,0,26.69,0,26.69,0,26.69,2007,26.69,1979,26.69,1966,26.69,1986,26.69,0,26.69,0,26.69,0,26.69,0,26.69,2001,26.69,2001,26.69,2001,26.69,2001
26.7,0,26.7,0,26.7,0,26.7,0,26.7,1948,26.7,2012,26.7,2008,26.7,2016,26.7,0,26.7,0,26.7,0,26.7,0,26.7,2001,26.7,2001,26.7,2001,26.7,2001
26.71,0,26.71,0,26.71,0,26.71,0,26.71,1985,26.71,1968,26.71,2179,26.71,1996,26.71,0,26.71,0,26.71,0,26.71,0,26.71,2001,26.71,2001,26.71,2001,26.71,2001
26.72,0,26.72,0,26.72,0,26.72,0,26.72,2089,26.72,1990,26.72,2015,26.72,1991,26.72,0,26.72,0,26.72,0,26.72,0,26.72,2001,26.72,2001,26.72,2001,26.72,2001
26.73,0,26.73,0,26.73,0,26.73,0,26.73,1991,26.73,2023,26.73,1989,26.73,1947,26.73,0,26.73,0,26.73,0,26.73,0,26.73,2001,26.73,2001,26.73,2001,26.73,2001
26.74,0,26.74,0,26.74,0,26.74,0,26.74,2057,26.74,1997,26.74,2012,26.74,1996,26.74,0,26.74,0,26.74,0,26.74,0,26.74,2001,26.74,2001,26.74,2001,26.74,2001
26.75,0,26.75,0,26.75,0,26.75,0,26.75,2001,26.75,2067,26.75,1984,26.75,1999,26.75,0,26.75,0,26.75,0,26.75,0,26.75,2001,26.75,2001,26.75,2001,26.75,2001
26.76,0,26.76,0,26.76,0,26.76,0,26.76,1962,26.76,1987,26.76,1969,26.76,2032,26.76,0,26.76,0,26.76,0,26.76,0,26.76,2001,26.76,2001,26.76,2001,26.76,2001
26.77,0,26.77,0,26.77,0,26.77,0,26.77,1993,26.77,2022,26.77,2008,26.77,1973,26.77,0,26.77,0,26.77,0,26.77,0,26.77,2001,26.77,2001,26.77,2001,26.77,2001
26.78,0,26.78,0,26.78,0,26.78,0,26.78,2035,26.78,1923,26.78,1988,26.78,1970,26.78,0,26.78,0,26.78,0,26.78,0,26.78,2001,26.78,2001,26.78,2001,26.78,2001
26.79,0,26.79,0,26.79,0,26.79,0,26.79,1976,26.79,2104,26.79,1901,26.79,2005,26.79,0,26.79,0,26.79,0,26.79,0,26.79,2001,26.79,2001,26.79,2001,26.79,2001
26.8,0,26.8,0,26.8,0,26.8,0,26.8,2016,26.8,1986,26.8,2006,26.8,1980,26.8,0,26.8,0,26.8,0,26.8,0,26.8,2001,26.8,2001,26.8,2001,26.8,2001
26.81,0,26.81,0,26.81,0,26.81,0,26.81,1927,26.81,2004,26.81,2040,26.81,1984,26.81,0,26.81,0,26.81,0,26.81,0,26.81,2001,26.81,2001,26.81,2001,26.81,2001
26.82,0,26.82,0,26.82,0,26.82,0,26.82,1982,26.82,2008,26.82,1976,26.82,2008,26.82,0,26.82,0,26.82,0,26.82,0,26.82,2001,26.82,2001,26.82,2001,26.82,2001
26.83,0,26.83,0,26.83,0,26.83,0,26.83,1993,26.83,2012,26.83,2005,26.83,1979,26.83,0,26.83,0,26.83,0,26.83,0,26.83,2001,26.83,2001,26.83,2001,26.83,2001
26.84,0,26.84,0,26.84,0,26.84,0,26.84,1996,26.84,2010,26.84,1991,26.84,2020,26.84,0,26.84,0,26.84,0,26.84,0,26.84,2001,26.84,2001,26.84,2001,26.84,2001
26.85,0,26.85,0,26.85,0,26.85,0,26.85,1986,26.85,2007,26.85,1956,26.85,2005,26.85,0,26.85,0,26.85,0,26.85,0,26.85,2001,26.85,2001,26.85,2001,26.85,2001
26.86,0,26.86,0,26.86,0,26.86,0,26.86,1992,26.86,2012,26.86,2015,26.86,1973,26.86,0,26.86,0,26.86,0,26.86,0,26.86,2001,26.86,2001,26.86,2001,26.86,2001
26.87,0,26.87,0,26.87,0,26.87,0,26.87,1992,26.87,1999,26.87,1990,26.87,1991,26.87,0,26.87,0,26.87,0,26.87,0,26.87,2001,26.87,2001,26.87,2001,26.87,2001
26.88,0,26.88,0,26.88,0,26.88,0,26.88,1997,26.88,1984,26.88,2085,26.88,1988,26.88,0,26.88,0,26.88,0,26.88,0,26.88,2001,26.88,2001,26.88,2001,26.88,2001
26.89,0,26.89,0,26.89,0,26.89,0,26.89,2040,26.89,1998,26.89,2015,26.89,2073,26.89,0,26.89,0,26.89,0,26.89,0,26.89,2001,26.89,2001,26.89,2001,26.89,2001
26.9,0,26.9,0,26.9,0,26.9,0,26.9,1994,26.9,2002,26.9,1970,26.9,2014,26.9,0,26.9,0,26.9,0,26.9,0,26.9,2001,26.9,2001,26.9,2001,26.9,2001
26.91,0,26.91,0,26.91,0,26.91,0,26.91,1990,26.91,2008,26.91,1977,26.91,2024,26.91,0,26.91,0,26.91,0,26.91,0,26.91,2001,26.91,2001,26.91,2001,26.91,2001
26.92,0,26.92,0,26.92,0,26.92,0,26.92,1990,26.92,1980,26.92,1978,26.92,1991,26.92,0,26.92,0,26.92,0,26.92,0,26.92,2001,26.92,2001,26.92,2001,26.92,2001
26.93,0,26.93,0,26.93,0,26.93,0,26.93,2096,26.93,2014,26.93,2009,26.93,2033,26.93,0,26.93,0,26.93,0,26.93,0,26.93,2001,26.93,2001,26.93,2001,26.93,2001
26.94,0,26.94,0,26.94,0,26.94,0,26.94,1989,26.94,2046,26.94,1981,26.94,1978,26.94,0,26.94,0,26.94,0,26.94,0,26.94,2001,26.94,2001,26.94,2001,26.94,2001
26.95,0,26.95,0,26.95,0,26.95,0,26.95,1968,26.95,2022,26.95,1978,26.95,2019,26.95,0,26.95,0,26.95,0,26.95,0,26.95,2001,26.95,2001,26.95,2001,26.95,2001
26.96,0,26.96,0,26.96,0,26.96,0,26.96,1998,26.96,2046,26.96,2010,26.96,2042,26.96,0,26.96,0,26.96,0,26.96,0,26.96,2001,26.96,2001,26.96,2001,26.96,2001
26.97,0,26.97,0,26.97,0,26.97,0,26.97,1983,26.97,2088,26.97,1996,26.97,2011,26.97,0,26.97,0,26.97,0,26.97,0,26.97,2001,26.97,2001,26.97,2001,26.97,2001
26.98,0,26.98,0,26.98,0,26.98,0,26.98,1979,26.98,1990,26.98,1994,26.98,1933,26.98,0,26.98,0,26.98,0,26.98,0,26.98,2001,26.98,2001,26.98,2001,26.98,2001
26.99,0,26.99,0,26.99,0,26.99,0,26.99,2012,26.99,2059,26.99,2011,26.99,1996,26.99,0,26.99,0,26.99,0,26.99,0,26.99,2001,26.99,2001,26.99,2001,26.99,2001
27,0,27,0,27,0,27,0,27,1952,27,1964,27,1989,27,2011,27,0,27,0,27,0,27,0,27,2001,27,2001,27,2001,27,2001
27.01,0,27.01,0,27.01,0,27.01,0,27.01,1978,27.01,1992,27.01,1995,27.01,1983,27.01,0,27.01,0,27.01,0,27.01,0,27.01,2001,27.01,2001,27.01,2001,27.01,2001
27.02,0,27.02,0,27.02,0,27.02,0,27.02,1994,27.02,1985,27.02,1972,27.02,1926,27.02,0,27.02,0,27.02,0,27.02,0,27.02,2001,27.02,2001,27.02,2001,27.02,2001
27.03,0,27.03,0,27.03,0,27.03,0,27.03,2000,27.03,2000,27.03,1993,27.03,1994,27.03,0,27.03,0,27.03,0,27.03,0,27.03,2001,27.03,2001,27.03,2001,27.03,2001
27.04,0,27.04,0,27.04,0,27.04,0,27.04,1995,27.04,2006,27.04,1991,27.04,1974,27.04,0,27.04,0,27.04,0,27.04,0,27.04,2001,27.04,2001,27.04,2001,27.04,2001
27.05,0,27.05,0,27.05,0,27.05,0,27.05,1997,27.05,2027,27.05,2075,27.05,1962,27.05,0,27.05,0,27.05,0,27.05,0,27.05,2001,27.05,2001,27.05,2001,27.05,2001
27.06,0,27.06,0,27.06,0,27.06,0,27.06,2044,27.06,1981,27.06,1993,27.06,2014,27.06,0,27.06,0,27.06,0,27.06,0,27.06,2001,27.06,2001,27.06,2001,27.06,2001
27.07,0,27.07,0,27.07,0,27.07,0,27.07,1984,27.07,2008,27.07,1981,27.07,1975,27.07,0,27.07,0,27.07,0,27.07,0,27.07,2001,27.07,2001,27.07,2001,27.07,2001
27.08,0,27.08,0,27.08,0,27.08,0,27.08,1987,27.08,1997,27.08,1992,27.08,2114,27.08,0,27.08,0,27.08,0,27.08,0,27.08,2001,27.08,2001,27.08,2001,27.08,2001
27.09,0,27.09,0,27.09,0,27.09,0,27.09,2000,27.09,2009,27.09,2054,27.09,2003,27.09,0,27.09,0,27.09,0,27.09,0,27.09,2001,27.09,2001,27.09,2001,27.09,2001
27.1,0,27.1,0,27.1,0,27.1,0,27.1,1978,27.1,2012,27.1,1989,27.1,2038,27.1,0,27.1,0,27.1,0,27.1,0,27.1,2001,27.1,2001,27.1,2001,27.1,2001
27.11,0,27.11,0,27.11,0,27.11,0,27.11,1980,27.11,1953,27.11,1997,27.11,2063,27.11,0,27.11,0,27.11,0,27.11,0,27.11,2001,27.11,2001,27.11,2001,27.11,2001
27.12,0,27.12,0,27.12,0,27.12,0,27.12,2012,27.12,1990,27.12,1990,27.12,2011,27.12,0,27.12,0,27.12,0,27.12,0,27.12,2001,27.12,2001,27.12,2001,27.12,2001
27.13,0,27.13,0,27.13,0,27.13,0,27.13,2079,27.13,2017,27.13,1973,27.13,1989,27.13,0,27.13,0,27.13,0,27.13,0,27.13,2001,27.13,2001,27.13,2001,27.13,2001
27.14,0,27.14,0,27.14,0,27.14,0,27.14,1985,27.14,2016,27.14,1989,27.14,1990,27.14,0,27.14,0,27.14,0,27.14,0,27.14,2001,27.14,2001,27.14,2001,27.14,2001
27.15,0,27.15,0,27.15,0,27.15,0,27.15,2011,27.15,1985,27.15,1987,27.15,2076,27.15,0,27.15,0,27.15,0,27.15,0,27.15,2001,27.15,2001,27.15,2001,27.15,2001
27.16,0,27.16,0,27.16,0,27.16,0,27.16,1976,27.16,2027,27.16,1986,27.16,1987,27.16,0,27.16,0,27.16,0,27.16,0,27.16,2001,27.16,2001,27.16,2001,27.16,2001
27.17,0,27.17,0,27.17,0,27.17,0,27.17,2004,27.17,1998,27.17,2066,27.17,2049,27.17,0,27.17,0,27.17,0,27.17,0,27.17,2001,27.17,2001,27.17,2001,27.17,2001
27.18,0,27.18,0,27.18,0,27.18,0,27.18,2003,27.18,1968,27.18,1981,27.18,2008,27.18,0,27.18,0,27.18,0,27.18,0,27.18,2001,27.18,2001,27.18,2001,27.18,2001
27.19,0,27.19,0,27.19,0,27.19,0,27.19,1989,27.19,2009,27.19,1973,27.19,1998,27.19,0,27.19,0,27.19,0,27.19,0,27.19,2001,27.19,2001,27.19,2001,27.19,2001
27.2,0,27.2,0,27.2,0,27.2,0,27.2,2004,27.2,1968,27.2,2031,27.2,2031,27.2,0,27.2,0,27.2,0,27.2,0,27.2,2001,27.2,2001,27.2,2001,27.2,2001
27.21,0,27.21,0,27.21,0,27.21,0,27.21,2059,27.21,1999,27.21,1987,27.21,2025,27.21,0,27.21,0,27.21,0,27.21,0,27.21,2001,27.21,2001,27.21,2001,27.21,2001
27.22,0,27.22,0,27.22,0,27.22,0,27.22,2076,27.22,2024,27.22,1979,27.22,2025,27.22,0,27.22,0,27.22,0,27.22,0,27.22,2001,27.22,2001,27.22,2001,27.22,2001
27.23,0,27.23,0,27.23,0,27.23,0,27.23,1980,27.23,2024,27.23,2001,27.23,1987,27.23,0,27.23,0,27.23,0,27.23,0,27.23,2001,27.23,2001,27.23,2001,27.23,2001
27.24,0,27.24,0,27.24,0,27.24,0,27.24,2000,27.24,2007,27.24,2007,27.24,2023,27.24,0,27.24,0,27.24,0,27.24,0,27.24,2001,27.24,2001,27.24,2001,27.24,2001
27.25,0,27.25,0,27.25,0,27.25,0,27.25,2095,27.25,2003,27.25,1969,27.25,1987,27.25,0,27.25,0,27.25,0,27.25,0,27.25,2001,27.25,2001,27.25,2001,27.25,2001
27.26,0,27.26,0,27.26,0,27.26,0,27.26,1991,27.26,1987,27.26,2010,27.26,2006,27.26,0,27.26,0,27.26,0,27.26,0,27.26,2001,27.26,2001,27.26,2001,27.26,2001
27.27,0,27.27,0,27.27,0,27.27,0,27.27,1992,27.27,1939,27.27,1983,27.27,2004,27.27,0,27.27,0,27.27,0,27.27,0,27.27,2001,27.27,2001,27.27,2001,27.27,2001
27.28,0,27.28,0,27.28,0,27.28,0,27.28,1990,27.28,1996,27.28,2095,27.28,2003,27.28,0,27.28,0,27.28,0,27.28,0,27.28,2001,27.28,2001,27.28,2001,27.28,2001
27.29,0,27.29,0,27.29,0,27.29,0,27.29,1989,27.29,2014,27.29,2003,27.29,2036,27.29,0,27.29,0,27.29,0,27.29,0,27.29,2001,27.29,2001,27.29,2001,27.29,2001
27.3,0,27.3,0,27.3,0,27.3,0,27.3,1992,27.3,1987,27.3,2002,27.3,2041,27.3,0,27.3,0,27.3,0,27.3,0,27.3,2001,27.3,2001,27.3,2001,27.3,2001
27.31,0,27.31,0,27.31,0,27.31,0,27.31,1978,27.31,1984,27.31,1982,27.31,1984,27.31,0,27.31,0,27.31,0,27.31,0,27.31,2001,27.31,2001,27.31,2001,27.31,2001
27.32,0,27.32,0,27.32,0,27.32,0,27.32,2004,27.32,2009,27.32,1958,27.32,1907,27.32,0,27.32,0,27.32,0,27.32,0,27.32,2001,27.32,2001,27.32,2001,27.32,2001
27.33,0,27.33,0,27.33,0,27.33,0,27.33,2002,27.33,2021,27.33,2009,27.33,2001,27.33,0,27.33,0,27.33,0,27.33,0,27.33,2001,27.33,2001,27.33,2001,27.33,2001
27.34,0,27.34,0,27.34,0,27.34,0,27.34,1982,27.34,2002,27.34,1983,27.34,1981,27.34,0,27.34,0,27.34,0,27.34,0,27.34,2001,27.34,2001,27.34,2001,27.34,2001
27.35,0,27.35,0,27.35,0,27.35,0,27.35,2002,27.35,1961,27.35,1996,27.35,1949,27.35,0,27.35,0,27.35,0,27.35,0,27.35,2001,27.35,2001,27.35,2001,27.35,2001
27.36,0,27.36,0,27.36,0,27.36,0,27.36,2010,27.36,1938,27.36,1976,27.36,1997,27.36,0,27.36,0,27.36,0,27.36,0,27.36,2001,27.36,2001,27.36,2001,27.36,2001
27.37,0,27.37,0,27.37,0,27.37,0,27.37,2010,27.37,1998,27.37,1980,27.37,2004,27.37,0,27.37,0,27.37,0,27.37,0,27.37,2001,27.37,2001,27.37,2001,27.37,2001
27.38,0,27.38,0,27.38,0,27.38,0,27.38,1994,27.38,1910,27.38,1924,27.38,1975,27.38,0,27.38,0,27.38,0,27.38,0,27.38,2001,27.38,2001,27.38,2001,27.38,2001
27.39,0,27.39,0,27.39,0,27.39,0,27.39,2010,27.39,1993,27.39,1984,27.39,1985,27.39,0,27.39,0,27.39,0,27.39,0,27.39,2001,27.39,2001,27.39,2001,27.39,2001
27.4,0,27.4,0,27.4,0,27.4,0,27.4,1995,27.4,2002,27.4,1977,27.4,1981,27.4,0,27.4,0,27.4,0,27.4,0,27.4,2001,27.4,2001,27.4,2001,27.4,2001
27.41,0,27.41,0,27.41,0,27.41,0,27.41,1994,27.41,1982,27.41,2012,27.41,1985,27.41,0,27.41,0,27.41,0,27.41,0,27.41,2001,27.41,2001,27.41,2001,27.41,2001
27.42,0,27.42,0,27.42,0,27.42,0,27.42,1941,27.42,1982,27.42,1993,27.42,1982,27.42,0,27.42,0,27.42,0,27.42,0,27.42,2001,27.42,2001,27.42,2001,27.42,2001
27.43,0,27.43,0,27.43,0,27.43,0,27.43,1983,27.43,2102,27.43,2012,27.43,1966,27.43,0,27.43,0,27.43,0,27.43,0,27.43,2001,27.43,2001,27.43,2001,27.43,2001
27.44,0,27.44,0,27.44,0,27.44,0,27.44,2001,27.44,2002,27.44,1940,27.44,1985,27.44,0,27.44,0,27.44,0,27.44,0,27.44,2001,27.44,2001,27.44,2001,27.44,2001
27.45,0,27.45,0,27.45,0,27.45,0,27.45,2027,27.45,1978,27.45,1977,27.45,2099,27.45,0,27.45,0,27.45,0,27.45,0,27.45,2001,27.45,2001,27.45,2001,27.45,2001
27.46,0,27.46,0,27.46,0,27.46,0,27.46,1987,27.46,1997,27.46,2070,27.46,1986,27.46,0,27.46,0,27.46,0,27.46,0,27.46,2001,27.46,2001,27.46,2001,27.46,2001
27.47,0,27.47,0,27.47,0,27.47,0,27.47,2002,27.47,2127,27.47,1986,27.47,2020,27.47,0,27.47,0,27.47,0,27.47,0,27.47,2001,27.47,2001,27.47,2001,27.47,2001
27.48,0,27.48,0,27.48,0,27.48,0,27.48,1995,27.48,2007,27.48,1990,27.48,2015,27.48,0,27.48,0,27.48,0,27.48,0,27.48,2001,27.48,2001,27.48,2001,27.48,2001
27.49,0,27.49,0,27.49,0,27.49,0,27.49,1991,27.49,1954,27.49,1979,27.49,2012,27.49,0,27.49,0,27.49,0,27.49,0,27.49,2001,27.49,2001,27.49,2001,27.49,2001
27.5,0,27.5,0,27.5,0,27.5,0,27.5,1998,27.5,2000,27.5,1981,27.5,1993,27.5,0,27.5,0,27.5,0,27.5,0,27.5,2001,27.5,2001,27.5,2001,27.5,2001
27.51,0,27.51,0,27.51,0,27.51,0,27.51,2004,27.51,2076,27.51,2024,27.51,2024,27.51,0,27.51,0,27.51,0,27.51,0,27.51,2001,27.51,2001,27.51,2001,27.51,2001
27.52,0,27.52,0,27.52,0,27.52,0,27.52,1934,27.52,2019,27.52,1989,27.52,1960,27.52,0,27.52,0,27.52,0,27.52,0,27.52,2001,27.52,2001,27.52,2001,27.52,2001
27.53,0,27.53,0,27.53,0,27.53,0,27.53,2008,27.53,1981,27.53,2004,27.53,1983,27.53,0,27.53,0,27.53,0,27.53,0,27.53,2001,27.53,2001,27.53,2001,27.53,2001
27.54,0,27.54,0,27.54,0,27.54,0,27.54,1981,27.54,1978,27.54,2002,27.54,1989,27.54,0,27.54,0,27.54,0,27.54,0,27.54,2001,27.54,2001,27.54,2001,27.54,2001
27.55,0,27.55,0,27.55,0,27.55,0,27.55,2000,27.55,2096,27.55,2013,27.55,2049,27.55,0,27.55,0,27.55,0,27.55,0,27.55,2001,27.55,2001,27.55,2001,27.55,2001
27.56,0,27.56,0,27.56,0,27.56,0,27.56,2006,27.56,2017,27.56,1996,27.56,1979,27.56,0,27.56,0,27.56,0,27.56,0,27.56,2001,27.56,2001,27.56,2001,27.56,2001
27.57,0,27.57,0,27.57,0,27.57,0,27.57,2010,27.57,2004,27.57,1984,27.57,2015,27.57,0,27.57,0,27.57,0,27.57,0,27.57,2001,27.57,2001,27.57,2001,27.57,2001
27.58,0,27.58,0,27.58,0,27.58,0,27.58,2007,27.58,1990,27.58,1989,27.58,2054,27.58,0,27.58,0,27.58,0,27.58,0,27.58,2001,27.58,2001,27.58,2001,27.58,2001
27.59,0,27.59,0,27.59,0,27.59,0,27.59,1951,27.59,1962,27.59,2003,27.59,1980,27.59,0,27.59,0,27.59,0,27.59,0,27.59,2001,27.59,2001,27.59,2001,27.59,2001
27.6,0,27.6,0,27.6,0,27.6,0,27.6,1999,27.6,1955,27.6,1987,27.6,2012,27.6,0,27.6,0,27.6,0,27.6,0,27.6,2001,27.6,2001,27.6,2001,27.6,2001
27.61,0,27.61,0,27.61,0,27.61,0,27.61,1995,27.61,1990,27.61,1976,27.61,2028,27.61,0,27.61,0,27.61,0,27.61,0,27.61,2001,27.61,2001,27.61,2001,27.61,2001
27.62,0,27.62,0,27.62,0,27.62,0,27.62,2003,27.62,2023,27.62,1997,27.62,1994,27.62,0,27.62,0,27.62,0,27.62,0,27.62,2001,27.62,2001,27.62,2001,27.62,2001
27.63,0,27.63,0,27.63,0,27.63,0,27.63,2117,27.63,2006,27.63,1993,27.63,2014,27.63,0,27.63,0,27.63,0,27.63,0,27.63,2001,27.63,2001,27.63,2001,27.63,2001
27.64,0,27.64,0,27.64,0,27.64,0,27.64,1972,27.64,1981,27.64,1972,27.64,2002,27.64,0,27.64,0,27.64,0,27.64,0,27.64,2001,27.64,2001,27.64,2001,27.64,2001
27.65,0,27.65,0,27.65,0,27.65,0,27.65,1997,27.65,1956,27.65,2017,27.65,1981,27.65,0,27.65,0,27.65,0,27.65,0,27.65,2001,27.65,2001,27.65,2001,27.65,2001
27.66,0,27.66,0,27.66,0,27.66,0,27.66,1999,27.66,2001,27.66,2053,27.66,2012,27.66,0,27.66,0,27.66,0,27.66,0,27.66,2001,27.66,2001,27.66,2001,27.66,2001
27.67,0,27.67,0,27.67,0,27.67,0,27.67,1993,27.67,2000,27.67,1991,27.67,2019,27.67,0,27.67,0,27.67,0,27.67,0,27.67,2001,27.67,2001,27.67,2001,27.67,2001
27.68,0,27.68,0,27.68,0,27.68,0,27.68,2021,27.68,2008,27.68,1998,27.68,1989,27.68,0,27.68,0,27.68,0,27.68,0,27.68,2001,27.68,2001,27.68,2001,27.68,2001
27.69,0,27.69,0,27.69,0,27.69,0,27.69,1998,27.69,2103,27.69,2023,27.69,2017,27.69,0,27.69,0,27.69,0,27.69,0,27.69,2001,27.69,2001,27.69,2001,27.69,2001
27.7,0,27.7,0,27.7,0,27.7,0,27.7,1989,27.7,1959,27.7,1974,27.7,1976,27.7,0,27.7,0,27.7,0,27.7,0,27.7,2001,27.7,2001,27.7,2001,27.7,2001
27.71,0,27.71,0,27.71,0,27.71,0,27.71,1993,27.71,2023,27.71,1996,27.71,1988,27.71,0,27.71,0,27.71,0,27.71,0,27.71,2001,27.71,2001,27.71,2001,27.71,2001
27.72,0,27.72,0,27.72,0,27.72,0,27.72,1954,27.72,1992,27.72,2005,27.72,2012,27.72,0,27.72,0,27.72,0,27.72,0,27.72,2001,27.72,2001,27.72,2001,27.72,2001
27.73,0,27.73,0,27.73,0,27.73,0,27.73,2002,27.73,1992,27.73,2016,27.73,2078,27.73,0,27.73,0,27.73,0,27.73,0,27.73,2001,27.73,2001,27.73,2001,27.73,2001
27.74,0,27.74,0,27.74,0,27.74,0,27.74,1990,27.74,2010,27.74,2027,27.74,1978,27.74,0,27.74,0,27.74,0,27.74,0,27.74,2001,27.74,2001,27.74,2001,27.74,2001
27.75,0,27.75,0,27.75,0,27.75,0,27.75,2006,27.75,2016,27.75,2115,27.75,1991,27.75,0,27.75,0,27.75,0,27.75,0,27.75,2001,27.75,2001,27.75,2001,27.75,2001
27.76,0,27.76,0,27.76,0,27.76,0,27.76,2035,27.76,1965,27.76,1999,27.76,1961,27.76,0,27.76,0,27.76,0,27.76,0,27.76,2001,27.76,2001,27.76,2001,27.76,2001
27.77,0,27.77,0,27.77,0,27.77,0,27.77,1985,27.77,2024,27.77,1993,27.77,1976,27.77,0,27.77,0,27.77,0,27.77,0,27.77,2001,27.77,2001,27.77,2001,27.77,2001
27.78,0,27.78,0,27.78,0,27.78,0,27.78,2234,27.78,2021,27.78,2016,27.78,1945,27.78,0,27.78,0,27.78,0,27.78,0,27.78,2001,27.78,2001,27.78,2001,27.78,2001
27.79,0,27.79,0,27.79,0,27.79,0,27.79,1987,27.79,1996,27.79,1977,27.79,2028,27.79,0,27.79,0,27.79,0,27.79,0,27.79,2001,27.79,2001,27.79,2001,27.79,2001
27.8,0,27.8,0,27.8,0,27.8,0,27.8,1987,27.8,2012,27.8,2008,27.8,1973,27.8,0,27.8,0,27.8,0,27.8,0,27.8,2001,27.8,2001,27.8,2001,27.8,2001
27.81,0,27.81,0,27.81,0,27.81,0,27.81,1988,27.81,2303,27.81,2016,27.81,2011,27.81,0,27.81,0,27.81,0,27.81,0,27.81,2001,27.81,2001,27.81,2001,27.81,2001
27.82,0,27.82,0,27.82,0,27.82,0,27.82,1995,27.82,1983,27.82,1975,27.82,2012,27.82,0,27.82,0,27.82,0,27.82,0,27.82,2001,27.82,2001,27.82,2001,27.82,2001
27.83,0,27.83,0,27.83,0,27.83,0,27.83,1990,27.83,2016,27.83,2013,27.83,1989,27.83,0,27.83,0,27.83,0,27.83,0,27.83,2001,27.83,2001,27.83,2001,27.83,2001
27.84,0,27.84,0,27.84,0,27.84,0,27.84,2003,27.84,2038,27.84,2012,27.84,1993,27.84,0,27.84,0,27.84,0,27.84,0,27.84,2001,27.84,2001,27.84,2001,27.84,2001
27.85,0,27.85,0,27.85,0,27.85,0,27.85,1986,27.85,1964,27.85,1936,27.85,1998,27.85,0,27.85,0,27.85,0,27.85,0,27.85,2001,27.85,2001,27.85,2001,27.85,2001
27.86,0,27.86,0,27.86,0,27.86,0,27.86,1951,27.86,2001,27.86,2057,27.86,1966,27.86,0,27.86,0,27.86,0,27.86,0,27.86,2001,27.86,2001,27.86,2001,27.86,2001
27.87,0,27.87,0,27.87,0,27.87,0,27.87,1992,27.87,1973,27.87,2013,27.87,2000,27.87,0,27.87,0,27.87,0,27.87,0,27.87,2001,27.87,2001,27.87,2001,27.87,2001
27.88,0,27.88,0,27.88,0,27.88,0,27.88,2003,27.88,1982,27.88,1988,27.88,2025,27.88,0,27.88,0,27.88,0,27.88,0,27.88,2001,27.88,2001,27.88,2001,27.88,2001
27.89,0,27.89,0,27.89,0,27.89,0,27.89,2011,27.89,1965,27.89,1986,27.89,1973,27.89,0,27.89,0,27.89,0,27.89,0,27.89,2001,27.89,2001,27.89,2001,27.89,2001
27.9,0,27.9,0,27.9,0,27.9,0,27.9,1989,27.9,1994,27.9,2044,27.9,1991,27.9,0,27.9,0,27.9,0,27.9,0,27.9,2001,27.9,2001,27.9,2001,27.9,2001
27.91,0,27.91,0,27.91,0,27.91,0,27.91,1983,27.91,1973,27.91,2006,27.91,2018,27.91,0,27.91,0,27.91,0,27.91,0,27.91,2001,27.91,2001,27.91,2001,27.91,2001
27.92,0,27.92,0,27.92,0,27.92,0,27.92,2012,27.92,2100,27.92,1950,27.92,1964,27.92,0,27.92,0,27.92,0,27.92,0,27.92,2001,27.92,2001,27.92,2001,27.92,2001
27.93,0,27.93,0,27.93,0,27.93,0,27.93,2005,27.93,2089,27.93,1990,27.93,2016,27.93,0,27.93,0,27.93,0,27.93,0,27.93,2001,27.93,2001,27.93,2001,27.93,2001
27.94,0,27.94,0,27.94,0,27.94,0,27.94,1969,27.94,2002,27.94,2020,27.94,2025,27.94,0,27.94,0,27.94,0,27.94,0,27.94,2001,27.94,2001,27.94,2001,27.94,2001
27.95,0,27.95,0,27.95,0,27.95,0,27.95,1998,27.95,2133,27.95,2021,27.95,1982,27.95,0,27.95,0,27.95,0,27.95,0,27.95,2001,27.95,2001,27.95,2001,27.95,2001
27.96,0,27.96,0,27.96,0,27.96,0,27.96,1998,27.96,2002,27.96,2005,27.96,2010,27.96,0,27.96,0,27.96,0,27.96,0,27.96,2001,27.96,2001,27.96,2001,27.96,2001
27.97,0,27.97,0,27.97,0,27.97,0,27.97,1968,27.97,2117,27.97,1994,27.97,2021,27.97,0,27.97,0,27.97,0,27.97,0,27.97,2001,27.97,2001,27.97,2001,27.97,2001
27.98,0,27.98,0,27.98,0,27.98,0,27.98,2003,27.98,2001,27.98,2092,27.98,1985,27.98,0,27.98,0,27.98,0,27.98,0,27.98,2001,27.98,2001,27.98,2001,27.98,2001
27.99,0,27.99,0,27.99,0,27.99,0,27.99,1999,27.99,2007,27.99,2047,27.99,1958,27.99,0,27.99,0,27.99,0,27.99,0,27.99,2001,27.99,2001,27.99,2001,27.99,2001
28,0,28,0,28,0,28,0,28,2022,28,2115,28,1969,28,2038,28,0,28,0,28,0,28,0,28,2001,28,2001,28,2001,28,2001
28.01,0,28.01,0,28.01,0,28.01,0,28.01,1995,28.01,1942,28.01,1981,28.01,1983,28.01,0,28.01,0,28.01,0,28.01,0,28.01,2001,28.01,2001,28.01,2001,28.01,2001
28.02,0,28.02,0,28.02,0,28.02,0,28.02,2084,28.02,1981,28.02,2024,28.02,2008,28.02,0,28.02,0,28.02,0,28.02,0,28.02,2001,28.02,2001,28.02,2001,28.02,2001
28.03,0,28.03,0,28.03,0,28.03,0,28.03,1942,28.03,2013,28.03,1996,28.03,1985,28.03,0,28.03,0,28.03,0,28.03,0,28.03,2001,28.03,2001,28.03,2001,28.03,2001
28.04,0,28.04,0,28.04,0,28.04,0,28.04,1990,28.04,2000,28.04,1975,28.04,1985,28.04,0,28.04,0,28.04,0,28.04,0,28.04,2001,28.04,2001,28.04,2001,28.04,2001
28.05,0,28.05,0,28.05,0,28.05,0,28.05,1999,28.05,2008,28.05,1999,28.05,1947,28.05,0,28.05,0,28.05,0,28.05,0,28.05,2001,28.05,2001,28.05,2001,28.05,2001
28.06,0,28.06,0,28.06,0,28.06,0,28.06,1992,28.06,1992,28.06,2036,28.06,1984,28.06,0,28.06,0,28.06,0,28.06,0,28.06,2001,28.06,2001,28.06,2001,28.06,2001
28.07,0,28.07,0,28.07,0,28.07,0,28.07,1997,28.07,2008,28.07,1993,28.07,1951,28.07,0,28.07,0,28.07,0,28.07,0,28.07,2001,28.07,2001,28.07,2001,28.07,2001
28.08,0,28.08,0,28.08,0,28.08,0,28.08,1992,28.08,1959,28.08,2027,28.08,1992,28.08,0,28.08,0,28.08,0,28.08,0,28.08,2001,28.08,2001,28.08,2001,28.08,2001
28.09,0,28.09,0,28.09,0,28.09,0,28.09,1992,28.09,1973,28.09,2012,28.09,2006,28.09,0,28.09,0,28.09,0,28.09,0,28.09,2001,28.09,2001,28.09,2001,28.09,2001
28.1,0,28.1,0,28.1,0,28.1,0,28.1,1949,28.1,1971,28.1,1973,28.1,1978,28.1,0,28.1,0,28.1,0,28.1,0,28.1,2001,28.1,2001,28.1,2001,28.1,2001
28.11,0,28.11,0,28.11,0,28.11,0,28.11,1952,28.11,2006,28.11,2095,28.11,1999,28.11,0,28.11,0,28.11,0,28.11,0,28.11,2001,28.11,2001,28.11,2001,28.11,2001
28.12,0,28.12,0,28.12,0,28.12,0,28.12,1965,28.12,1997,28.12,1991,28.12,1998,28.12,0,28.12,0,28.12,0,28.12,0,28.12,2001,28.12,2001,28.12,2001,28.12,2001
28.13,0,28.13,0,28.13,0,28.13,0,28.13,1997,28.13,2001,28.13,1990,28.13,1989,28.13,0,28.13,0,28.13,0,28.13,0,28.13,2001,28.13,2001,28.13,2001,28.13,2001
28.14,0,28.14,0,28.14,0,28.14,0,28.14,2044,28.14,2104,28.14,2017,28.14,1929,28.14,0,28.14,0,28.14,0,28.14,0,28.14,2001,28.14,2001,28.14,2001,28.14,2001
28.15,0,28.15,0,28.15,0,28.15,0,28.15,2002,28.15,1985,28.15,2079,28.15,2003,28.15,0,28.15,0,28.15,0,28.15,0,28.15,2001,28.15,2001,28.15,2001,28.15,2001
28.16,0,28.16,0,28.16,0,28.16,0,28.16,1989,28.16,2039,28.16,1930,28.16,1991,28.16,0,28.16,0,28.16,0,28.16,0,28.16,2001,28.16,2001,28.16,2001,28.16,2001
28.17,0,28.17,0,28.17,0,28.17,0,28.17,1995,28.17,1989,28.17,2021,28.17,2005,28.17,0,28.17,0,28.17,0,28.17,0,28.17,2001,28.17,2001,28.17,2001,28.17,2001
28.18,0,28.18,0,28.18,0,28.18,0,28.18,2001,28.18,2008,28.18,2000,28.18,2066,28.18,0,28.18,0,28.18,0,28.18,0,28.18,2001,28.18,2001,28.18,2001,28.18,2001
28.19,0,28.19,0,28.19,0,28.19,0,28.19,1986,28.19,1962,28.19,2046,28.19,1984,28.19,0,28.19,0,28.19,0,28.19,0,28.19,2001,28.19,2001,28.19,2001,28.19,2001
28.2,0,28.2,0,28.2,0,28.2,0,28.2,1998,28.2,1955,28.2,1947,28.2,2019,28.2,0,28.2,0,28.2,0,28.2,0,28.2,2001,28.2,2001,28.2,2001,28.2,2001
28.21,0,28.21,0,28.21,0,28.21,0,28.21,2017,28.21,2025,28.21,2016,28.21,2016,28.21,0,28.21,0,28.21,0,28.21,0,28.21,2001,28.21,2001,28.21,2001,28.21,2001
28.22,0,28.22,0,28.22,0,28.22,0,28.22,1997,28.22,1970,28.22,1964,28.22,1982,28.22,0,28.22,0,28.22,0,28.22,0,28.22,2001,28.22,2001,28.22,2001,28.22,2001
28.23,0,28.23,0,28.23,0,28.23,0,28.23,2122,28.23,2002,28.23,1991,28.23,2038,28.23,0,28.23,0,28.23,0,28.23,0,28.23,2001,28.23,2001,28.23,2001,28.23,2001
28.24,0,28.24,0,28.24,0,28.24,0,28.24,2008,28.24,1986,28.24,1945,28.24,2113,28.24,0,28.24,0,28.24,0,28.24,0,28.24,2001,28.24,2001,28.24,2001,28.24,2001
28.25,0,28.25,0,28.25,0,28.25,0,28.25,1997,28.25,2023,28.25,1980,28.25,1988,28.25,0,28.25,0,28.25,0,28.25,0,28.25,2001,28.25,2001,28.25,2001,28.25,2001
28.26,0,28.26,0,28.26,0,28.26,0,28.26,2007,28.26,1973,28.26,1996,28.26,2135,28.26,0,28.26,0,28.26,0,28.26,0,28.26,2001,28.26,2001,28.26,2001,28.26,2001
28.27,0,28.27,0,28.27,0,28.27,0,28.27,2008,28.27,1983,28.27,2002,28.27,1986,28.27,0,28.27,0,28.27,0,28.27,0,28.27,2001,28.27,2001,28.27,2001,28.27,2001
28.28,0,28.28,0,28.28,0,28.28,0,28.28,1994,28.28,2006,28.28,1986,28.28,2011,28.28,0,28.28,0,28.28,0,28.28,0,28.28,2001,28.28,2001,28.28,2001,28.28,2001
28.29,0,28.29,0,28.29,0,28.29,0,28.29,2014,28.29,1983,28.29,1966,28.29,1994,28.29,0,28.29,0,28.29,0,28.29,0,28.29,2001,28.29,2001,28.29,2001,28.29,2001
28.3,0,28.3,0,28.3,0,28.3,0,28.3,2017,28.3,2025,28.3,2013,28.3,2000,28.3,0,28.3,0,28.3,0,28.3,0,28.3,2001,28.3,2001,28.3,2001,28.3,2001
28.31,0,28.31,0,28.31,0,28.31,0,28.31,1944,28.31,1971,28.31,1898,28.31,1970,28.31,0,28.31,0,28.31,0,28.31,0,28.31,2001,28.31,2001,28.31,2001,28.31,2001
28.32,0,28.32,0,28.32,0,28.32,0,28.32,1993,28.32,2116,28.32,1959,28.32,1979,28.32,0,28.32,0,28.32,0,28.32,0,28.32,2001,28.32,2001,28.32,2001,28.32,2001
28.33,0,28.33,0,28.33,0,28.33,0,28.33,1979,28.33,1999,28.33,1998,28.33,1993,28.33,0,28.33,0,28.33,0,28.33,0,28.33,2001,28.33,2001,28.33,2001,28.33,2001
28.34,0,28.34,0,28.34,0,28.34,0,28.34,1971,28.34,1989,28.34,1988,28.34,2066,28.34,0,28.34,0,28.34,0,28.34,0,28.34,2001,28.34,2001,28.34,2001,28.34,2001
28.35,0,28.35,0,28.35,0,28.35,0,28.35,1997,28.35,1988,28.35,1992,28.35,2011,28.35,0,28.35,0,28.35,0,28.35,0,28.35,2001,28.35,2001,28.35,2001,28.35,2001
28.36,0,28.36,0,28.36,0,28.36,0,28.36,1979,28.36,1997,28.36,1994,28.36,2002,28.36,0,28.36,0,28.36,0,28.36,0,28.36,2001,28.36,2001,28.36,2001,28.36,2001
28.37,0,28.37,0,28.37,0,28.37,0,28.37,1996,28.37,1981,28.37,1999,28.37,1979,28.37,0,28.37,0,28.37,0,28.37,0,28.37,2001,28.37,2001,28.37,2001,28.37,2001
28.38,0,28.38,0,28.38,0,28.38,0,28.38,2110,28.38,1988,28.38,1985,28.38,1998,28.38,0,28.38,0,28.38,0,28.38,0,28.38,2001,28.38,2001,28.38,2001,28.38,2001
28.39,0,28.39,0,28.39,0,28.39,0,28.39,1972,28.39,1997,28.39,2008,28.39,2009,28.39,0,28.39,0,28.39,0,28.39,0,28.39,2001,28.39,2001,28.39,2001,28.39,2001
28.4,0,28.4,0,28.4,0,28.4,0,28.4,2025,28.4,1941,28.4,2161,28.4,2006,28.4,0,28.4,0,28.4,0,28.4,0,28.4,2001,28.4,2001,28.4,2001,28.4,2001
28.41,0,28.41,0,28.41,0,28.41,0,28.41,1986,28.41,2129,28.41,1928,28.41,2015,28.41,0,28.41,0,28.41,0,28.41,0,28.41,2001,28.41,2001,28.41,2001,28.41,2001
28.42,0,28.42,0,28.42,0,28.42,0,28.42,1979,28.42,1969,28.42,2012,28.42,1950,28.42,0,28.42,0,28.42,0,28.42,0,28.42,2001,28.42,2001,28.42,2001,28.42,2001
28.43,0,28.43,0,28.43,0,28.43,0,28.43,2003,28.43,1996,28.43,1973,28.43,1999,28.43,0,28.43,0,28.43,0,28.43,0,28.43,2001,28.43,2001,28.43,2001,28.43,2001
28.44,0,28.44,0,28.44,0,28.44,0,28.44,1989,28.44,1995,28.44,1850,28.44,1994,28.44,0,28.44,0,28.44,0,28.44,0,28.44,2001,28.44,2001,28.44,2001,28.44,2001
28.45,0,28.45,0,28.45,0,28.45,0,28.45,1998,28.45,1970,28.45,1976,28.45,2130,28.45,0,28.45,0,28.45,0,28.45,0,28.45,2001,28.45,2001,28.45,2001,28.45,2001
28.46,0,28.46,0,28.46,0,28.46,0,28.46,1995,28.46,1981,28.46,1978,28.46,1986,28.46,0,28.46,0,28.46,0,28.46,0,28.46,2001,28.46,2001,28.46,2001,28.46,2001
28.47,0,28.47,0,28.47,0,28.47,0,28.47,2130,28.47,2005,28.47,1992,28.47,1994,28.47,0,28.47,0,28.47,0,28.47,0,28.47,2001,28.47,2001,28.47,2001,28.47,2001
28.48,0,28.48,0,28.48,0,28.48,0,28.48,2006,28.48,1971,28.48,1990,28.48,2009,28.48,0,28.48,0,28.48,0,28.48,0,28.48,2001,28.48,2001,28.48,2001,28.48,2001
28.49,0,28.49,0,28.49,0,28.49,0,28.49,1988,28.49,1979,28.49,1902,28.49,1983,28.49,0,28.49,0,28.49,0,28.49,0,28.49,2001,28.49,2001,28.49,2001,28.49,2001
28.5,0,28.5,0,28.5,0,28.5,0,28.5,2000,28.5,2014,28.5,1969,28.5,1988,28.5,0,28.5,0,28.5,0,28.5,0,28.5,2001,28.5,2001,28.5,2001,28.5,2001
28.51,0,28.51,0,28.51,0,28.51,0,28.51,2003,28.51,2015,28.51,1976,28.51,1998,28.51,0,28.51,0,28.51,0,28.51,0,28.51,2001,28.51,2001,28.51,2001,28.51,2001
28.52,0,28.52,0,28.52,0,28.52,0,28.52,1999,28.52,1957,28.52,2007,28.52,1986,28.52,0,28.52,0,28.52,0,28.52,0,28.52,2001,28.52,2001,28.52,2001,28.52,2001
28.53,0,28.53,0,28.53,0,28.53,0,28.53,1971,28.53,1933,28.53,1989,28.53,1912,28.53,0,28.53,0,28.53,0,28.53,0,28.53,2001,28.53,2001,28.53,2001,28.53,2001
28.54,0,28.54,0,28.54,0,28.54,0,28.54,2017,28.54,1998,28.54,1976,28.54,1990,28.54,0,28.54,0,28.54,0,28.54,0,28.54,2001,28.54,2001,28.54,2001,28.54,2001
28.55,0,28.55,0,28.55,0,28.55,0,28.55,2016,28.55,2013,28.55,1977,28.55,2005,28.55,0,28.55,0,28.55,0,28.55,0,28.55,2001,28.55,2001,28.55,2001,28.55,2001
28.56,0,28.56,0,28.56,0,28.56,0,28.56,2017,28.56,2026,28.56,1978,28.56,1978,28.56,0,28.56,0,28.56,0,28.56,0,28.56,2001,28.56,2001,28.56,2001,28.56,2001
28.57,0,28.57,0,28.57,0,28.57,0,28.57,1977,28.57,2003,28.57,1991,28.57,2038,28.57,0,28.57,0,28.57,0,28.57,0,28.57,2001,28.57,2001,28.57,2001,28.57,2001
28.58,0,28.58,0,28.58,0,28.58,0,28.58,1995,28.58,1994,28.58,2014,28.58,2000,28.58,0,28.58,0,28.58,0,28.58,0,28.58,2001,28.58,2001,28.58,2001,28.58,2001
28.59,0,28.59,0,28.59,0,28.59,0,28.59,1997,28.59,2018,28.59,2014,28.59,2021,28.59,0,28.59,0,28.59,0,28.59,0,28.59,2001,28.59,2001,28.59,2001,28.59,2001
28.6,0,28.6,0,28.6,0,28.6,0,28.6,1998,28.6,2002,28.6,1973,28.6,2078,28.6,0,28.6,0,28.6,0,28.6,0,28.6,2001,28.6,2001,28.6,2001,28.6,2001
28.61,0,28.61,0,28.61,0,28.61,0,28.61,1985,28.61,2001,28.61,2063,28.61,1993,28.61,0,28.61,0,28.61,0,28.61,0,28.61,2001,28.61,2001,28.61,2001,28.61,2001
28.62,0,28.62,0,28.62,0,28.62,0,28.62,1983,28.62,2012,28.62,1978,28.62,1982,28.62,0,28.62,0,28.62,0,28.62,0,28.62,2001,28.62,2001,28.62,2001,28.62,2001
28.63,0,28.63,0,28.63,0,28.63,0,28.63,2018,28.63,2004,28.63,1984,28.63,1986,28.63,0,28.63,0,28.63,0,28.63,0,28.63,2001,28.63,2001,28.63,2001,28.63,2001
28.64,0,28.64,0,28.64,0,28.64,0,28.64,1998,28.64,2006,28.64,2028,28.64,2095,28.64,0,28.64,0,28.64,0,28.64,0,28.64,2001,28.64,2001,28.64,2001,28.64,2001
28.65,0,28.65,0,28.65,0,28.65,0,28.65,2008,28.65,1980,28.65,2016,28.65,2000,28.65,0,28.65,0,28.65,0,28.65,0,28.65,2001,28.65,2001,28.65,2001,28.65,2001
28.66,0,28.66,0,28.66,0,28.66,0,28.66,2024,28.66,2024,28.66,2018,28.66,1968,28.66,0,28.66,0,28.66,0,28.66,0,28.66,2001,28.66,2001,28.66,2001,28.66,2001
28.67,0,28.67,0,28.67,0,28.67,0,28.67,1989,28.67,1974,28.67,2014,28.67,1984,28.67,0,28.67,0,28.67,0,28.67,0,28.67,2001,28.67,2001,28.67,2001,28.67,2001
28.68,0,28.68,0,28.68,0,28.68,0,28.68,1984,28.68,1929,28.68,1950,28.68,2126,28.68,0,28.68,0,28.68,0,28.68,0,28.68,2001,28.68,2001,28.68,2001,28.68,2001
28.69,0,28.69,0,28.69,0,28.69,0,28.69,1990,28.69,2000,28.69,2117,28.69,1984,28.69,0,28.69,0,28.69,0,28.69,0,28.69,2001,28.69,2001,28.69,2001,28.69,2001
28.7,0,28.7,0,28.7,0,28.7,0,28.7,1992,28.7,1974,28.7,1994,28.7,1952,28.7,0,28.7,0,28.7,0,28.7,0,28.7,2001,28.7,2001,28.7,2001,28.7,2001
28.71,0,28.71,0,28.71,0,28.71,0,28.71,1976,28.71,2012,28.71,2005,28.71,1959,28.71,0,28.71,0,28.71,0,28.71,0,28.71,2001,28.71,2001,28.71,2001,28.71,2001
28.72,0,28.72,0,28.72,0,28.72,0,28.72,1996,28.72,1996,28.72,1968,28.72,1999,28.72,0,28.72,0,28.72,0,28.72,0,28.72,2001,28.72,2001,28.72,2001,28.72,2001
28.73,0,28.73,0,28.73,0,28.73,0,28.73,1989,28.73,2011,28.73,1998,28.73,2011,28.73,0,28.73,0,28.73,0,28.73,0,28.73,2001,28.73,2001,28.73,2001,28.73,2001
28.74,0,28.74,0,28.74,0,28.74,0,28.74,1995,28.74,1964,28.74,2006,28.74,1995,28.74,0,28.74,0,28.74,0,28.74,0,28.74,2001,28.74,2001,28.74,2001,28.74,2001
28.75,0,28.75,0,28.75,0,28.75,0,28.75,2020,28.75,2015,28.75,1986,28.75,1984,28.75,0,28.75,0,28.75,0,28.75,0,28.75,2001,28.75,2001,28.75,2001,28.75,2001
28.76,0,28.76,0,28.76,0,28.76,0,28.76,1970,28.76,2022,28.76,2010,28.76,2006,28.76,0,28.76,0,28.76,0,28.76,0,28.76,2001,28.76,2001,28.76,2001,28.76,2001
28.77,0,28.77,0,28.77,0,28.77,0,28.77,1969,28.77,1975,28.77,2009,28.77,2000,28.77,0,28.77,0,28.77,0,28.77,0,28.77,2001,28.77,2001,28.77,2001,28.77,2001
28.78,0,28.78,0,28.78,0,28.78,0,28.78,1989,28.78,2016,28.78,2030,28.78,1999,28.78,0,28.78,0,28.78,0,28.78,0,28.78,2001,28.78,2001,28.78,2001,28.78,2001
28.79,0,28.79,0,28.79,0,28.79,0,28.79,1995,28.79,1982,28.79,2017,28.79,1989,28.79,0,28.79,0,28.79,0,28.79,0,28.79,2001,28.79,2001,28.79,2001,28.79,2001
28.8,0,28.8,0,28.8,0,28.8,0,28.8,2008,28.8,1988,28.8,2033,28.8,1949,28.8,0,28.8,0,28.8,0,28.8,0,28.8,2001,28.8,2001,28.8,2001,28.8,2001
28.81,0,28.81,0,28.81,0,28.81,0,28.81,2017,28.81,2044,28.81,1986,28.81,1964,28.81,0,28.81,0,28.81,0,28.81,0,28.81,2001,28.81,2001,28.81,2001,28.81,2001
28.82,0,28.82,0,28.82,0,28.82,0,28.82,2007,28.82,2003,28.82,2009,28.82,1972,28.82,0,28.82,0,28.82,0,28.82,0,28.82,2001,28.82,2001,28.82,2001,28.82,2001
28.83,0,28.83,0,28.83,0,28.83,0,28.83,2017,28.83,1989,28.83,2006,28.83,1958,28.83,0,28.83,0,28.83,0,28.83,0,28.83,2001,28.83,2001,28.83,2001,28.83,2001
28.84,0,28.84,0,28.84,0,28.84,0,28.84,1956,28.84,1987,28.84,1990,28.84,1987,28.84,0,28.84,0,28.84,0,28.84,0,28.84,2001,28.84,2001,28.84,2001,28.84,2001
28.85,0,28.85,0,28.85,0,28.85,0,28.85,2029,28.85,1996,28.85,2026,28.85,1984,28.85,0,28.85,0,28.85,0,28.85,0,28.85,2001,28.85,2001,28.85,2001,28.85,2001
28.86,0,28.86,0,28.86,0,28.86,0,28.86,1987,28.86,1982,28.86,2106,28.86,1985,28.86,0,28.86,0,28.86,0,28.86,0,28.86,2001,28.86,2001,28.86,2001,28.86,2001
28.87,0,28.87,0,28.87,0,28.87,0,28.87,2010,28.87,2013,28.87,2108,28.87,1976,28.87,0,28.87,0,28.87,0,28.87,0,28.87,2001,28.87,2001,28.87,2001,28.87,2001
28.88,0,28.88,0,28.88,0,28.88,0,28.88,1968,28.88,1967,28.88,2005,28.88,1998,28.88,0,28.88,0,28.88,0,28.88,0,28.88,2001,28.88,2001,28.88,2001,28.88,2001
28.89,0,28.89,0,28.89,0,28.89,0,28.89,1995,28.89,1984,28.89,2008,28.89,1995,28.89,0,28.89,0,28.89,0,28.89,0,28.89,2001,28.89,2001,28.89,2001,28.89,2001
28.9,0,28.9,0,28.9,0,28.9,0,28.9,2043,28.9,2009,28.9,1980,28.9,1978,28.9,0,28.9,0,28.9,0,28.9,0,28.9,2001,28.9,2001,28.9,2001,28.9,2001
28.91,0,28.91,0,28.91,0,28.91,0,28.91,2023,28.91,2011,28.91,2062,28.91,2005,28.91,0,28.91,0,28.91,0,28.91,0,28.91,2001,28.91,2001,28.91,2001,28.91,2001
28.92,0,28.92,0,28.92,0,28.92,0,28.92,1972,28.92,1994,28.92,2047,28.92,1986,28.92,0,28.92,0,28.92,0,28.92,0,28.92,2001,28.92,2001,28.92,2001,28.92,2001
28.93,0,28.93,0,28.93,0,28.93,0,28.93,1936,28.93,1958,28.93,1992,28.93,2083,28.93,0,28.93,0,28.93,0,28.93,0,28.93,2001,28.93,2001,28.93,2001,28.93,2001
28.94,0,28.94,0,28.94,0,28.94,0,28.94,1979,28.94,2009,28.94,1958,28.94,1995,28.94,0,28.94,0,28.94,0,28.94,0,28.94,2001,28.94,2001,28.94,2001,28.94,2001
28.95,0,28.95,0,28.95,0,28.95,0,28.95,1943,28.95,1991,28.95,1990,28.95,1992,28.95,0,28.95,0,28.95,0,28.95,0,28.95,2001,28.95,2001,28.95,2001,28.95,2001
28.96,0,28.96,0,28.96,0,28.96,0,28.96,1977,28.96,2114,28.96,2024,28.96,2046,28.96,0,28.96,0,28.96,0,28.96,0,28.96,2001,28.96,2001,28.96,2001,28.96,2001
28.97,0,28.97,0,28.97,0,28.97,0,28.97,1995,28.97,1955,28.97,2017,28.97,2013,28.97,0,28.97,0,28.97,0,28.97,0,28.97,2001,28.97,2001,28.97,2001,28.97,2001
28.98,0,28.98,0,28.98,0,28.98,0,28.98,2006,28.98,1984,28.98,1996,28.98,1986,28.98,0,28.98,0,28.98,0,28.98,0,28.98,2001,28.98,2001,28.98,2001,28.98,2001
28.99,0,28.99,0,28.99,0,28.99,0,28.99,1995,28.99,1995,28.99,1993,28.99,2009,28.99,0,28.99,0,28.99,0,28.99,0,28.99,2001,28.99,2001,28.99,2001,28.99,2001
29,0,29,0,29,0,29,0,29,1946,29,1991,29,2003,29,1992,29,0,29,0,29,0,29,0,29,2001,29,2001,29,2001,29,2001
29.01,0,29.01,0,29.01,0,29.01,0,29.01,2011,29.01,1982,29.01,1997,29.01,1985,29.01,0,29.01,0,29.01,0,29.01,0,29.01,2001,29.01,2001,29.01,2001,29.01,2001
29.02,0,29.02,0,29.02,0,29.02,0,29.02,1996,29.02,2015,29.02,2014,29.02,1990,29.02,0,29.02,0,29.02,0,29.02,0,29.02,2001,29.02,2001,29.02,2001,29.02,2001
29.03,0,29.03,0,29.03,0,29.03,0,29.03,1970,29.03,2102,29.03,1966,29.03,1989,29.03,0,29.03,0,29.03,0,29.03,0,29.03,2001,29.03,2001,29.03,2001,29.03,2001
29.04,0,29.04,0,29.04,0,29.04,0,29.04,1994,29.04,2071,29.04,1996,29.04,1990,29.04,0,29.04,0,29.04,0,29.04,0,29.04,2001,29.04,2001,29.04,2001,29.04,2001
29.05,0,29.05,0,29.05,0,29.05,0,29.05,2012,29.05,2121,29.05,1993,29.05,1963,29.05,0,29.05,0,29.05,0,29.05,0,29.05,2001,29.05,2001,29.05,2001,29.05,2001
29.06,0,29.06,0,29.06,0,29.06,0,29.06,1996,29.06,2122,29.06,1981,29.06,2008,29.06,0,29.06,0,29.06,0,29.06,0,29.06,2001,29.06,2001,29.06,2001,29.06,2001
29.07,0,29.07,0,29.07,0,29.07,0,29.07,2023,29.07,1970,29.07,1999,29.07,1996,29.07,0,29.07,0,29.07,0,29.07,0,29.07,2001,29.07,2001,29.07,2001,29.07,2001
29.08,0,29.08,0,29.08,0,29.08,0,29.08,1997,29.08,1978,29.08,1997,29.08,2009,29.08,0,29.08,0,29.08,0,29.08,0,29.08,2001,29.08,2001,29.08,2001,29.08,2001
29.09,0,29.09,0,29.09,0,29.09,0,29.09,1988,29.09,2018,29.09,1998,29.09,2012,29.09,0,29.09,0,29.09,0,29.09,0,29.09,2001,29.09,2001,29.09,2001,29.09,2001
29.1,0,29.1,0,29.1,0,29.1,0,29.1,1996,29.1,1990,29.1,2035,29.1,1999,29.1,0,29.1,0,29.1,0,29.1,0,29.1,2001,29.1,2001,29.1,2001,29.1,2001
29.11,0,29.11,0,29.11,0,29.11,0,29.11,2014,29.11,1996,29.11,1982,29.11,2058,29.11,0,29.11,0,29.11,0,29.11,0,29.11,2001,29.11,2001,29.11,2001,29.11,2001
29.12,0,29.12,0,29.12,0,29.12,0,29.12,1994,29.12,2032,29.12,1995,29.12,2009,29.12,0,29.12,0,29.12,0,29.12,0,29.12,2001,29.12,2001,29.12,2001,29.12,2001
29.13,0,29.13,0,29.13,0,29.13,0,29.13,1993,29.13,2008,29.13,1977,29.13,1984,29.13,0,29.13,0,29.13,0,29.13,0,29.13,2001,29.13,2001,29.13,2001,29.13,2001
29.14,0,29.14,0,29.14,0,29.14,0,29.14,1981,29.14,1985,29.14,1982,29.14,2000,29.14,0,29.14,0,29.14,0,29.14,0,29.14,2001,29.14,2001,29.14,2001,29.14,2001
29.15,0,29.15,0,29.15,0,29.15,0,29.15,1989,29.15,1970,29.15,1982,29.15,2000,29.15,0,29.15,0,29.15,0,29.15,0,29.15,2001,29.15,2001,29.15,2001,29.15,2001
29.16,0,29.16,0,29.16,0,29.16,0,29.16,2013,29.16,1937,29.16,2001,29.16,2000,29.16,0,29.16,0,29.16,0,29.16,0,29.16,2001,29.16,2001,29.16,2001,29.16,2001
29.17,0,29.17,0,29.17,0,29.17,0,29.17,1987,29.17,2010,29.17,1981,29.17,1956,29.17,0,29.17,0,29.17,0,29.17,0,29.17,2001,29.17,2001,29.17,2001,29.17,2001
29.18,0,29.18,0,29.18,0,29.18,0,29.18,1995,29.18,1988,29.18,1965,29.18,2064,29.18,0,29.18,0,29.18,0,29.18,0,29.18,2001,29.18,2001,29.18,2001,29.18,2001
29.19,0,29.19,0,29.19,0,29.19,0,29.19,1995,29.19,1990,29.19,2021,29.19,1950,29.19,0,29.19,0,29.19,0,29.19,0,29.19,2001,29.19,2001,29.19,2001,29.19,2001
29.2,0,29.2,0,29.2,0,29.2,0,29.2,1917,29.2,1990,29.2,1984,29.2,2005,29.2,0,29.2,0,29.2,0,29.2,0,29.2,2001,29.2,2001,29.2,2001,29.2,2001
29.21,0,29.21,0,29.21,0,29.21,0,29.21,1991,29.21,1951,29.21,1990,29.21,2002,29.21,0,29.21,0,29.21,0,29.21,0,29.21,2001,29.21,2001,29.21,2001,29.21,2001
29.22,0,29.22,0,29.22,0,29.22,0,29.22,1973,29.22,1978,29.22,2006,29.22,1950,29.22,0,29.22,0,29.22,0,29.22,0,29.22,2001,29.22,2001,29.22,2001,29.22,2001
29.23,0,29.23,0,29.23,0,29.23,0,29.23,1980,29.23,2119,29.23,1953,29.23,1987,29.23,0,29.23,0,29.23,0,29.23,0,29.23,2001,29.23,2001,29.23,2001,29.23,2001
29.24,0,29.24,0,29.24,0,29.24,0,29.24,1992,29.24,1957,29.24,1935,29.24,1998,29.24,0,29.24,0,29.24,0,29.24,0,29.24,2001,29.24,2001,29.24,2001,29.24,2001
29.25,0,29.25,0,29.25,0,29.25,0,29.25,1999,29.25,2010,29.25,1986,29.25,2006,29.25,0,29.25,0,29.25,0,29.25,0,29.25,2001,29.25,2001,29.25,2001,29.25,2001
29.26,0,29.26,0,29.26,0,29.26,0,29.26,2010,29.26,1940,29.26,1914,29.26,1984,29.26,0,29.26,0,29.26,0,29.26,0,29.26,2001,29.26,2001,29.26,2001,29.26,2001
29.27,0,29.27,0,29.27,0,29.27,0,29.27,2002,29.27,2001,29.27,1965,29.27,2002,29.27,0,29.27,0,29.27,0,29.27,0,29.27,2001,29.27,2001,29.27,2001,29.27,2001
29.28,0,29.28,0,29.28,0,29.28,0,29.28,2047,29.28,2140,29.28,1990,29.28,2007,29.28,0,29.28,0,29.28,0,29.28,0,29.28,2001,29.28,2001,29.28,2001,29.28,2001
29.29,0,29.29,0,29.29,0,29.29,0,29.29,2012,29.29,2071,29.29,1999,29.29,1983,29.29,0,29.29,0,29.29,0,29.29,0,29.29,2001,29.29,2001,29.29,2001,29.29,2001
29.3,0,29.3,0,29.3,0,29.3,0,29.3,2007,29.3,2038,29.3,2440,29.3,2127,29.3,0,29.3,0,29.3,0,29.3,0,29.3,2001,29.3,2001,29.3,2001,29.3,2001
29.31,0,29.31,0,29.31,0,29.31,0,29.31,1999,29.31,1980,29.31,1995,29.31,1921,29.31,0,29.31,0,29.31,0,29.31,0,29.31,2001,29.31,2001,29.31,2001,29.31,2001
29.32,0,29.32,0,29.32,0,29.32,0,29.32,2018,29.32,2057,29.32,1994,29.32,2001,29.32,0,29.32,0,29.32,0,29.32,0,29.32,2001,29.32,2001,29.32,2001,29.32,2001
29.33,0,29.33,0,29.33,0,29.33,0,29.33,2037,29.33,2080,29.33,1975,29.33,2137,29.33,0,29.33,0,29.33,0,29.33,0,29.33,2001,29.33,2001,29.33,2001,29.33,2001
29.34,0,29.34,0,29.34,0,29.34,0,29.34,2014,29.34,2004,29.34,2005,29.34,2024,29.34,0,29.34,0,29.34,0,29.34,0,29.34,2001,29.34,2001,29.34,2001,29.34,2001
29.35,0,29.35,0,29.35,0,29.35,0,29.35,2020,29.35,1934,29.35,2041,29.35,1977,29.35,0,29.35,0,29.35,0,29.35,0,29.35,2001,29.35,2001,29.35,2001,29.35,2001
29.36,0,29.36,0,29.36,0,29.36,0,29.36,1987,29.36,1946,29.36,1976,29.36,2006,29.36,0,29.36,0,29.36,0,29.36,0,29.36,2001,29.36,2001,29.36,2001,29.36,2001
29.37,0,29.37,0,29.37,0,29.37,0,29.37,1992,29.37,1934,29.37,1993,29.37,2010,29.37,0,29.37,0,29.37,0,29.37,0,29.37,2001,29.37,2001,29.37,2001,29.37,2001
29.38,0,29.38,0,29.38,0,29.38,0,29.38,2004,29.38,1978,29.38,1994,29.38,1978,29.38,0,29.38,0,29.38,0,29.38,0,29.38,2001,29.38,2001,29.38,2001,29.38,2001
29.39,0,29.39,0,29.39,0,29.39,0,29.39,2004,29.39,2111,29.39,1977,29.39,2049,29.39,0,29.39,0,29.39,0,29.39,0,29.39,2001,29.39,2001,29.39,2001,29.39,2001
29.4,0,29.4,0,29.4,0,29.4,0,29.4,1997,29.4,2000,29.4,2000,29.4,2082,29.4,0,29.4,0,29.4,0,29.4,0,29.4,2001,29.4,2001,29.4,2001,29.4,2001
29.41,0,29.41,0,29.41,0,29.41,0,29.41,1991,29.41,1990,29.41,2032,29.41,1986,29.41,0,29.41,0,29.41,0,29.41,0,29.41,2001,29.41,2001,29.41,2001,29.41,2001
29.42,0,29.42,0,29.42,0,29.42,0,29.42,2010,29.42,1989,29.42,2014,29.42,2021,29.42,0,29.42,0,29.42,0,29.42,0,29.42,2001,29.42,2001,29.42,2001,29.42,2001
29.43,0,29.43,0,29.43,0,29.43,0,29.43,1953,29.43,2015,29.43,1996,29.43,2007,29.43,0,29.43,0,29.43,0,29.43,0,29.43,2001,29.43,2001,29.43,2001,29.43,2001
29.44,0,29.44,0,29.44,0,29.44,0,29.44,2005,29.44,1999,29.44,1974,29.44,1985,29.44,0,29.44,0,29.44,0,29.44,0,29.44,2001,29.44,2001,29.44,2001,29.44,2001
29.45,0,29.45,0,29.45,0,29.45,0,29.45,1998,29.45,2021,29.45,1963,29.45,2024,29.45,0,29.45,0,29.45,0,29.45,0,29.45,2001,29.45,2001,29.45,2001,29.45,2001
29.46,0,29.46,0,29.46,0,29.46,0,29.46,1982,29.46,2004,29.46,1982,29.46,1999,29.46,0,29.46,0,29.46,0,29.46,0,29.46,2001,29.46,2001,29.46,2001,29.46,2001
29.47,0,29.47,0,29.47,0,29.47,0,29.47,1992,29.47,1980,29.47,1948,29.47,1998,29.47,0,29.47,0,29.47,0,29.47,0,29.47,2001,29.47,2001,29.47,2001,29.47,2001
29.48,0,29.48,0,29.48,0,29.48,0,29.48,2106,29.48,2007,29.48,1994,29.48,2002,29.48,0,29.48,0,29.48,0,29.48,0,29.48,2001,29.48,2001,29.48,2001,29.48,2001
29.49,0,29.49,0,29.49,0,29.49,0,29.49,1987,29.49,1980,29.49,1976,29.49,2000,29.49,0,29.49,0,29.49,0,29.49,0,29.49,2001,29.49,2001,29.49,2001,29.49,2001
29.5,0,29.5,0,29.5,0,29.5,0,29.5,1997,29.5,1929,29.5,2098,29.5,1983,29.5,0,29.5,0,29.5,0,29.5,0,29.5,2001,29.5,2001,29.5,2001,29.5,2001
29.51,0,29.51,0,29.51,0,29.51,0,29.51,1997,29.51,1995,29.51,2024,29.51,2044,29.51,0,29.51,0,29.51,0,29.51,0,29.51,2001,29.51,2001,29.51,2001,29.51,2001
29.52,0,29.52,0,29.52,0,29.52,0,29.52,2061,29.52,1996,29.52,1988,29.52,1996,29.52,0,29.52,0,29.52,0,29.52,0,29.52,2001,29.52,2001,29.52,2001,29.52,2001
29.53,0,29.53,0,29.53,0,29.53,0,29.53,2012,29.53,1950,29.53,2014,29.53,2078,29.53,0,29.53,0,29.53,0,29.53,0,29.53,2001,29.53,2001,29.53,2001,29.53,2001
29.54,0,29.54,0,29.54,0,29.54,0,29.54,2000,29.54,1985,29.54,1983,29.54,1978,29.54,0,29.54,0,29.54,0,29.54,0,29.54,2001,29.54,2001,29.54,2001,29.54,2001
29.55,0,29.55,0,29.55,0,29.55,0,29.55,1995,29.55,1994,29.55,1975,29.55,2002,29.55,0,29.55,0,29.55,0,29.55,0,29.55,2001,29.55,2001,29.55,2001,29.55,2001
29.56,0,29.56,0,29.56,0,29.56,0,29.56,1992,29.56,2010,29.56,1990,29.56,2207,29.56,0,29.56,0,29.56,0,29.56,0,29.56,2001,29.56,2001,29.56,2001,29.56,2001
29.57,0,29.57,0,29.57,0,29.57,0,29.57,1992,29.57,1960,29.57,1944,29.57,1990,29.57,0,29.57,0,29.57,0,29.57,0,29.57,2001,29.57,2001,29.57,2001,29.57,2001
29.58,0,29.58,0,29.58,0,29.58,0,29.58,2004,29.58,1993,29.58,2021,29.58,1981,29.58,0,29.58,0,29.58,0,29.58,0,29.58,2001,29.58,2001,29.58,2001,29.58,2001
29.59,0,29.59,0,29.59,0,29.59,0,29.59,1995,29.59,2075,29.59,1995,29.59,1976,29.59,0,29.59,0,29.59,0,29.59,0,29.59,2001,29.59,2001,29.59,2001,29.59,2001
29.6,0,29.6,0,29.6,0,29.6,0,29.6,1997,29.6,2110,29.6,1985,29.6,1901,29.6,0,29.6,0,29.6,0,29.6,0,29.6,2001,29.6,2001,29.6,2001,29.6,2001
29.61,0,29.61,0,29.61,0,29.61,0,29.61,2011,29.61,1985,29.61,1992,29.61,1981,29.61,0,29.61,0,29.61,0,29.61,0,29.61,2001,29.61,2001,29.61,2001,29.61,2001
29.62,0,29.62,0,29.62,0,29.62,0,29.62,2020,29.62,2004,29.62,2015,29.62,1986,29.62,0,29.62,0,29.62,0,29.62,0,29.62,2001,29.62,2001,29.62,2001,29.62,2001
29.63,0,29.63,0,29.63,0,29.63,0,29.63,2009,29.63,1968,29.63,2002,29.63,2052,29.63,0,29.63,0,29.63,0,29.63,0,29.63,2001,29.63,2001,29.63,2001,29.63,2001
29.64,0,29.64,0,29.64,0,29.64,0,29.64,2000,29.64,2017,29.64,1964,29.64,1985,29.64,0,29.64,0,29.64,0,29.64,0,29.64,2001,29.64,2001,29.64,2001,29.64,2001
29.65,0,29.65,0,29.65,0,29.65,0,29.65,2007,29.65,2000,29.65,2061,29.65,1992,29.65,0,29.65,0,29.65,0,29.65,0,29.65,2001,29.65,2001,29.65,2001,29.65,2001
29.66,0,29.66,0,29.66,0,29.66,0,29.66,1995,29.66,1992,29.66,2007,29.66,2078,29.66,0,29.66,0,29.66,0,29.66,0,29.66,2001,29.66,2001,29.66,2001,29.66,2001
29.67,0,29.67,0,29.67,0,29.67,0,29.67,1986,29.67,1995,29.67,2037,29.67,2023,29.67,0,29.67,0,29.67,0,29.67,0,29.67,2001,29.67,2001,29.67,2001,29.67,2001
29.68,0,29.68,0,29.68,0,29.68,0,29.68,2016,29.68,1996,29.68,2084,29.68,2024,29.68,0,29.68,0,29.68,0,29.68,0,29.68,2001,29.68,2001,29.68,2001,29.68,2001
29.69,0,29.69,0,29.69,0,29.69,0,29.69,2009,29.69,1998,29.69,2015,29.69,1969,29.69,0,29.69,0,29.69,0,29.69,0,29.69,2001,29.69,2001,29.69,2001,29.69,2001
29.7,0,29.7,0,29.7,0,29.7,0,29.7,2006,29.7,2004,29.7,1993,29.7,1968,29.7,0,29.7,0,29.7,0,29.7,0,29.7,2001,29.7,2001,29.7,2001,29.7,2001
29.71,0,29.71,0,29.71,0,29.71,0,29.71,2011,29.71,1972,29.71,2024,29.71,2002,29.71,0,29.71,0,29.71,0,29.71,0,29.71,2001,29.71,2001,29.71,2001,29.71,2001
29.72,0,29.72,0,29.72,0,29.72,0,29.72,2004,29.72,1979,29.72,2148,29.72,2106,29.72,0,29.72,0,29.72,0,29.72,0,29.72,2001,29.72,2001,29.72,2001,29.72,2001
29.73,0,29.73,0,29.73,0,29.73,0,29.73,2035,29.73,1998,29.73,2062,29.73,1990,29.73,0,29.73,0,29.73,0,29.73,0,29.73,2001,29.73,2001,29.73,2001,29.73,2001
29.74,0,29.74,0,29.74,0,29.74,0,29.74,2009,29.74,1985,29.74,2127,29.74,2001,29.74,0,29.74,0,29.74,0,29.74,0,29.74,2001,29.74,2001,29.74,2001,29.74,2001
29.75,0,29.75,0,29.75,0,29.75,0,29.75,2004,29.75,1972,29.75,1986,29.75,1983,29.75,0,29.75,0,29.75,0,29.75,0,29.75,2001,29.75,2001,29.75,2001,29.75,2001
29.76,0,29.76,0,29.76,0,29.76,0,29.76,2012,29.76,1989,29.76,1978,29.76,2132,29.76,0,29.76,0,29.76,0,29.76,0,29.76,2001,29.76,2001,29.76,2001,29.76,2001
29.77,0,29.77,0,29.77,0,29.77,0,29.77,2009,29.77,1986,29.77,2080,29.77,2075,29.77,0,29.77,0,29.77,0,29.77,0,29.77,2001,29.77,2001,29.77,2001,29.77,2001
29.78,0,29.78,0,29.78,0,29.78,0,29.78,2026,29.78,1987,29.78,1979,29.78,1968,29.78,0,29.78,0,29.78,0,29.78,0,29.78,2001,29.78,2001,29.78,2001,29.78,2001
29.79,0,29.79,0,29.79,0,29.79,0,29.79,1980,29.79,2022,29.79,1970,29.79,2009,29.79,0,29.79,0,29.79,0,29.79,0,29.79,2001,29.79,2001,29.79,2001,29.79,2001
29.8,0,29.8,0,29.8,0,29.8,0,29.8,2008,29.8,1970,29.8,1998,29.8,1965,29.8,0,29.8,0,29.8,0,29.8,0,29.8,2001,29.8,2001,29.8,2001,29.8,2001
29.81,0,29.81,0,29.81,0,29.81,0,29.81,1979,29.81,1986,29.81,1995,29.81,1980,29.81,0,29.81,0,29.81,0,29.81,0,29.81,2001,29.81,2001,29.81,2001,29.81,2001
29.82,0,29.82,0,29.82,0,29.82,0,29.82,1998,29.82,1996,29.82,1998,29.82,2008,29.82,0,29.82,0,29.82,0,29.82,0,29.82,2001,29.82,2001,29.82,2001,29.82,2001
29.83,0,29.83,0,29.83,0,29.83,0,29.83,1960,29.83,1974,29.83,2019,29.83,1965,29.83,0,29.83,0,29.83,0,29.83,0,29.83,2001,29.83,2001,29.83,2001,29.83,2001
29.84,0,29.84,0,29.84,0,29.84,0,29.84,1986,29.84,1999,29.84,2060,29.84,1968,29.84,0,29.84,0,29.84,0,29.84,0,29.84,2001,29.84,2001,29.84,2001,29.84,2001
29.85,0,29.85,0,29.85,0,29.85,0,29.85,1950,29.85,2068,29.85,1972,29.85,2024,29.85,0,29.85,0,29.85,0,29.85,0,29.85,2001,29.85,2001,29.85,2001,29.85,2001
29.86,0,29.86,0,29.86,0,29.86,0,29.86,2000,29.86,1990,29.86,1989,29.86,2014,29.86,0,29.86,0,29.86,0,29.86,0,29.86,2001,29.86,2001,29.86,2001,29.86,2001
29.87,0,29.87,0,29.87,0,29.87,0,29.87,2008,29.87,1988,29.87,1944,29.87,1984,29.87,0,29.87,0,29.87,0,29.87,0,29.87,2001,29.87,2001,29.87,2001,29.87,2001
29.88,0,29.88,0,29.88,0,29.88,0,29.88,2015,29.88,2015,29.88,1988,29.88,1986,29.88,0,29.88,0,29.88,0,29.88,0,29.88,2001,29.88,2001,29.88,2001,29.88,2001
29.89,0,29.89,0,29.89,0,29.89,0,29.89,1941,29.89,2056,29.89,1957,29.89,1999,29.89,0,29.89,0,29.89,0,29.89,0,29.89,2001,29.89,2001,29.89,2001,29.89,2001
29.9,0,29.9,0,29.9,0,29.9,0,29.9,1946,29.9,2022,29.9,2021,29.9,1996,29.9,0,29.9,0,29.9,0,29.9,0,29.9,2001,29.9,2001,29.9,2001,29.9,2001
29.91,0,29.91,0,29.91,0,29.91,0,29.91,1958,29.91,1992,29.91,1973,29.91,1993,29.91,0,29.91,0,29.91,0,29.91,0,29.91,2001,29.91,2001,29.91,2001,29.91,2001
29.92,0,29.92,0,29.92,0,29.92,0,29.92,1992,29.92,2010,29.92,1981,29.92,2014,29.92,0,29.92,0,29.92,0,29.92,0,29.92,2001,29.92,2001,29.92,2001,29.92,2001
29.93,0,29.93,0,29.93,0,29.93,0,29.93,2000,29.93,1956,29.93,1991,29.93,1992,29.93,0,29.93,0,29.93,0,29.93,0,29.93,2001,29.93,2001,29.93,2001,29.93,2001
29.94,0,29.94,0,29.94,0,29.94,0,29.94,2040,29.94,1996,29.94,1983,29.94,2014,29.94,0,29.94,0,29.94,0,29.94,0,29.94,2001,29.94,2001,29.94,2001,29.94,2001
29.95,0,29.95,0,29.95,0,29.95,0,29.95,1978,29.95,1960,29.95,1965,29.95,2015,29.95,0,29.95,0,29.95,0,29.95,0,29.95,2001,29.95,2001,29.95,2001,29.95,2001
29.96,0,29.96,0,29.96,0,29.96,0,29.96,1969,29.96,2009,29.96,2002,29.96,2020,29.96,0,29.96,0,29.96,0,29.96,0,29.96,2001,29.96,2001,29.96,2001,29.96,2001
29.97,0,29.97,0,29.97,0,29.97,0,29.97,1983,29.97,2001,29.97,1992,29.97,1956,29.97,0,29.97,0,29.97,0,29.97,0,29.97,2001,29.97,2001,29.97,2001,29.97,2001
29.98,0,29.98,0,29.98,0,29.98,0,29.98,2012,29.98,2006,29.98,2024,29.98,1954,29.98,0,29.98,0,29.98,0,29.98,0,29.98,2001,29.98,2001,29.98,2001,29.98,2001
29.99,0,29.99,0,29.99,0,29.99,0,29.99,1989,29.99,2006,29.99,2002,29.99,1975,29.99,0,29.99,0,29.99,0,29.99,0,29.99,2001,29.99,2001,29.99,2001,29.99,2001
30,0,30,0,30,0,30,0,30,2050,30,1988,30,1994,30,2011,30,0,30,0,30,0,30,0,30,2001,30,2001,30,2001,30,2001
30.01,0,30.01,0,30.01,0,30.01,0,30.01,2017,30.01,1996,30.01,2023,30.01,1996,30.01,0,30.01,0,30.01,0,30.01,0,30.01,2001,30.01,2001,30.01,2001,30.01,2001
30.02,0,30.02,0,30.02,0,30.02,0,30.02,1975,30.02,2041,30.02,2011,30.02,1948,30.02,0,30.02,0,30.02,0,30.02,0,30.02,2001,30.02,2001,30.02,2001,30.02,2001
30.03,0,30.03,0,30.03,0,30.03,0,30.03,1993,30.03,2082,30.03,1997,30.03,2019,30.03,0,30.03,0,30.03,0,30.03,0,30.03,2001,30.03,2001,30.03,2001,30.03,2001
30.04,0,30.04,0,30.04,0,30.04,0,30.04,2013,30.04,1992,30.04,2016,30.04,2008,30.04,0,30.04,0,30.04,0,30.04,0,30.04,2001,30.04,2001,30.04,2001,30.04,2001
30.05,0,30.05,0,30.05,0,30.05,0,30.05,2125,30.05,2067,30.05,2018,30.05,1995,30.05,0,30.05,0,30.05,0,30.05,0,30.05,2001,30.05,2001,30.05,2001,30.05,2001
30.06,0,30.06,0,30.06,0,30.06,0,30.06,1985,30.06,1956,30.06,2005,30.06,1986,30.06,0,30.06,0,30.06,0,30.06,0,30.06,2001,30.06,2001,30.06,2001,30.06,2001
30.07,0,30.07,0,30.07,0,30.07,0,30.07,2134,30.07,1983,30.07,1981,30.07,2013,30.07,0,30.07,0,30.07,0,30.07,0,30.07,2001,30.07,2001,30.07,2001,30.07,2001
30.08,0,30.08,0,30.08,0,30.08,0,30.08,2007,30.08,1975,30.08,2006,30.08,1979,30.08,0,30.08,0,30.08,0,30.08,0,30.08,2001,30.08,2001,30.08,2001,30.08,2001
30.09,0,30.09,0,30.09,0,30.09,0,30.09,1980,30.09,1952,30.09,1965,30.09,2005,30.09,0,30.09,0,30.09,0,30.09,0,30.09,2001,30.09,2001,30.09,2001,30.09,2001
30.1,0,30.1,0,30.1,0,30.1,0,30.1,1993,30.1,2142,30.1,1978,30.1,1989,30.1,0,30.1,0,30.1,0,30.1,0,30.1,2001,30.1,2001,30.1,2001,30.1,2001
30.11,0,30.11,0,30.11,0,30.11,0,30.11,1984,30.11,1995,30.11,2007,30.11,1980,30.11,0,30.11,0,30.11,0,30.11,0,30.11,2001,30.11,2001,30.11,2001,30.11,2001
30.12,0,30.12,0,30.12,0,30.12,0,30.12,2017,30.12,1986,30.12,2001,30.12,1985,30.12,0,30.12,0,30.12,0,30.12,0,30.12,2001,30.12,2001,30.12,2001,30.12,2001
30.13,0,30.13,0,30.13,0,30.13,0,30.13,2032,30.13,1974,30.13,1995,30.13,2003,30.13,0,30.13,0,30.13,0,30.13,0,30.13,2001,30.13,2001,30.13,2001,30.13,2001
30.14,0,30.14,0,30.14,0,30.14,0,30.14,2009,30.14,1955,30.14,2032,30.14,2030,30.14,0,30.14,0,30.14,0,30.14,0,30.14,2001,30.14,2001,30.14,2001,30.14,2001
30.15,0,30.15,0,30.15,0,30.15,0,30.15,1998,30.15,1973,30.15,1948,30.15,2002,30.15,0,30.15,0,30.15,0,30.15,0,30.15,2001,30.15,2001,30.15,2001,30.15,2001
30.16,0,30.16,0,30.16,0,30.16,0,30.16,1960,30.16,1996,30.16,1967,30.16,2005,30.16,0,30.16,0,30.16,0,30.16,0,30.16,2001,30.16,2001,30.16,2001,30.16,2001
30.17,0,30.17,0,30.17,0,30.17,0,30.17,2015,30.17,1964,30.17,2047,30.17,2027,30.17,0,30.17,0,30.17,0,30.17,0,30.17,2001,30.17,2001,30.17,2001,30.17,2001
30.18,0,30.18,0,30.18,0,30.18,0,30.18,1989,30.18,1987,30.18,2000,30.18,2015,30.18,0,30.18,0,30.18,0,30.18,0,30.18,2001,30.18,2001,30.18,2001,30.18,2001
30.19,0,30.19,0,30.19,0,30.19,0,30.19,1983,30.19,1946,30.19,2007,30.19,2016,30.19,0,30.19,0,30.19,0,30.19,0,30.19,2001,30.19,2001,30.19,2001,30.19,2001
30.2,0,30.2,0,30.2,0,30.2,0,30.2,2033,30.2,1968,30.2,1966,30.2,1991,30.2,0,30.2,0,30.2,0,30.2,0,30.2,2001,30.2,2001,30.2,2001,30.2,2001
30.21,0,30.21,0,30.21,0,30.21,0,30.21,1994,30.21,2032,30.21,2020,30.21,2004,30.21,0,30.21,0,30.21,0,30.21,0,30.21,2001,30.21,2001,30.21,2001,30.21,2001
30.22,0,30.22,0,30.22,0,30.22,0,30.22,1997,30.22,2018,30.22,2020,30.22,1997,30.22,0,30.22,0,30.22,0,30.22,0,30.22,2001,30.22,2001,30.22,2001,30.22,2001
30.23,0,30.23,0,30.23,0,30.23,0,30.23,1998,30.23,1994,30.23,1978,30.23,1982,30.23,0,30.23,0,30.23,0,30.23,0,30.23,2001,30.23,2001,30.23,2001,30.23,2001
30.24,0,30.24,0,30.24,0,30.24,0,30.24,2014,30.24,2006,30.24,1990,30.24,1991,30.24,0,30.24,0,30.24,0,30.24,0,30.24,2001,30.24,2001,30.24,2001,30.24,2001
30.25,0,30.25,0,30.25,0,30.25,0,30.25,2001,30.25,1997,30.25,2082,30.25,2009,30.25,0,30.25,0,30.25,0,30.25,0,30.25,2001,30.25,2001,30.25,2001,30.25,2001
30.26,0,30.26,0,30.26,0,30.26,0,30.26,2007,30.26,2017,30.26,2005,30.26,1979,30.26,0,30.26,0,30.26,0,30.26,0,30.26,2001,30.26,2001,30.26,2001,30.26,2001
30.27,0,30.27,0,30.27,0,30.27,0,30.27,2004,30.27,2014,30.27,1974,30.27,1989,30.27,0,30.27,0,30.27,0,30.27,0,30.27,2001,30.27,2001,30.27,2001,30.27,2001
30.28,0,30.28,0,30.28,0,30.28,0,30.28,2000,30.28,2034,30.28,2075,30.28,2014,30.28,0,30.28,0,30.28,0,30.28,0,30.28,2001,30.28,2001,30.28,2001,30.28,2001
30.29,0,30.29,0,30.29,0,30.29,0,30.29,1977,30.29,2006,30.29,1993,30.29,1990,30.29,0,30.29,0,30.29,0,30.29,0,30.29,2001,30.29,2001,30.29,2001,30.29,2001
30.3,0,30.3,0,30.3,0,30.3,0,30.3,2006,30.3,2056,30.3,1995,30.3,1976,30.3,0,30.3,0,30.3,0,30.3,0,30.3,2001,30.3,2001,30.3,2001,30.3,2001
30.31,0,30.31,0,30.31,0,30.31,0,30.31,2008,30.31,2002,30.31,1969,30.31,2008,30.31,0,30.31,0,30.31,0,30.31,0,30.31,2001,30.31,2001,30.31,2001,30.31,2001
30.32,0,30.32,0,30.32,0,30.32,0,30.32,1968,30.32,2012,30.32,1984,30.32,1976,30.32,0,30.32,0,30.32,0,30.32,0,30.32,2001,30.32,2001,30.32,2001,30.32,2001
30.33,0,30.33,0,30.33,0,30.33,0,30.33,1984,30.33,1975,30.33,1983,30.33,1982,30.33,0,30.33,0,30.33,0,30.33,0,30.33,2001,30.33,2001,30.33,2001,30.33,2001
30.34,0,30.34,0,30.34,0,30.34,0,30.34,1983,30.34,2004,30.34,1979,30.34,2001,30.34,0,30.34,0,30.34,0,30.34,0,30.34,2001,30.34,2001,30.34,2001,30.34,2001
30.35,0,30.35,0,30.35,0,30.35,0,30.35,1956,30.35,1981,30.35,2010,30.35,1981,30.35,0,30.35,0,30.35,0,30.35,0,30.35,2001,30.35,2001,30.35,2001,30.35,2001
30.36,0,30.36,0,30.36,0,30.36,0,30.36,1994,30.36,2003,30.36,1992,30.36,2002,30.36,0,30.36,0,30.36,0,30.36,0,30.36,2001,30.36,2001,30.36,2001,30.36,2001
30.37,0,30.37,0,30.37,0,30.37,0,30.37,1985,30.37,1967,30.37,2014,30.37,2034,30.37,0,30.37,0,30.37,0,30.37,0,30.37,2001,30.37,2001,30.37,2001,30.37,2001
30.38,0,30.38,0,30.38,0,30.38,0,30.38,2042,30.38,1994,30.38,2000,30.38,2010,30.38,0,30.38,0,30.38,0,30.38,0,30.38,2001,30.38,2001,30.38,2001,30.38,2001
30.39,0,30.39,0,30.39,0,30.39,0,30.39,2021,30.39,1972,30.39,2062,30.39,1983,30.39,0,30.39,0,30.39,0,30.39,0,30.39,2001,30.39,2001,30.39,2001,30.39,2001
30.4,0,30.4,0,30.4,0,30.4,0,30.4,2019,30.4,2004,30.4,1982,30.4,2040,30.4,0,30.4,0,30.4,0,30.4,0,30.4,2001,30.4,2001,30.4,2001,30.4,2001
30.41,0,30.41,0,30.41,0,30.41,0,30.41,2000,30.41,1984,30.41,2083,30.41,1964,30.41,0,30.41,0,30.41,0,30.41,0,30.41,2001,30.41,2001,30.41,2001,30.41,2001
30.42,0,30.42,0,30.42,0,30.42,0,30.42,1989,30.42,1991,30.42,1998,30.42,2004,30.42,0,30.42,0,30.42,0,30.42,0,30.42,2001,30.42,2001,30.42,2001,30.42,2001
30.43,0,30.43,0,30.43,0,30.43,0,30.43,2006,30.43,1988,30.43,1981,30.43,1968,30.43,0,30.43,0,30.43,0,30.43,0,30.43,2001,30.43,2001,30.43,2001,30.43,2001
30.44,0,30.44,0,30.44,0,30.44,0,30.44,2022,30.44,2005,30.44,2002,30.44,1999,30.44,0,30.44,0,30.44,0,30.44,0,30.44,2001,30.44,2001,30.44,2001,30.44,2001
30.45,0,30.45,0,30.45,0,30.45,0,30.45,1984,30.45,2000,30.45,2020,30.45,1977,30.45,0,30.45,0,30.45,0,30.45,0,30.45,2001,30.45,2001,30.45,2001,30.45,2001
30.46,0,30.46,0,30.46,0,30.46,0,30.46,1975,30.46,2007,30.46,1996,30.46,2011,30.46,0,30.46,0,30.46,0,30.46,0,30.46,2001,30.46,2001,30.46,2001,30.46,2001
30.47,0,30.47,0,30.47,0,30.47,0,30.47,1990,30.47,1978,30.47,1983,30.47,1974,30.47,0,30.47,0,30.47,0,30.47,0,30.47,2001,30.47,2001,30.47,2001,30.47,2001
30.48,0,30.48,0,30.48,0,30.48,0,30.48,2116,30.48,1942,30.48,2001,30.48,1981,30.48,0,30.48,0,30.48,0,30.48,0,30.48,2001,30.48,2001,30.48,2001,30.48,2001
30.49,0,30.49,0,30.49,0,30.49,0,30.49,1990,30.49,2000,30.49,1980,30.49,2011,30.49,0,30.49,0,30.49,0,30.49,0,30.49,2001,30.49,2001,30.49,2001,30.49,2001
30.5,0,30.5,0,30.5,0,30.5,0,30.5,2026,30.5,1994,30.5,2019,30.5,1989,30.5,0,30.5,0,30.5,0,30.5,0,30.5,2001,30.5,2001,30.5,2001,30.5,2001
30.51,0,30.51,0,30.51,0,30.51,0,30.51,2012,30.51,1985,30.51,2096,30.51,1948,30.51,0,30.51,0,30.51,0,30.51,0,30.51,2001,30.51,2001,30.51,2001,30.51,2001
30.52,0,30.52,0,30.52,0,30.52,0,30.52,1999,30.52,2019,30.52,2092,30.52,2006,30.52,0,30.52,0,30.52,0,30.52,0,30.52,2001,30.52,2001,30.52,2001,30.52,2001
30.53,0,30.53,0,30.53,0,30.53,0,30.53,2011,30.53,1941,30.53,2018,30.53,1982,30.53,0,30.53,0,30.53,0,30.53,0,30.53,2001,30.53,2001,30.53,2001,30.53,2001
30.54,0,30.54,0,30.54,0,30.54,0,30.54,1985,30.54,1986,30.54,2161,30.54,1984,30.54,0,30.54,0,30.54,0,30.54,0,30.54,2001,30.54,2001,30.54,2001,30.54,2001
30.55,0,30.55,0,30.55,0,30.55,0,30.55,1967,30.55,2009,30.55,1958,30.55,2031,30.55,0,30.55,0,30.55,0,30.55,0,30.55,2001,30.55,2001,30.55,2001,30.55,2001
30.56,0,30.56,0,30.56,0,30.56,0,30.56,1953,30.56,2018,30.56,1937,30.56,2010,30.56,0,30.56,0,30.56,0,30.56,0,30.56,2001,30.56,2001,30.56,2001,30.56,2001
30.57,0,30.57,0,30.57,0,30.57,0,30.57,1998,30.57,1999,30.57,1992,30.57,2029,30.57,0,30.57,0,30.57,0,30.57,0,30.57,2001,30.57,2001,30.57,2001,30.57,2001
30.58,0,30.58,0,30.58,0,30.58,0,30.58,2005,30.58,1996,30.58,1971,30.58,2039,30.58,0,30.58,0,30.58,0,30.58,0,30.58,2001,30.58,2001,30.58,2001,30.58,2001
30.59,0,30.59,0,30.59,0,30.59,0,30.59,2018,30.59,2019,30.59,1979,30.59,2022,30.59,0,30.59,0,30.59,0,30.59,0,30.59,2001,30.59,2001,30.59,2001,30.59,2001
30.6,0,30.6,0,30.6,0,30.6,0,30.6,2011,30.6,1988,30.6,1985,30.6,2008,30.6,0,30.6,0,30.6,0,30.6,0,30.6,2001,30.6,2001,30.6,2001,30.6,2001
30.61,0,30.61,0,30.61,0,30.61,0,30.61,1981,30.61,2014,30.61,2011,30.61,1991,30.61,0,30.61,0,30.61,0,30.61,0,30.61,2001,30.61,2001,30.61,2001,30.61,2001
30.62,0,30.62,0,30.62,0,30.62,0,30.62,2016,30.62,1996,30.62,1958,30.62,2016,30.62,0,30.62,0,30.62,0,30.62,0,30.62,2001,30.62,2001,30.62,2001,30.62,2001
30.63,0,30.63,0,30.63,0,30.63,0,30.63,1989,30.63,1991,30.63,1979,30.63,2013,30.63,0,30.63,0,30.63,0,30.63,0,30.63,2001,30.63,2001,30.63,2001,30.63,2001
30.64,0,30.64,0,30.64,0,30.64,0,30.64,1974,30.64,2012,30.64,1995,30.64,2005,30.64,0,30.64,0,30.64,0,30.64,0,30.64,2001,30.64,2001,30.64,2001,30.64,2001
30.65,0,30.65,0,30.65,0,30.65,0,30.65,1996,30.65,2070,30.65,1964,30.65,2001,30.65,0,30.65,0,30.65,0,30.65,0,30.65,2001,30.65,2001,30.65,2001,30.65,2001
30.66,0,30.66,0,30.66,0,30.66,0,30.66,1965,30.66,1982,30.66,2050,30.66,1988,30.66,0,30.66,0,30.66,0,30.66,0,30.66,2001,30.66,2001,30.66,2001,30.66,2001
30.67,0,30.67,0,30.67,0,30.67,0,30.67,1988,30.67,2052,30.67,1999,30.67,2004,30.67,0,30.67,0,30.67,0,30.67,0,30.67,2001,30.67,2001,30.67,2001,30.67,2001
30.68,0,30.68,0,30.68,0,30.68,0,30.68,2004,30.68,1991,30.68,1979,30.68,2090,30.68,0,30.68,0,30.68,0,30.68,0,30.68,2001,30.68,2001,30.68,2001,30.68,2001
30.69,0,30.69,0,30.69,0,30.69,0,30.69,1984,30.69,2016,30.69,1932,30.69,1966,30.69,0,30.69,0,30.69,0,30.69,0,30.69,2001,30.69,2001,30.69,2001,30.69,2001
30.7,0,30.7,0,30.7,0,30.7,0,30.7,1989,30.7,2015,30.7,2008,30.7,1997,30.7,0,30.7,0,30.7,0,30.7,0,30.7,2001,30.7,2001,30.7,2001,30.7,2001
30.71,0,30.71,0,30.71,0,30.71,0,30.71,1992,30.71,2002,30.71,1996,30.71,1983,30.71,0,30.71,0,30.71,0,30.71,0,30.71,2001,30.71,2001,30.71,2001,30.71,2001
30.72,0,30.72,0,30.72,0,30.72,0,30.72,2050,30.72,2018,30.72,1994,30.72,2021,30.72,0,30.72,0,30.72,0,30.72,0,30.72,2001,30.72,2001,30.72,2001,30.72,2001
30.73,0,30.73,0,30.73,0,30.73,0,30.73,2011,30.73,2021,30.73,1986,30.73,1940,30.73,0,30.73,0,30.73,0,30.73,0,30.73,2001,30.73,2001,30.73,2001,30.73,2001
30.74,0,30.74,0,30.74,0,30.74,0,30.74,1946,30.74,2023,30.74,1983,30.74,2053,30.74,0,30.74,0,30.74,0,30.74,0,30.74,2001,30.74,2001,30.74,2001,30.74,2001
30.75,0,30.75,0,30.75,0,30.75,0,30.75,1991,30.75,1972,30.75,2055,30.75,1987,30.75,0,30.75,0,30.75,0,30.75,0,30.75,2001,30.75,2001,30.75,2001,30.75,2001
30.76,0,30.76,0,30.76,0,30.76,0,30.76,2002,30.76,2050,30.76,1998,30.76,2000,30.76,0,30.76,0,30.76,0,30.76,0,30.76,2001,30.76,2001,30.76,2001,30.76,2001
30.77,0,30.77,0,30.77,0,30.77,0,30.77,1987,30.77,2004,30.77,1967,30.77,1995,30.77,0,30.77,0,30.77,0,30.77,0,30.77,2001,30.77,2001,30.77,2001,30.77,2001
30.78,0,30.78,0,30.78,0,30.78,0,30.78,1995,30.78,2000,30.78,2002,30.78,1987,30.78,0,30.78,0,30.78,0,30.78,0,30.78,2001,30.78,2001,30.78,2001,30.78,2001
30.79,0,30.79,0,30.79,0,30.79,0,30.79,2014,30.79,2027,30.79,2060,30.79,2063,30.79,0,30.79,0,30.79,0,30.79,0,30.79,2001,30.79,2001,30.79,2001,30.79,2001
30.8,0,30.8,0,30.8,0,30.8,0,30.8,1963,30.8,1994,30.8,2015,30.8,2019,30.8,0,30.8,0,30.8,0,30.8,0,30.8,2001,30.8,2001,30.8,2001,30.8,2001
30.81,0,30.81,0,30.81,0,30.81,0,30.81,1995,30.81,2105,30.81,1990,30.81,1994,30.81,0,30.81,0,30.81,0,30.81,0,30.81,2001,30.81,2001,30.81,2001,30.81,2001
30.82,0,30.82,0,30.82,0,30.82,0,30.82,1993,30.82,1990,30.82,2033,30.82,1946,30.82,0,30.82,0,30.82,0,30.82,0,30.82,2001,30.82,2001,30.82,2001,30.82,2001
30.83,0,30.83,0,30.83,0,30.83,0,30.83,2012,30.83,1977,30.83,2001,30.83,2002,30.83,0,30.83,0,30.83,0,30.83,0,30.83,2001,30.83,2001,30.83,2001,30.83,2001
30.84,0,30.84,0,30.84,0,30.84,0,30.84,1983,30.84,1990,30.84,1926,30.84,1987,30.84,0,30.84,0,30.84,0,30.84,0,30.84,2001,30.84,2001,30.84,2001,30.84,2001
30.85,0,30.85,0,30.85,0,30.85,0,30.85,1966,30.85,1997,30.85,2031,30.85,2010,30.85,0,30.85,0,30.85,0,30.85,0,30.85,2001,30.85,2001,30.85,2001,30.85,2001
30.86,0,30.86,0,30.86,0,30.86,0,30.86,2003,30.86,1927,30.86,2001,30.86,2027,30.86,0,30.86,0,30.86,0,30.86,0,30.86,2001,30.86,2001,30.86,2001,30.86,2001
30.87,0,30.87,0,30.87,0,30.87,0,30.87,1974,30.87,1970,30.87,1979,30.87,2028,30.87,0,30.87,0,30.87,0,30.87,0,30.87,2001,30.87,2001,30.87,2001,30.87,2001
30.88,0,30.88,0,30.88,0,30.88,0,30.88,1993,30.88,2058,30.88,2042,30.88,2050,30.88,0,30.88,0,30.88,0,30.88,0,30.88,2001,30.88,2001,30.88,2001,30.88,2001
30.89,0,30.89,0,30.89,0,30.89,0,30.89,2004,30.89,2014,30.89,1988,30.89,1993,30.89,0,30.89,0,30.89,0,30.89,0,30.89,2001,30.89,2001,30.89,2001,30.89,2001
30.9,0,30.9,0,30.9,0,30.9,0,30.9,1996,30.9,1985,30.9,1992,30.9,1915,30.9,0,30.9,0,30.9,0,30.9,0,30.9,2001,30.9,2001,30.9,2001,30.9,2001
30.91,0,30.91,0,30.91,0,30.91,0,30.91,2127,30.91,2012,30.91,2000,30.91,2051,30.91,0,30.91,0,30.91,0,30.91,0,30.91,2001,30.91,2001,30.91,2001,30.91,2001
30.92,0,30.92,0,30.92,0,30.92,0,30.92,1955,30.92,1998,30.92,1980,30.92,2055,30.92,0,30.92,0,30.92,0,30.92,0,30.92,2001,30.92,2001,30.92,2001,30.92,2001
30.93,0,30.93,0,30.93,0,30.93,0,30.93,1992,30.93,2088,30.93,1984,30.93,1972,30.93,0,30.93,0,30.93,0,30.93,0,30.93,2001,30.93,2001,30.93,2001,30.93,2001
30.94,0,30.94,0,30.94,0,30.94,0,30.94,2011,30.94,2014,30.94,1974,30.94,1994,30.94,0,30.94,0,30.94,0,30.94,0,30.94,2001,30.94,2001,30.94,2001,30.94,2001
30.95,0,30.95,0,30.95,0,30.95,0,30.95,2139,30.95,2075,30.95,1989,30.95,2009,30.95,0,30.95,0,30.95,0,30.95,0,30.95,2001,30.95,2001,30.95,2001,30.95,2001
30.96,0,30.96,0,30.96,0,30.96,0,30.96,1978,30.96,2050,30.96,1986,30.96,1977,30.96,0,30.96,0,30.96,0,30.96,0,30.96,2001,30.96,2001,30.96,2001,30.96,2001
30.97,0,30.97,0,30.97,0,30.97,0,30.97,1996,30.97,2084,30.97,1973,30.97,2014,30.97,0,30.97,0,30.97,0,30.97,0,30.97,2001,30.97,2001,30.97,2001,30.97,2001
30.98,0,30.98,0,30.98,0,30.98,0,30.98,1963,30.98,1992,30.98,1990,30.98,2012,30.98,0,30.98,0,30.98,0,30.98,0,30.98,2001,30.98,2001,30.98,2001,30.98,2001
30.99,0,30.99,0,30.99,0,30.99,0,30.99,1981,30.99,1947,30.99,1923,30.99,1994,30.99,0,30.99,0,30.99,0,30.99,0,30.99,2001,30.99,2001,30.99,2001,30.99,2001
31,0,31,0,31,0,31,0,31,1988,31,2011,31,2004,31,1948,31,0,31,0,31,0,31,0,31,2001,31,2001,31,2001,31,2001
31.01,0,31.01,0,31.01,0,31.01,0,31.01,1947,31.01,2016,31.01,2026,31.01,2027,31.01,0,31.01,0,31.01,0,31.01,0,31.01,2001,31.01,2001,31.01,2001,31.01,2001
31.02,0,31.02,0,31.02,0,31.02,0,31.02,1989,31.02,1994,31.02,1920,31.02,1982,31.02,0,31.02,0,31.02,0,31.02,0,31.02,2001,31.02,2001,31.02,2001,31.02,2001
31.03,0,31.03,0,31.03,0,31.03,0,31.03,1959,31.03,2006,31.03,2018,31.03,1999,31.03,0,31.03,0,31.03,0,31.03,0,31.03,2001,31.03,2001,31.03,2001,31.03,2001
31.04,0,31.04,0,31.04,0,31.04,0,31.04,2006,31.04,1994,31.04,1994,31.04,2003,31.04,0,31.04,0,31.04,0,31.04,0,31.04,2001,31.04,2001,31.04,2001,31.04,2001
31.05,0,31.05,0,31.05,0,31.05,0,31.05,2029,31.05,2082,31.05,1982,31.05,1968,31.05,0,31.05,0,31.05,0,31.05,0,31.05,2001,31.05,2001,31.05,2001,31.05,2001
31.06,0,31.06,0,31.06,0,31.06,0,31.06,1988,31.06,2121,31.06,2009,31.06,1989,31.06,0,31.06,0,31.06,0,31.06,0,31.06,2001,31.06,2001,31.06,2001,31.06,2001
31.07,0,31.07,0,31.07,0,31.07,0,31.07,2006,31.07,2025,31.07,1999,31.07,1952,31.07,0,31.07,0,31.07,0,31.07,0,31.07,2001,31.07,2001,31.07,2001,31.07,2001
31.08,0,31.08,0,31.08,0,31.08,0,31.08,1993,31.08,1991,31.08,1960,31.08,1987,31.08,0,31.08,0,31.08,0,31.08,0,31.08,2001,31.08,2001,31.08,2001,31.08,2001
31.09,0,31.09,0,31.09,0,31.09,0,31.09,1982,31.09,2006,31.09,2003,31.09,2040,31.09,0,31.09,0,31.09,0,31.09,0,31.09,2001,31.09,2001,31.09,2001,31.09,2001
31.1,0,31.1,0,31.1,0,31.1,0,31.1,2038,31.1,2030,31.1,1898,31.1,1987,31.1,0,31.1,0,31.1,0,31.1,0,31.1,2001,31.1,2001,31.1,2001,31.1,2001
31.11,0,31.11,0,31.11,0,31.11,0,31.11,2026,31.11,2001,31.11,2009,31.11,1992,31.11,0,31.11,0,31.11,0,31.11,0,31.11,2001,31.11,2001,31.11,2001,31.11,2001
31.12,0,31.12,0,31.12,0,31.12,0,31.12,1973,31.12,1961,31.12,2000,31.12,1988,31.12,0,31.12,0,31.12,0,31.12,0,31.12,2001,31.12,2001,31.12,2001,31.12,2001
31.13,0,31.13,0,31.13,0,31.13,0,31.13,2034,31.13,1993,31.13,1955,31.13,2008,31.13,0,31.13,0,31.13,0,31.13,0,31.13,2001,31.13,2001,31.13,2001,31.13,2001
31.14,0,31.14,0,31.14,0,31.14,0,31.14,2004,31.14,1993,31.14,1990,31.14,1994,31.14,0,31.14,0,31.14,0,31.14,0,31.14,2001,31.14,2001,31.14,2001,31.14,2001
31.15,0,31.15,0,31.15,0,31.15,0,31.15,1942,31.15,1960,31.15,2078,31.15,1933,31.15,0,31.15,0,31.15,0,31.15,0,31.15,2001,31.15,2001,31.15,2001,31.15,2001
31.16,0,31.16,0,31.16,0,31.16,0,31.16,1956,31.16,2056,31.16,1991,31.16,2010,31.16,0,31.16,0,31.16,0,31.16,0,31.16,2001,31.16,2001,31.16,2001,31.16,2001
31.17,0,31.17,0,31.17,0,31.17,0,31.17,1971,31.17,2006,31.17,1990,31.17,1996,31.17,0,31.17,0,31.17,0,31.17,0,31.17,2001,31.17,2001,31.17,2001,31.17,2001
31.18,0,31.18,0,31.18,0,31.18,0,31.18,1977,31.18,1985,31.18,1984,31.18,1989,31.18,0,31.18,0,31.18,0,31.18,0,31.18,2001,31.18,2001,31.18,2001,31.18,2001
31.19,0,31.19,0,31.19,0,31.19,0,31.19,1979,31.19,2000,31.19,1987,31.19,2026,31.19,0,31.19,0,31.19,0,31.19,0,31.19,2001,31.19,2001,31.19,2001,31.19,2001
31.2,0,31.2,0,31.2,0,31.2,0,31.2,1986,31.2,1993,31.2,1996,31.2,1923,31.2,0,31.2,0,31.2,0,31.2,0,31.2,2001,31.2,2001,31.2,2001,31.2,2001
31.21,0,31.21,0,31.21,0,31.21,0,31.21,1929,31.21,1993,31.21,1942,31.21,1983,31.21,0,31.21,0,31.21,0,31.21,0,31.21,2001,31.21,2001,31.21,2001,31.21,2001
31.22,0,31.22,0,31.22,0,31.22,0,31.22,1996,31.22,2063,31.22,2000,31.22,1998,31.22,0,31.22,0,31.22,0,31.22,0,31.22,2001,31.22,2001,31.22,2001,31.22,2001
31.23,0,31.23,0,31.23,0,31.23,0,31.23,1962,31.23,1950,31.23,1994,31.23,2085,31.23,0,31.23,0,31.23,0,31.23,0,31.23,2001,31.23,2001,31.23,2001,31.23,2001
31.24,0,31.24,0,31.24,0,31.24,0,31.24,1966,31.24,1999,31.24,1988,31.24,1979,31.24,0,31.24,0,31.24,0,31.24,0,31.24,2001,31.24,2001,31.24,2001,31.24,2001
31.25,0,31.25,0,31.25,0,31.25,0,31.25,1985,31.25,2036,31.25,2019,31.25,2022,31.25,0,31.25,0,31.25,0,31.25,0,31.25,2001,31.25,2001,31.25,2001,31.25,2001
31.26,0,31.26,0,31.26,0,31.26,0,31.26,2000,31.26,1988,31.26,1991,31.26,1956,31.26,0,31.26,0,31.26,0,31.26,0,31.26,2001,31.26,2001,31.26,2001,31.26,2001
31.27,0,31.27,0,31.27,0,31.27,0,31.27,2000,31.27,1974,31.27,1998,31.27,1977,31.27,0,31.27,0,31.27,0,31.27,0,31.27,2001,31.27,2001,31.27,2001,31.27,2001
31.28,0,31.28,0,31.28,0,31.28,0,31.28,2010,31.28,1990,31.28,2036,31.28,2029,31.28,0,31.28,0,31.28,0,31.28,0,31.28,2001,31.28,2001,31.28,2001,31.28,2001
31.29,0,31.29,0,31.29,0,31.29,0,31.29,1998,31.29,1995,31.29,2000,31.29,1944,31.29,0,31.29,0,31.29,0,31.29,0,31.29,2001,31.29,2001,31.29,2001,31.29,2001
31.3,0,31.3,0,31.3,0,31.3,0,31.3,2029,31.3,1954,31.3,1930,31.3,2086,31.3,0,31.3,0,31.3,0,31.3,0,31.3,2001,31.3,2001,31.3,2001,31.3,2001
31.31,0,31.31,0,31.31,0,31.31,0,31.31,2004,31.31,1963,31.31,2020,31.31,2002,31.31,0,31.31,0,31.31,0,31.31,0,31.31,2001,31.31,2001,31.31,2001,31.31,2001
31.32,0,31.32,0,31.32,0,31.32,0,31.32,2001,31.32,1998,31.32,1880,31.32,1988,31.32,0,31.32,0,31.32,0,31.32,0,31.32,2001,31.32,2001,31.32,2001,31.32,2001
31.33,0,31.33,0,31.33,0,31.33,0,31.33,1976,31.33,2004,31.33,2012,31.33,1995,31.33,0,31.33,0,31.33,0,31.33,0,31.33,2001,31.33,2001,31.33,2001,31.33,2001
31.34,0,31.34,0,31.34,0,31.34,0,31.34,2013,31.34,1982,31.34,2013,31.34,2008,31.34,0,31.34,0,31.34,0,31.34,0,31.34,2001,31.34,2001,31.34,2001,31.34,2001
31.35,0,31.35,0,31.35,0,31.35,0,31.35,1951,31.35,1951,31.35,1999,31.35,1934,31.35,0,31.35,0,31.35,0,31.35,0,31.35,2001,31.35,2001,31.35,2001,31.35,2001
31.36,0,31.36,0,31.36,0,31.36,0,31.36,1975,31.36,1960,31.36,1986,31.36,1982,31.36,0,31.36,0,31.36,0,31.36,0,31.36,2001,31.36,2001,31.36,2001,31.36,2001
31.37,0,31.37,0,31.37,0,31.37,0,31.37,1986,31.37,1986,31.37,2007,31.37,1973,31.37,0,31.37,0,31.37,0,31.37,0,31.37,2001,31.37,2001,31.37,2001,31.37,2001
31.38,0,31.38,0,31.38,0,31.38,0,31.38,1993,31.38,2018,31.38,1980,31.38,2037,31.38,0,31.38,0,31.38,0,31.38,0,31.38,2001,31.38,2001,31.38,2001,31.38,2001
31.39,0,31.39,0,31.39,0,31.39,0,31.39,1994,31.39,1970,31.39,1995,31.39,1988,31.39,0,31.39,0,31.39,0,31.39,0,31.39,2001,31.39,2001,31.39,2001,31.39,2001
31.4,0,31.4,0,31.4,0,31.4,0,31.4,1995,31.4,2001,31.4,2002,31.4,2109,31.4,0,31.4,0,31.4,0,31.4,0,31.4,2001,31.4,2001,31.4,2001,31.4,2001
31.41,0,31.41,0,31.41,0,31.41,0,31.41,2001,31.41,2002,31.41,1984,31.41,2003,31.41,0,31.41,0,31.41,0,31.41,0,31.41,2001,31.41,2001,31.41,2001,31.41,2001
31.42,0,31.42,0,31.42,0,31.42,0,31.42,2001,31.42,1980,31.42,1992,31.42,1983,31.42,0,31.42,0,31.42,0,31.42,0,31.42,2001,31.42,2001,31.42,2001,31.42,2001
31.43,0,31.43,0,31.43,0,31.43,0,31.43,2005,31.43,2010,31.43,1980,31.43,2040,31.43,0,31.43,0,31.43,0,31.43,0,31.43,2001,31.43,2001,31.43,2001,31.43,2001
31.44,0,31.44,0,31.44,0,31.44,0,31.44,1960,31.44,1973,31.44,1976,31.44,1985,31.44,0,31.44,0,31.44,0,31.44,0,31.44,2001,31.44,2001,31.44,2001,31.44,2001
31.45,0,31.45,0,31.45,0,31.45,0,31.45,2016,31.45,1915,31.45,2003,31.45,1981,31.45,0,31.45,0,31.45,0,31.45,0,31.45,2001,31.45,2001,31.45,2001,31.45,2001
31.46,0,31.46,0,31.46,0,31.46,0,31.46,2037,31.46,1969,31.46,1984,31.46,2015,31.46,0,31.46,0,31.46,0,31.46,0,31.46,2001,31.46,2001,31.46,2001,31.46,2001
31.47,0,31.47,0,31.47,0,31.47,0,31.47,2007,31.47,1987,31.47,1994,31.47,2127,31.47,0,31.47,0,31.47,0,31.47,0,31.47,2001,31.47,2001,31.47,2001,31.47,2001
31.48,0,31.48,0,31.48,0,31.48,0,31.48,1998,31.48,1979,31.48,1990,31.48,1949,31.48,0,31.48,0,31.48,0,31.48,0,31.48,2001,31.48,2001,31.48,2001,31.48,2001
31.49,0,31.49,0,31.49,0,31.49,0,31.49,1968,31.49,2000,31.49,1981,31.49,1992,31.49,0,31.49,0,31.49,0,31.49,0,31.49,2001,31.49,2001,31.49,2001,31.49,2001
31.5,0,31.5,0,31.5,0,31.5,0,31.5,1995,31.5,2019,31.5,2004,31.5,1906,31.5,0,31.5,0,31.5,0,31.5,0,31.5,2001,31.5,2001,31.5,2001,31.5,2001
31.51,0,31.51,0,31.51,0,31.51,0,31.51,1990,31.51,2015,31.51,2070,31.51,2038,31.51,0,31.51,0,31.51,0,31.51,0,31.51,2001,31.51,2001,31.51,2001,31.51,2001
31.52,0,31.52,0,31.52,0,31.52,0,31.52,2033,31.52,1993,31.52,1994,31.52,2061,31.52,0,31.52,0,31.52,0,31.52,0,31.52,2001,31.52,2001,31.52,2001,31.52,2001
31.53,0,31.53,0,31.53,0,31.53,0,31.53,2001,31.53,2007,31.53,2000,31.53,2002,31.53,0,31.53,0,31.53,0,31.53,0,31.53,2001,31.53,2001,31.53,2001,31.53,2001
31.54,0,31.54,0,31.54,0,31.54,0,31.54,2027,31.54,2007,31.54,1918,31.54,2011,31.54,0,31.54,0,31.54,0,31.54,0,31.54,2001,31.54,2001,31.54,2001,31.54,2001
31.55,0,31.55,0,31.55,0,31.55,0,31.55,1982,31.55,1986,31.55,2011,31.55,1998,31.55,0,31.55,0,31.55,0,31.55,0,31.55,2001,31.55,2001,31.55,2001,31.55,2001
31.56,0,31.56,0,31.56,0,31.56,0,31.56,1985,31.56,2016,31.56,1973,31.56,2005,31.56,0,31.56,0,31.56,0,31.56,0,31.56,2001,31.56,2001,31.56,2001,31.56,2001
31.57,0,31.57,0,31.57,0,31.57,0,31.57,1994,31.57,2102,31.57,2128,31.57,2007,31.57,0,31.57,0,31.57,0,31.57,0,31.57,2001,31.57,2001,31.57,2001,31.57,2001
31.58,0,31.58,0,31.58,0,31.58,0,31.58,2000,31.58,2008,31.58,2008,31.58,2003,31.58,0,31.58,0,31.58,0,31.58,0,31.58,2001,31.58,2001,31.58,2001,31.58,2001
31.59,0,31.59,0,31.59,0,31.59,0,31.59,1972,31.59,2019,31.59,1994,31.59,1991,31.59,0,31.59,0,31.59,0,31.59,0,31.59,2001,31.59,2001,31.59,2001,31.59,2001
31.6,0,31.6,0,31.6,0,31.6,0,31.6,1975,31.6,1998,31.6,1991,31.6,1927,31.6,0,31.6,0,31.6,0,31.6,0,31.6,2001,31.6,2001,31.6,2001,31.6,2001
31.61,0,31.61,0,31.61,0,31.61,0,31.61,1993,31.61,1995,31.61,2034,31.61,2084,31.61,0,31.61,0,31.61,0,31.61,0,31.61,2001,31.61,2001,31.61,2001,31.61,2001
31.62,0,31.62,0,31.62,0,31.62,0,31.62,1987,31.62,1960,31.62,1998,31.62,1976,31.62,0,31.62,0,31.62,0,31.62,0,31.62,2001,31.62,2001,31.62,2001,31.62,2001
31.63,0,31.63,0,31.63,0,31.63,0,31.63,2000,31.63,2043,31.63,1984,31.63,1987,31.63,0,31.63,0,31.63,0,31.63,0,31.63,2001,31.63,2001,31.63,2001,31.63,2001
31.64,0,31.64,0,31.64,0,31.64,0,31.64,1967,31.64,1963,31.64,2000,31.64,2003,31.64,0,31.64,0,31.64,0,31.64,0,31.64,2001,31.64,2001,31.64,2001,31.64,2001
31.65,0,31.65,0,31.65,0,31.65,0,31.65,1994,31.65,1958,31.65,1988,31.65,2043,31.65,0,31.65,0,31.65,0,31.65,0,31.65,2001,31.65,2001,31.65,2001,31.65,2001
31.66,0,31.66,0,31.66,0,31.66,0,31.66,1975,31.66,2003,31.66,1970,31.66,2002,31.66,0,31.66,0,31.66,0,31.66,0,31.66,2001,31.66,2001,31.66,2001,31.66,2001
31.67,0,31.67,0,31.67,0,31.67,0,31.67,1969,31.67,1984,31.67,2010,31.67,1922,31.67,0,31.67,0,31.67,0,31.67,0,31.67,2001,31.67,2001,31.67,2001,31.67,2001
31.68,0,31.68,0,31.68,0,31.68,0,31.68,2035,31.68,2000,31.68,2006,31.68,2003,31.68,0,31.68,0,31.68,0,31.68,0,31.68,2001,31.68,2001,31.68,2001,31.68,2001
31.69,0,31.69,0,31.69,0,31.69,0,31.69,1976,31.69,2014,31.69,1999,31.69,1968,31.69,0,31.69,0,31.69,0,31.69,0,31.69,2001,31.69,2001,31.69,2001,31.69,2001
31.7,0,31.7,0,31.7,0,31.7,0,31.7,2126,31.7,1973,31.7,2022,31.7,1972,31.7,0,31.7,0,31.7,0,31.7,0,31.7,2001,31.7,2001,31.7,2001,31.7,2001
31.71,0,31.71,0,31.71,0,31.71,0,31.71,1968,31.71,2071,31.71,2002,31.71,1994,31.71,0,31.71,0,31.71,0,31.71,0,31.71,2001,31.71,2001,31.71,2001,31.71,2001
31.72,0,31.72,0,31.72,0,31.72,0,31.72,2010,31.72,2037,31.72,1970,31.72,1965,31.72,0,31.72,0,31.72,0,31.72,0,31.72,2001,31.72,2001,31.72,2001,31.72,2001
31.73,0,31.73,0,31.73,0,31.73,0,31.73,1997,31.73,1981,31.73,1990,31.73,1992,31.73,0,31.73,0,31.73,0,31.73,0,31.73,2001,31.73,2001,31.73,2001,31.73,2001
31.74,0,31.74,0,31.74,0,31.74,0,31.74,2021,31.74,2003,31.74,2124,31.74,2017,31.74,0,31.74,0,31.74,0,31.74,0,31.74,2001,31.74,2001,31.74,2001,31.74,2001
31.75,0,31.75,0,31.75,0,31.75,0,31.75,1989,31.75,2009,31.75,1984,31.75,1983,31.75,0,31.75,0,31.75,0,31.75,0,31.75,2001,31.75,2001,31.75,2001,31.75,2001
31.76,0,31.76,0,31.76,0,31.76,0,31.76,2004,31.76,1988,31.76,2014,31.76,2013,31.76,0,31.76,0,31.76,0,31.76,0,31.76,2001,31.76,2001,31.76,2001,31.76,2001
31.77,0,31.77,0,31.77,0,31.77,0,31.77,1998,31.77,2005,31.77,1978,31.77,1936,31.77,0,31.77,0,31.77,0,31.77,0,31.77,2001,31.77,2001,31.77,2001,31.77,2001
31.78,0,31.78,0,31.78,0,31.78,0,31.78,1948,31.78,1997,31.78,1944,31.78,1981,31.78,0,31.78,0,31.78,0,31.78,0,31.78,2001,31.78,2001,31.78,2001,31.78,2001
31.79,0,31.79,0,31.79,0,31.79,0,31.79,2020,31.79,2030,31.79,1991,31.79,2005,31.79,0,31.79,0,31.79,0,31.79,0,31.79,2001,31.79,2001,31.79,2001,31.79,2001
31.8,0,31.8,0,31.8,0,31.8,0,31.8,1994,31.8,2011,31.8,1994,31.8,2011,31.8,0,31.8,0,31.8,0,31.8,0,31.8,2001,31.8,2001,31.8,2001,31.8,2001
31.81,0,31.81,0,31.81,0,31.81,0,31.81,2000,31.81,1989,31.81,1944,31.81,2000,31.81,0,31.81,0,31.81,0,31.81,0,31.81,2001,31.81,2001,31.81,2001,31.81,2001
31.82,0,31.82,0,31.82,0,31.82,0,31.82,2004,31.82,2026,31.82,2006,31.82,2043,31.82,0,31.82,0,31.82,0,31.82,0,31.82,2001,31.82,2001,31.82,2001,31.82,2001
31.83,0,31.83,0,31.83,0,31.83,0,31.83,1984,31.83,2020,31.83,1983,31.83,2266,31.83,0,31.83,0,31.83,0,31.83,0,31.83,2001,31.83,2001,31.83,2001,31.83,2001
31.84,0,31.84,0,31.84,0,31.84,0,31.84,1996,31.84,2011,31.84,1981,31.84,1965,31.84,0,31.84,0,31.84,0,31.84,0,31.84,2001,31.84,2001,31.84,2001,31.84,2001
31.85,0,31.85,0,31.85,0,31.85,0,31.85,2010,31.85,2003,31.85,2001,31.85,1917,31.85,0,31.85,0,31.85,0,31.85,0,31.85,2001,31.85,2001,31.85,2001,31.85,2001
31.86,0,31.86,0,31.86,0,31.86,0,31.86,1986,31.86,1982,31.86,1999,31.86,2020,31.86,0,31.86,0,31.86,0,31.86,0,31.86,2001,31.86,2001,31.86,2001,31.86,2001
31.87,0,31.87,0,31.87,0,31.87,0,31.87,1953,31.87,1962,31.87,1976,31.87,1945,31.87,0,31.87,0,31.87,0,31.87,0,31.87,2001,31.87,2001,31.87,2001,31.87,2001
31.88,0,31.88,0,31.88,0,31.88,0,31.88,1991,31.88,1990,31.88,2028,31.88,2010,31.88,0,31.88,0,31.88,0,31.88,0,31.88,2001,31.88,2001,31.88,2001,31.88,2001
31.89,0,31.89,0,31.89,0,31.89,0,31.89,2022,31.89,2012,31.89,1990,31.89,1996,31.89,0,31.89,0,31.89,0,31.89,0,31.89,2001,31.89,2001,31.89,2001,31.89,2001
31.9,0,31.9,0,31.9,0,31.9,0,31.9,1980,31.9,1985,31.9,1980,31.9,2047,31.9,0,31.9,0,31.9,0,31.9,0,31.9,2001,31.9,2001,31.9,2001,31.9,2001
31.91,0,31.91,0,31.91,0,31.91,0,31.91,1959,31.91,1991,31.91,1987,31.91,1991,31.91,0,31.91,0,31.91,0,31.91,0,31.91,2001,31.91,2001,31.91,2001,31.91,2001
31.92,0,31.92,0,31.92,0,31.92,0,31.92,1957,31.92,2008,31.92,2048,31.92,2012,31.92,0,31.92,0,31.92,0,31.92,0,31.92,2001,31.92,2001,31.92,2001,31.92,2001
31.93,0,31.93,0,31.93,0,31.93,0,31.93,1975,31.93,1978,31.93,2030,31.93,1993,31.93,0,31.93,0,31.93,0,31.93,0,31.93,2001,31.93,2001,31.93,2001,31.93,2001
31.94,0,31.94,0,31.94,0,31.94,0,31.94,1998,31.94,2010,31.94,1993,31.94,1993,31.94,0,31.94,0,31.94,0,31.94,0,31.94,2001,31.94,2001,31.94,2001,31.94,2001
31.95,0,31.95,0,31.95,0,31.95,0,31.95,1962,31.95,2014,31.95,1975,31.95,2039,31.95,0,31.95,0,31.95,0,31.95,0,31.95,2001,31.95,2001,31.95,2001,31.95,2001
31.96,0,31.96,0,31.96,0,31.96,0,31.96,1988,31.96,2138,31.96,1978,31.96,2000,31.96,0,31.96,0,31.96,0,31.96,0,31.96,2001,31.96,2001,31.96,2001,31.96,2001
31.97,0,31.97,0,31.97,0,31.97,0,31.97,1998,31.97,2106,31.97,1971,31.97,1960,31.97,0,31.97,0,31.97,0,31.97,0,31.97,2001,31.97,2001,31.97,2001,31.97,2001
31.98,0,31.98,0,31.98,0,31.98,0,31.98,1993,31.98,2111,31.98,2009,31.98,2017,31.98,0,31.98,0,31.98,0,31.98,0,31.98,2001,31.98,2001,31.98,2001,31.98,2001
31.99,0,31.99,0,31.99,0,31.99,0,31.99,1964,31.99,2007,31.99,1984,31.99,1949,31.99,0,31.99,0,31.99,0,31.99,0,31.99,2001,31.99,2001,31.99,2001,31.99,2001
32,0,32,0,32,0,32,0,32,2010,32,1979,32,1997,32,1988,32,0,32,0,32,0,32,0,32,2001,32,2001,32,2001,32,2001
32.01,0,32.01,0,32.01,0,32.01,0,32.01,2009,32.01,2010,32.01,2002,32.01,2007,32.01,0,32.01,0,32.01,0,32.01,0,32.01,2001,32.01,2001,32.01,2001,32.01,2001
32.02,0,32.02,0,32.02,0,32.02,0,32.02,1992,32.02,2016,32.02,1949,32.02,1992,32.02,0,32.02,0,32.02,0,32.02,0,32.02,2001,32.02,2001,32.02,2001,32.02,2001
32.03,0,32.03,0,32.03,0,32.03,0,32.03,2004,32.03,2003,32.03,2017,32.03,1981,32.03,0,32.03,0,32.03,0,32.03,0,32.03,2001,32.03,2001,32.03,2001,32.03,2001
32.04,0,32.04,0,32.04,0,32.04,0,32.04,2004,32.04,1959,32.04,2006,32.04,1997,32.04,0,32.04,0,32.04,0,32.04,0,32.04,2001,32.04,2001,32.04,2001,32.04,2001
32.05,0,32.05,0,32.05,0,32.05,0,32.05,2042,32.05,2002,32.05,2007,32.05,1984,32.05,0,32.05,0,32.05,0,32.05,0,32.05,2001,32.05,2001,32.05,2001,32.05,2001
32.06,0,32.06,0,32.06,0,32.06,0,32.06,2011,32.06,1974,32.06,1996,32.06,2016,32.06,0,32.06,0,32.06,0,32.06,0,32.06,2001,32.06,2001,32.06,2001,32.06,2001
32.07,0,32.07,0,32.07,0,32.07,0,32.07,2003,32.07,2121,32.07,2021,32.07,2019,32.07,0,32.07,0,32.07,0,32.07,0,32.07,2001,32.07,2001,32.07,2001,32.07,2001
32.08,0,32.08,0,32.08,0,32.08,0,32.08,1990,32.08,2003,32.08,1999,32.08,2004,32.08,0,32.08,0,32.08,0,32.08,0,32.08,2001,32.08,2001,32.08,2001,32.08,2001
32.09,0,32.09,0,32.09,0,32.09,0,32.09,2028,32.09,2006,32.09,1994,32.09,1997,32.09,0,32.09,0,32.09,0,32.09,0,32.09,2001,32.09,2001,32.09,2001,32.09,2001
32.1,0,32.1,0,32.1,0,32.1,0,32.1,1981,32.1,2033,32.1,2008,32.1,2039,32.1,0,32.1,0,32.1,0,32.1,0,32.1,2001,32.1,2001,32.1,2001,32.1,2001
32.11,0,32.11,0,32.11,0,32.11,0,32.11,1983,32.11,2006,32.11,2010,32.11,2002,32.11,0,32.11,0,32.11,0,32.11,0,32.11,2001,32.11,2001,32.11,2001,32.11,2001
32.12,0,32.12,0,32.12,0,32.12,0,32.12,1980,32.12,1982,32.12,1987,32.12,2080,32.12,0,32.12,0,32.12,0,32.12,0,32.12,2001,32.12,2001,32.12,2001,32.12,2001
32.13,0,32.13,0,32.13,0,32.13,0,32.13,1972,32.13,1951,32.13,2000,32.13,2012,32.13,0,32.13,0,32.13,0,32.13,0,32.13,2001,32.13,2001,32.13,2001,32.13,2001
32.14,0,32.14,0,32.14,0,32.14,0,32.14,1974,32.14,2024,32.14,1966,32.14,1979,32.14,0,32.14,0,32.14,0,32.14,0,32.14,2001,32.14,2001,32.14,2001,32.14,2001
32.15,0,32.15,0,32.15,0,32.15,0,32.15,1996,32.15,1985,32.15,1969,32.15,1988,32.15,0,32.15,0,32.15,0,32.15,0,32.15,2001,32.15,2001,32.15,2001,32.15,2001
32.16,0,32.16,0,32.16,0,32.16,0,32.16,1984,32.16,2019,32.16,2046,32.16,1988,32.16,0,32.16,0,32.16,0,32.16,0,32.16,2001,32.16,2001,32.16,2001,32.16,2001
32.17,0,32.17,0,32.17,0,32.17,0,32.17,1964,32.17,2015,32.17,2015,32.17,2004,32.17,0,32.17,0,32.17,0,32.17,0,32.17,2001,32.17,2001,32.17,2001,32.17,2001
32.18,0,32.18,0,32.18,0,32.18,0,32.18,1997,32.18,1890,32.18,2002,32.18,2024,32.18,0,32.18,0,32.18,0,32.18,0,32.18,2001,32.18,2001,32.18,2001,32.18,2001
32.19,0,32.19,0,32.19,0,32.19,0,32.19,1984,32.19,2132,32.19,2035,32.19,2006,32.19,0,32.19,0,32.19,0,32.19,0,32.19,2001,32.19,2001,32.19,2001,32.19,2001
32.2,0,32.2,0,32.2,0,32.2,0,32.2,2008,32.2,2004,32.2,1980,32.2,1986,32.2,0,32.2,0,32.2,0,32.2,0,32.2,2001,32.2,2001,32.2,2001,32.2,2001
32.21,0,32.21,0,32.21,0,32.21,0,32.21,2001,32.21,1956,32.21,1986,32.21,1983,32.21,0,32.21,0,32.21,0,32.21,0,32.21,2001,32.21,2001,32.21,2001,32.21,2001
32.22,0,32.22,0,32.22,0,32.22,0,32.22,1992,32.22,2012,32.22,1962,32.22,1980,32.22,0,32.22,0,32.22,0,32.22,0,32.22,2001,32.22,2001,32.22,2001,32.22,2001
32.23,0,32.23,0,32.23,0,32.23,0,32.23,2004,32.23,2020,32.23,2001,32.23,1992,32.23,0,32.23,0,32.23,0,32.23,0,32.23,2001,32.23,2001,32.23,2001,32.23,2001
32.24,0,32.24,0,32.24,0,32.24,0,32.24,1996,32.24,1985,32.24,1957,32.24,1993,32.24,0,32.24,0,32.24,0,32.24,0,32.24,2001,32.24,2001,32.24,2001,32.24,2001
32.25,0,32.25,0,32.25,0,32.25,0,32.25,2035,32.25,1987,32.25,2008,32.25,1936,32.25,0,32.25,0,32.25,0,32.25,0,32.25,2001,32.25,2001,32.25,2001,32.25,2001
32.26,0,32.26,0,32.26,0,32.26,0,32.26,1965,32.26,1993,32.26,1991,32.26,1949,32.26,0,32.26,0,32.26,0,32.26,0,32.26,2001,32.26,2001,32.26,2001,32.26,2001
32.27,0,32.27,0,32.27,0,32.27,0,32.27,2003,32.27,2005,32.27,1983,32.27,1961,32.27,0,32.27,0,32.27,0,32.27,0,32.27,2001,32.27,2001,32.27,2001,32.27,2001
32.28,0,32.28,0,32.28,0,32.28,0,32.28,1962,32.28,2000,32.28,2019,32.28,1999,32.28,0,32.28,0,32.28,0,32.28,0,32.28,2001,32.28,2001,32.28,2001,32.28,2001
32.29,0,32.29,0,32.29,0,32.29,0,32.29,1963,32.29,2004,32.29,2016,32.29,1988,32.29,0,32.29,0,32.29,0,32.29,0,32.29,2001,32.29,2001,32.29,2001,32.29,2001
32.3,0,32.3,0,32.3,0,32.3,0,32.3,1994,32.3,1982,32.3,1980,32.3,1977,32.3,0,32.3,0,32.3,0,32.3,0,32.3,2001,32.3,2001,32.3,2001,32.3,2001
32.31,0,32.31,0,32.31,0,32.31,0,32.31,2001,32.31,2030,32.31,2021,32.31,1932,32.31,0,32.31,0,32.31,0,32.31,0,32.31,2001,32.31,2001,32.31,2001,32.31,2001
32.32,0,32.32,0,32.32,0,32.32,0,32.32,1966,32.32,2008,32.32,1984,32.32,2002,32.32,0,32.32,0,32.32,0,32.32,0,32.32,2001,32.32,2001,32.32,2001,32.32,2001
32.33,0,32.33,0,32.33,0,32.33,0,32.33,1982,32.33,1993,32.33,1922,32.33,1997,32.33,0,32.33,0,32.33,0,32.33,0,32.33,2001,32.33,2001,32.33,2001,32.33,2001
32.34,0,32.34,0,32.34,0,32.34,0,32.34,1996,32.34,2018,32.34,1992,32.34,2044,32.34,0,32.34,0,32.34,0,32.34,0,32.34,2001,32.34,2001,32.34,2001,32.34,2001
32.35,0,32.35,0,32.35,0,32.35,0,32.35,2088,32.35,1962,32.35,1999,32.35,1983,32.35,0,32.35,0,32.35,0,32.35,0,32.35,2001,32.35,2001,32.35,2001,32.35,2001
32.36,0,32.36,0,32.36,0,32.36,0,32.36,2005,32.36,1995,32.36,1946,32.36,1984,32.36,0,32.36,0,32.36,0,32.36,0,32.36,2001,32.36,2001,32.36,2001,32.36,2001
32.37,0,32.37,0,32.37,0,32.37,0,32.37,1977,32.37,1978,32.37,2022,32.37,1984,32.37,0,32.37,0,32.37,0,32.37,0,32.37,2001,32.37,2001,32.37,2001,32.37,2001
32.38,0,32.38,0,32.38,0,32.38,0,32.38,1995,32.38,1996,32.38,2001,32.38,1972,32.38,0,32.38,0,32.38,0,32.38,0,32.38,2001,32.38,2001,32.38,2001,32.38,2001
32.39,0,32.39,0,32.39,0,32.39,0,32.39,1976,32.39,1998,32.39,1995,32.39,1998,32.39,0,32.39,0,32.39,0,32.39,0,32.39,2001,32.39,2001,32.39,2001,32.39,2001
32.4,0,32.4,0,32.4,0,32.4,0,32.4,2028,32.4,1986,32.4,2037,32.4,1995,32.4,0,32.4,0,32.4,0,32.4,0,32.4,2001,32.4,2001,32.4,2001,32.4,2001
32.41,0,32.41,0,32.41,0,32.41,0,32.41,1972,32.41,2002,32.41,2010,32.41,2018,32.41,0,32.41,0,32.41,0,32.41,0,32.41,2001,32.41,2001,32.41,2001,32.41,2001
32.42,0,32.42,0,32.42,0,32.42,0,32.42,1985,32.42,1993,32.42,1969,32.42,1984,32.42,0,32.42,0,32.42,0,32.42,0,32.42,2001,32.42,2001,32.42,2001,32.42,2001
32.43,0,32.43,0,32.43,0,32.43,0,32.43,2005,32.43,1988,32.43,1991,32.43,1990,32.43,0,32.43,0,32.43,0,32.43,0,32.43,2001,32.43,2001,32.43,2001,32.43,2001
32.44,0,32.44,0,32.44,0,32.44,0,32.44,1975,32.44,2031,32.44,1975,32.44,2014,32.44,0,32.44,0,32.44,0,32.44,0,32.44,2001,32.44,2001,32.44,2001,32.44,2001
32.45,0,32.45,0,32.45,0,32.45,0,32.45,1998,32.45,1994,32.45,1991,32.45,1997,32.45,0,32.45,0,32.45,0,32.45,0,32.45,2001,32.45,2001,32.45,2001,32.45,2001
32.46,0,32.46,0,32.46,0,32.46,0,32.46,2025,32.46,1998,32.46,1913,32.46,1999,32.46,0,32.46,0,32.46,0,32.46,0,32.46,2001,32.46,2001,32.46,2001,32.46,2001
32.47,0,32.47,0,32.47,0,32.47,0,32.47,1965,32.47,2014,32.47,2016,32.47,2009,32.47,0,32.47,0,32.47,0,32.47,0,32.47,2001,32.47,2001,32.47,2001,32.47,2001
32.48,0,32.48,0,32.48,0,32.48,0,32.48,1994,32.48,1989,32.48,1979,32.48,1978,32.48,0,32.48,0,32.48,0,32.48,0,32.48,2001,32.48,2001,32.48,2001,32.48,2001
32.49,0,32.49,0,32.49,0,32.49,0,32.49,2011,32.49,1996,32.49,1983,32.49,2019,32.49,0,32.49,0,32.49,0,32.49,0,32.49,2001,32.49,2001,32.49,2001,32.49,2001
32.5,0,32.5,0,32.5,0,32.5,0,32.5,1992,32.5,2022,32.5,2064,32.5,1998,32.5,0,32.5,0,32.5,0,32.5,0,32.5,2001,32.5,2001,32.5,2001,32.5,2001
32.51,0,32.51,0,32.51,0,32.51,0,32.51,2005,32.51,1996,32.51,1987,32.51,1977,32.51,0,32.51,0,32.51,0,32.51,0,32.51,2001,32.51,2001,32.51,2001,32.51,2001
32.52,0,32.52,0,32.52,0,32.52,0,32.52,1996,32.52,1999,32.52,2014,32.52,1926,32.52,0,32.52,0,32.52,0,32.52,0,32.52,2001,32.52,2001,32.52,2001,32.52,2001
32.53,0,32.53,0,32.53,0,32.53,0,32.53,2026,32.53,2002,32.53,1995,32.53,1981,32.53,0,32.53,0,32.53,0,32.53,0,32.53,2001,32.53,2001,32.53,2001,32.53,2001
32.54,0,32.54,0,32.54,0,32.54,0,32.54,1996,32.54,1969,32.54,1984,32.54,1979,32.54,0,32.54,0,32.54,0,32.54,0,32.54,2001,32.54,2001,32.54,2001,32.54,2001
32.55,0,32.55,0,32.55,0,32.55,0,32.55,1990,32.55,2060,32.55,1987,32.55,1926,32.55,0,32.55,0,32.55,0,32.55,0,32.55,2001,32.55,2001,32.55,2001,32.55,2001
32.56,0,32.56,0,32.56,0,32.56,0,32.56,1965,32.56,2009,32.56,2002,32.56,1909,32.56,0,32.56,0,32.56,0,32.56,0,32.56,2001,32.56,2001,32.56,2001,32.56,2001
32.57,0,32.57,0,32.57,0,32.57,0,32.57,2005,32.57,1972,32.57,1995,32.57,1967,32.57,0,32.57,0,32.57,0,32.57,0,32.57,2001,32.57,2001,32.57,2001,32.57,2001
32.58,0,32.58,0,32.58,0,32.58,0,32.58,1987,32.58,1980,32.58,1997,32.58,1991,32.58,0,32.58,0,32.58,0,32.58,0,32.58,2001,32.58,2001,32.58,2001,32.58,2001
32.59,0,32.59,0,32.59,0,32.59,0,32.59,1920,32.59,1962,32.59,1998,32.59,1968,32.59,0,32.59,0,32.59,0,32.59,0,32.59,2001,32.59,2001,32.59,2001,32.59,2001
32.6,0,32.6,0,32.6,0,32.6,0,32.6,1980,32.6,1998,32.6,2120,32.6,1986,32.6,0,32.6,0,32.6,0,32.6,0,32.6,2001,32.6,2001,32.6,2001,32.6,2001
32.61,0,32.61,0,32.61,0,32.61,0,32.61,1977,32.61,1944,32.61,1991,32.61,1974,32.61,0,32.61,0,32.61,0,32.61,0,32.61,2001,32.61,2001,32.61,2001,32.61,2001
32.62,0,32.62,0,32.62,0,32.62,0,32.62,1976,32.62,1998,32.62,1993,32.62,1986,32.62,0,32.62,0,32.62,0,32.62,0,32.62,2001,32.62,2001,32.62,2001,32.62,2001
32.63,0,32.63,0,32.63,0,32.63,0,32.63,1991,32.63,1978,32.63,1986,32.63,2002,32.63,0,32.63,0,32.63,0,32.63,0,32.63,2001,32.63,2001,32.63,2001,32.63,2001
32.64,0,32.64,0,32.64,0,32.64,0,32.64,2032,32.64,1973,32.64,1976,32.64,1972,32.64,0,32.64,0,32.64,0,32.64,0,32.64,2001,32.64,2001,32.64,2001,32.64,2001
32.65,0,32.65,0,32.65,0,32.65,0,32.65,1991,32.65,2011,32.65,1996,32.65,2016,32.65,0,32.65,0,32.65,0,32.65,0,32.65,2001,32.65,2001,32.65,2001,32.65,2001
32.66,0,32.66,0,32.66,0,32.66,0,32.66,2001,32.66,2001,32.66,1931,32.66,1983,32.66,0,32.66,0,32.66,0,32.66,0,32.66,2001,32.66,2001,32.66,2001,32.66,2001
32.67,0,32.67,0,32.67,0,32.67,0,32.67,2014,32.67,1959,32.67,1972,32.67,1929,32.67,0,32.67,0,32.67,0,32.67,0,32.67,2001,32.67,2001,32.67,2001,32.67,2001
32.68,0,32.68,0,32.68,0,32.68,0,32.68,2004,32.68,1973,32.68,2009,32.68,2004,32.68,0,32.68,0,32.68,0,32.68,0,32.68,2001,32.68,2001,32.68,2001,32.68,2001
32.69,0,32.69,0,32.69,0,32.69,0,32.69,2012,32.69,1992,32.69,2022,32.69,2067,32.69,0,32.69,0,32.69,0,32.69,0,32.69,2001,32.69,2001,32.69,2001,32.69,2001
32.7,0,32.7,0,32.7,0,32.7,0,32.7,2003,32.7,1981,32.7,1981,32.7,1962,32.7,0,32.7,0,32.7,0,32.7,0,32.7,2001,32.7,2001,32.7,2001,32.7,2001
32.71,0,32.71,0,32.71,0,32.71,0,32.71,2017,32.71,2002,32.71,2012,32.71,1988,32.71,0,32.71,0,32.71,0,32.71,0,32.71,2001,32.71,2001,32.71,2001,32.71,2001
32.72,0,32.72,0,32.72,0,32.72,0,32.72,1993,32.72,2025,32.72,2005,32.72,1997,32.72,0,32.72,0,32.72,0,32.72,0,32.72,2001,32.72,2001,32.72,2001,32.72,2001
32.73,0,32.73,0,32.73,0,32.73,0,32.73,2049,32.73,1984,32.73,1990,32.73,2137,32.73,0,32.73,0,32.73,0,32.73,0,32.73,2001,32.73,2001,32.73,2001,32.73,2001
32.74,0,32.74,0,32.74,0,32.74,0,32.74,1976,32.74,1994,32.74,2019,32.74,1992,32.74,0,32.74,0,32.74,0,32.74,0,32.74,2001,32.74,2001,32.74,2001,32.74,2001
32.75,0,32.75,0,32.75,0,32.75,0,32.75,2000,32.75,2024,32.75,1992,32.75,1982,32.75,0,32.75,0,32.75,0,32.75,0,32.75,2001,32.75,2001,32.75,2001,32.75,2001
32.76,0,32.76,0,32.76,0,32.76,0,32.76,1957,32.76,2058,32.76,2007,32.76,1996,32.76,0,32.76,0,32.76,0,32.76,0,32.76,2001,32.76,2001,32.76,2001,32.76,2001
32.77,0,32.77,0,32.77,0,32.77,0,32.77,1984,32.77,1998,32.77,1954,32.77,2008,32.77,0,32.77,0,32.77,0,32.77,0,32.77,2001,32.77,2001,32.77,2001,32.77,2001
32.78,0,32.78,0,32.78,0,32.78,0,32.78,1982,32.78,1945,32.78,1994,32.78,1992,32.78,0,32.78,0,32.78,0,32.78,0,32.78,2001,32.78,2001,32.78,2001,32.78,2001
32.79,0,32.79,0,32.79,0,32.79,0,32.79,2019,32.79,1983,32.79,2001,32.79,1987,32.79,0,32.79,0,32.79,0,32.79,0,32.79,2001,32.79,2001,32.79,2001,32.79,2001
32.8,0,32.8,0,32.8,0,32.8,0,32.8,1997,32.8,1991,32.8,2076,32.8,1983,32.8,0,32.8,0,32.8,0,32.8,0,32.8,2001,32.8,2001,32.8,2001,32.8,2001
32.81,0,32.81,0,32.81,0,32.81,0,32.81,1970,32.81,1984,32.81,1993,32.81,2020,32.81,0,32.81,0,32.81,0,32.81,0,32.81,2001,32.81,2001,32.81,2001,32.81,2001
32.82,0,32.82,0,32.82,0,32.82,0,32.82,2021,32.82,1975,32.82,1993,32.82,2004,32.82,0,32.82,0,32.82,0,32.82,0,32.82,2001,32.82,2001,32.82,2001,32.82,2001
32.83,0,32.83,0,32.83,0,32.83,0,32.83,2015,32.83,1969,32.83,2018,32.83,1999,32.83,0,32.83,0,32.83,0,32.83,0,32.83,2001,32.83,2001,32.83,2001,32.83,2001
32.84,0,32.84,0,32.84,0,32.84,0,32.84,2011,32.84,1954,32.84,1998,32.84,1990,32.84,0,32.84,0,32.84,0,32.84,0,32.84,2001,32.84,2001,32.84,2001,32.84,2001
32.85,0,32.85,0,32.85,0,32.85,0,32.85,2004,32.85,1987,32.85,1981,32.85,1986,32.85,0,32.85,0,32.85,0,32.85,0,32.85,2001,32.85,2001,32.85,2001,32.85,2001
32.86,0,32.86,0,32.86,0,32.86,0,32.86,2017,32.86,1987,32.86,1995,32.86,2011,32.86,0,32.86,0,32.86,0,32.86,0,32.86,2001,32.86,2001,32.86,2001,32.86,2001
32.87,0,32.87,0,32.87,0,32.87,0,32.87,1980,32.87,2008,32.87,1997,32.87,1979,32.87,0,32.87,0,32.87,0,32.87,0,32.87,2001,32.87,2001,32.87,2001,32.87,2001
32.88,0,32.88,0,32.88,0,32.88,0,32.88,2035,32.88,1979,32.88,1997,32.88,1974,32.88,0,32.88,0,32.88,0,32.88,0,32.88,2001,32.88,2001,32.88,2001,32.88,2001
32.89,0,32.89,0,32.89,0,32.89,0,32.89,2035,32.89,1976,32.89,1901,32.89,2000,32.89,0,32.89,0,32.89,0,32.89,0,32.89,2001,32.89,2001,32.89,2001,32.89,2001
32.9,0,32.9,0,32.9,0,32.9,0,32.9,1998,32.9,2004,32.9,1992,32.9,1984,32.9,0,32.9,0,32.9,0,32.9,0,32.9,2001,32.9,2001,32.9,2001,32.9,2001
32.91,0,32.91,0,32.91,0,32.91,0,32.91,1960,32.91,2002,32.91,2063,32.91,1999,32.91,0,32.91,0,32.91,0,32.91,0,32.91,2001,32.91,2001,32.91,2001,32.91,2001
32.92,0,32.92,0,32.92,0,32.92,0,32.92,2059,32.92,1958,32.92,2010,32.92,2016,32.92,0,32.92,0,32.92,0,32.92,0,32.92,2001,32.92,2001,32.92,2001,32.92,2001
32.93,0,32.93,0,32.93,0,32.93,0,32.93,1962,32.93,2004,32.93,1980,32.93,1986,32.93,0,32.93,0,32.93,0,32.93,0,32.93,2001,32.93,2001,32.93,2001,32.93,2001
32.94,0,32.94,0,32.94,0,32.94,0,32.94,2004,32.94,2108,32.94,1970,32.94,1982,32.94,0,32.94,0,32.94,0,32.94,0,32.94,2001,32.94,2001,32.94,2001,32.94,2001
32.95,0,32.95,0,32.95,0,32.95,0,32.95,2033,32.95,2079,32.95,1999,32.95,2039,32.95,0,32.95,0,32.95,0,32.95,0,32.95,2001,32.95,2001,32.95,2001,32.95,2001
32.96,0,32.96,0,32.96,0,32.96,0,32.96,1997,32.96,2007,32.96,1997,32.96,2008,32.96,0,32.96,0,32.96,0,32.96,0,32.96,2001,32.96,2001,32.96,2001,32.96,2001
32.97,0,32.97,0,32.97,0,32.97,0,32.97,2019,32.97,2002,32.97,1980,32.97,1990,32.97,0,32.97,0,32.97,0,32.97,0,32.97,2001,32.97,2001,32.97,2001,32.97,2001
32.98,0,32.98,0,32.98,0,32.98,0,32.98,2014,32.98,1989,32.98,2012,32.98,2024,32.98,0,32.98,0,32.98,0,32.98,0,32.98,2001,32.98,2001,32.98,2001,32.98,2001
32.99,0,32.99,0,32.99,0,32.99,0,32.99,2024,32.99,2008,32.99,1995,32.99,2004,32.99,0,32.99,0,32.99,0,32.99,0,32.99,2001,32.99,2001,32.99,2001,32.99,2001
33,0,33,0,33,0,33,0,33,2078,33,2086,33,1980,33,1978,33,0,33,0,33,0,33,0,33,2001,33,2001,33,2001,33,2001
33.01,0,33.01,0,33.01,0,33.01,0,33.01,1953,33.01,1990,33.01,2005,33.01,2015,33.01,0,33.01,0,33.01,0,33.01,0,33.01,2001,33.01,2001,33.01,2001,33.01,2001
33.02,0,33.02,0,33.02,0,33.02,0,33.02,1991,33.02,1987,33.02,1989,33.02,2018,33.02,0,33.02,0,33.02,0,33.02,0,33.02,2001,33.02,2001,33.02,2001,33.02,2001
33.03,0,33.03,0,33.03,0,33.03,0,33.03,2009,33.03,1990,33.03,1974,33.03,1982,33.03,0,33.03,0,33.03,0,33.03,0,33.03,2001,33.03,2001,33.03,2001,33.03,2001
33.04,0,33.04,0,33.04,0,33.04,0,33.04,1999,33.04,2002,33.04,2008,33.04,1985,33.04,0,33.04,0,33.04,0,33.04,0,33.04,2001,33.04,2001,33.04,2001,33.04,2001
33.05,0,33.05,0,33.05,0,33.05,0,33.05,2008,33.05,1999,33.05,1972,33.05,1989,33.05,0,33.05,0,33.05,0,33.05,0,33.05,2001,33.05,2001,33.05,2001,33.05,2001
33.06,0,33.06,0,33.06,0,33.06,0,33.06,2006,33.06,1986,33.06,2028,33.06,1926,33.06,0,33.06,0,33.06,0,33.06,0,33.06,2001,33.06,2001,33.06,2001,33.06,2001
33.07,0,33.07,0,33.07,0,33.07,0,33.07,2045,33.07,1962,33.07,1989,33.07,1990,33.07,0,33.07,0,33.07,0,33.07,0,33.07,2001,33.07,2001,33.07,2001,33.07,2001
33.08,0,33.08,0,33.08,0,33.08,0,33.08,1999,33.08,1999,33.08,1993,33.08,1985,33.08,0,33.08,0,33.08,0,33.08,0,33.08,2001,33.08,2001,33.08,2001,33.08,2001
33.09,0,33.09,0,33.09,0,33.09,0,33.09,2099,33.09,1975,33.09,2016,33.09,2017,33.09,0,33.09,0,33.09,0,33.09,0,33.09,2001,33.09,2001,33.09,2001,33.09,2001
33.1,0,33.1,0,33.1,0,33.1,0,33.1,1980,33.1,2000,33.1,2013,33.1,2016,33.1,0,33.1,0,33.1,0,33.1,0,33.1,2001,33.1,2001,33.1,2001,33.1,2001
33.11,0,33.11,0,33.11,0,33.11,0,33.11,1996,33.11,2007,33.11,2006,33.11,2022,33.11,0,33.11,0,33.11,0,33.11,0,33.11,2001,33.11,2001,33.11,2001,33.11,2001
33.12,0,33.12,0,33.12,0,33.12,0,33.12,1980,33.12,1997,33.12,2023,33.12,1933,33.12,0,33.12,0,33.12,0,33.12,0,33.12,2001,33.12,2001,33.12,2001,33.12,2001
33.13,0,33.13,0,33.13,0,33.13,0,33.13,1980,33.13,1992,33.13,2045,33.13,2038,33.13,0,33.13,0,33.13,0,33.13,0,33.13,2001,33.13,2001,33.13,2001,33.13,2001
33.14,0,33.14,0,33.14,0,33.14,0,33.14,1968,33.14,2126,33.14,1988,33.14,1990,33.14,0,33.14,0,33.14,0,33.14,0,33.14,2001,33.14,2001,33.14,2001,33.14,2001
33.15,0,33.15,0,33.15,0,33.15,0,33.15,1984,33.15,1982,33.15,1976,33.15,1975,33.15,0,33.15,0,33.15,0,33.15,0,33.15,2001,33.15,2001,33.15,2001,33.15,2001
33.16,0,33.16,0,33.16,0,33.16,0,33.16,1990,33.16,1996,33.16,1994,33.16,1987,33.16,0,33.16,0,33.16,0,33.16,0,33.16,2001,33.16,2001,33.16,2001,33.16,2001
33.17,0,33.17,0,33.17,0,33.17,0,33.17,1999,33.17,2000,33.17,1996,33.17,1996,33.17,0,33.17,0,33.17,0,33.17,0,33.17,2001,33.17,2001,33.17,2001,33.17,2001
33.18,0,33.18,0,33.18,0,33.18,0,33.18,2009,33.18,2050,33.18,1987,33.18,1976,33.18,0,33.18,0,33.18,0,33.18,0,33.18,2001,33.18,2001,33.18,2001,33.18,2001
33.19,0,33.19,0,33.19,0,33.19,0,33.19,2011,33.19,2023,33.19,2090,33.19,1997,33.19,0,33.19,0,33.19,0,33.19,0,33.19,2001,33.19,2001,33.19,2001,33.19,2001
33.2,0,33.2,0,33.2,0,33.2,0,33.2,1998,33.2,2076,33.2,1991,33.2,2039,33.2,0,33.2,0,33.2,0,33.2,0,33.2,2001,33.2,2001,33.2,2001,33.2,2001
33.21,0,33.21,0,33.21,0,33.21,0,33.21,2019,33.21,1986,33.21,1985,33.21,1933,33.21,0,33.21,0,33.21,0,33.21,0,33.21,2001,33.21,2001,33.21,2001,33.21,2001
33.22,0,33.22,0,33.22,0,33.22,0,33.22,1992,33.22,1992,33.22,2083,33.22,2008,33.22,0,33.22,0,33.22,0,33.22,0,33.22,2001,33.22,2001,33.22,2001,33.22,2001
33.23,0,33.23,0,33.23,0,33.23,0,33.23,1998,33.23,2077,33.23,1996,33.23,1998,33.23,0,33.23,0,33.23,0,33.23,0,33.23,2001,33.23,2001,33.23,2001,33.23,2001
33.24,0,33.24,0,33.24,0,33.24,0,33.24,2006,33.24,1975,33.24,1962,33.24,1987,33.24,0,33.24,0,33.24,0,33.24,0,33.24,2001,33.24,2001,33.24,2001,33.24,2001
33.25,0,33.25,0,33.25,0,33.25,0,33.25,1907,33.25,1996,33.25,1990,33.25,1981,33.25,0,33.25,0,33.25,0,33.25,0,33.25,2001,33.25,2001,33.25,2001,33.25,2001
33.26,0,33.26,0,33.26,0,33.26,0,33.26,1989,33.26,2024,33.26,2011,33.26,1994,33.26,0,33.26,0,33.26,0,33.26,0,33.26,2001,33.26,2001,33.26,2001,33.26,2001
33.27,0,33.27,0,33.27,0,33.27,0,33.27,2008,33.27,1996,33.27,1984,33.27,1973,33.27,0,33.27,0,33.27,0,33.27,0,33.27,2001,33.27,2001,33.27,2001,33.27,2001
33.28,0,33.28,0,33.28,0,33.28,0,33.28,1976,33.28,2044,33.28,2073,33.28,2003,33.28,0,33.28,0,33.28,0,33.28,0,33.28,2001,33.28,2001,33.28,2001,33.28,2001
33.29,0,33.29,0,33.29,0,33.29,0,33.29,1993,33.29,1993,33.29,1984,33.29,1976,33.29,0,33.29,0,33.29,0,33.29,0,33.29,2001,33.29,2001,33.29,2001,33.29,2001
33.3,0,33.3,0,33.3,0,33.3,0,33.3,1949,33.3,2004,33.3,1977,33.3,2013,33.3,0,33.3,0,33.3,0,33.3,0,33.3,2001,33.3,2001,33.3,2001,33.3,2001
33.31,0,33.31,0,33.31,0,33.31,0,33.31,1987,33.31,2070,33.31,1967,33.31,1923,33.31,0,33.31,0,33.31,0,33.31,0,33.31,2001,33.31,2001,33.31,2001,33.31,2001
33.32,0,33.32,0,33.32,0,33.32,0,33.32,2000,33.32,1975,33.32,1989,33.32,1990,33.32,0,33.32,0,33.32,0,33.32,0,33.32,2001,33.32,2001,33.32,2001,33.32,2001
33.33,0,33.33,0,33.33,0,33.33,0,33.33,2107,33.33,2000,33.33,1983,33.33,1986,33.33,0,33.33,0,33.33,0,33.33,0,33.33,2001,33.33,2001,33.33,2001,33.33,2001
33.34,0,33.34,0,33.34,0,33.34,0,33.34,1996,33.34,1996,33.34,1975,33.34,1985,33.34,0,33.34,0,33.34,0,33.34,0,33.34,2001,33.34,2001,33.34,2001,33.34,2001
33.35,0,33.35,0,33.35,0,33.35,0,33.35,1994,33.35,1990,33.35,2104,33.35,2042,33.35,0,33.35,0,33.35,0,33.35,0,33.35,2001,33.35,2001,33.35,2001,33.35,2001
33.36,0,33.36,0,33.36,0,33.36,0,33.36,1991,33.36,1993,33.36,2006,33.36,1984,33.36,0,33.36,0,33.36,0,33.36,0,33.36,2001,33.36,2001,33.36,2001,33.36,2001
33.37,0,33.37,0,33.37,0,33.37,0,33.37,2102,33.37,1942,33.37,2023,33.37,1988,33.37,0,33.37,0,33.37,0,33.37,0,33.37,2001,33.37,2001,33.37,2001,33.37,2001
33.38,0,33.38,0,33.38,0,33.38,0,33.38,1986,33.38,1994,33.38,1990,33.38,1993,33.38,0,33.38,0,33.38,0,33.38,0,33.38,2001,33.38,2001,33.38,2001,33.38,2001
33.39,0,33.39,0,33.39,0,33.39,0,33.39,1987,33.39,2009,33.39,2030,33.39,2039,33.39,0,33.39,0,33.39,0,33.39,0,33.39,2001,33.39,2001,33.39,2001,33.39,2001
33.4,0,33.4,0,33.4,0,33.4,0,33.4,2091,33.4,1974,33.4,1984,33.4,2003,33.4,0,33.4,0,33.4,0,33.4,0,33.4,2001,33.4,2001,33.4,2001,33.4,2001
33.41,0,33.41,0,33.41,0,33.41,0,33.41,1968,33.41,1998,33.41,1997,33.41,2008,33.41,0,33.41,0,33.41,0,33.41,0,33.41,2001,33.41,2001,33.41,2001,33.41,2001
33.42,0,33.42,0,33.42,0,33.42,0,33.42,2089,33.42,2004,33.42,1998,33.42,1959,33.42,0,33.42,0,33.42,0,33.42,0,33.42,2001,33.42,2001,33.42,2001,33.42,2001
33.43,0,33.43,0,33.43,0,33.43,0,33.43,1994,33.43,1978,33.43,2005,33.43,1996,33.43,0,33.43,0,33.43,0,33.43,0,33.43,2001,33.43,2001,33.43,2001,33.43,2001
33.44,0,33.44,0,33.44,0,33.44,0,33.44,1992,33.44,2011,33.44,2010,33.44,1946,33.44,0,33.44,0,33.44,0,33.44,0,33.44,2001,33.44,2001,33.44,2001,33.44,2001
33.45,0,33.45,0,33.45,0,33.45,0,33.45,2008,33.45,2017,33.45,1974,33.45,1932,33.45,0,33.45,0,33.45,0,33.45,0,33.45,2001,33.45,2001,33.45,2001,33.45,2001
33.46,0,33.46,0,33.46,0,33.46,0,33.46,2003,33.46,1990,33.46,1991,33.46,2060,33.46,0,33.46,0,33.46,0,33.46,0,33.46,2001,33.46,2001,33.46,2001,33.46,2001
33.47,0,33.47,0,33.47,0,33.47,0,33.47,1988,33.47,1992,33.47,2019,33.47,2023,33.47,0,33.47,0,33.47,0,33.47,0,33.47,2001,33.47,2001,33.47,2001,33.47,2001
33.48,0,33.48,0,33.48,0,33.48,0,33.48,1995,33.48,2000,33.48,2266,33.48,1968,33.48,0,33.48,0,33.48,0,33.48,0,33.48,2001,33.48,2001,33.48,2001,33.48,2001
33.49,0,33.49,0,33.49,0,33.49,0,33.49,1984,33.49,1988,33.49,1976,33.49,1974,33.49,0,33.49,0,33.49,0,33.49,0,33.49,2001,33.49,2001,33.49,2001,33.49,2001
33.5,0,33.5,0,33.5,0,33.5,0,33.5,1998,33.5,2016,33.5,2034,33.5,2013,33.5,0,33.5,0,33.5,0,33.5,0,33.5,2001,33.5,2001,33.5,2001,33.5,2001
33.51,0,33.51,0,33.51,0,33.51,0,33.51,2001,33.51,2102,33.51,1919,33.51,1996,33.51,0,33.51,0,33.51,0,33.51,0,33.51,2001,33.51,2001,33.51,2001,33.51,2001
33.52,0,33.52,0,33.52,0,33.52,0,33.52,1998,33.52,1933,33.52,2039,33.52,2092,33.52,0,33.52,0,33.52,0,33.52,0,33.52,2001,33.52,2001,33.52,2001,33.52,2001
33.53,0,33.53,0,33.53,0,33.53,0,33.53,2004,33.53,1973,33.53,1985,33.53,1993,33.53,0,33.53,0,33.53,0,33.53,0,33.53,2001,33.53,2001,33.53,2001,33.53,2001
33.54,0,33.54,0,33.54,0,33.54,0,33.54,1951,33.54,2011,33.54,1997,33.54,1994,33.54,0,33.54,0,33.54,0,33.54,0,33.54,2001,33.54,2001,33.54,2001,33.54,2001
33.55,0,33.55,0,33.55,0,33.55,0,33.55,1993,33.55,2034,33.55,1977,33.55,2009,33.55,0,33.55,0,33.55,0,33.55,0,33.55,2001,33.55,2001,33.55,2001,33.55,2001
33.56,0,33.56,0,33.56,0,33.56,0,33.56,1981,33.56,1989,33.56,2005,33.56,1965,33.56,0,33.56,0,33.56,0,33.56,0,33.56,2001,33.56,2001,33.56,2001,33.56,2001
33.57,0,33.57,0,33.57,0,33.57,0,33.57,2021,33.57,2007,33.57,2160,33.57,1986,33.57,0,33.57,0,33.57,0,33.57,0,33.57,2001,33.57,2001,33.57,2001,33.57,2001
33.58,0,33.58,0,33.58,0,33.58,0,33.58,2002,33.58,1991,33.58,1954,33.58,1949,33.58,0,33.58,0,33.58,0,33.58,0,33.58,2001,33.58,2001,33.58,2001,33.58,2001
33.59,0,33.59,0,33.59,0,33.59,0,33.59,2012,33.59,1988,33.59,2050,33.59,2011,33.59,0,33.59,0,33.59,0,33.59,0,33.59,2001,33.59,2001,33.59,2001,33.59,2001
33.6,0,33.6,0,33.6,0,33.6,0,33.6,2053,33.6,1983,33.6,2003,33.6,2003,33.6,0,33.6,0,33.6,0,33.6,0,33.6,2001,33.6,2001,33.6,2001,33.6,2001
33.61,0,33.61,0,33.61,0,33.61,0,33.61,1994,33.61,1987,33.61,1945,33.61,2005,33.61,0,33.61,0,33.61,0,33.61,0,33.61,2001,33.61,2001,33.61,2001,33.61,2001
33.62,0,33.62,0,33.62,0,33.62,0,33.62,1995,33.62,2137,33.62,2006,33.62,2012,33.62,0,33.62,0,33.62,0,33.62,0,33.62,2001,33.62,2001,33.62,2001,33.62,2001
33.63,0,33.63,0,33.63,0,33.63,0,33.63,2003,33.63,2006,33.63,2008,33.63,1983,33.63,0,33.63,0,33.63,0,33.63,0,33.63,2001,33.63,2001,33.63,2001,33.63,2001
33.64,0,33.64,0,33.64,0,33.64,0,33.64,1995,33.64,2104,33.64,1980,33.64,2063,33.64,0,33.64,0,33.64,0,33.64,0,33.64,2001,33.64,2001,33.64,2001,33.64,2001
33.65,0,33.65,0,33.65,0,33.65,0,33.65,1980,33.65,1989,33.65,2007,33.65,2045,33.65,0,33.65,0,33.65,0,33.65,0,33.65,2001,33.65,2001,33.65,2001,33.65,2001
33.66,0,33.66,0,33.66,0,33.66,0,33.66,2010,33.66,2142,33.66,2007,33.66,1990,33.66,0,33.66,0,33.66,0,33.66,0,33.66,2001,33.66,2001,33.66,2001,33.66,2001
33.67,0,33.67,0,33.67,0,33.67,0,33.67,1995,33.67,1989,33.67,1991,33.67,1997,33.67,0,33.67,0,33.67,0,33.67,0,33.67,2001,33.67,2001,33.67,2001,33.67,2001
33.68,0,33.68,0,33.68,0,33.68,0,33.68,2002,33.68,1998,33.68,2001,33.68,2030,33.68,0,33.68,0,33.68,0,33.68,0,33.68,2001,33.68,2001,33.68,2001,33.68,2001
33.69,0,33.69,0,33.69,0,33.69,0,33.69,1957,33.69,1997,33.69,2000,33.69,2002,33.69,0,33.69,0,33.69,0,33.69,0,33.69,2001,33.69,2001,33.69,2001,33.69,2001
33.7,0,33.7,0,33.7,0,33.7,0,33.7,1980,33.7,1944,33.7,1991,33.7,1960,33.7,0,33.7,0,33.7,0,33.7,0,33.7,2001,33.7,2001,33.7,2001,33.7,2001
33.71,0,33.71,0,33.71,0,33.71,0,33.71,1992,33.71,2048,33.71,1996,33.71,2009,33.71,0,33.71,0,33.71,0,33.71,0,33.71,2001,33.71,2001,33.71,2001,33.71,2001
33.72,0,33.72,0,33.72,0,33.72,0,33.72,2010,33.72,1995,33.72,1941,33.72,1996,33.72,0,33.72,0,33.72,0,33.72,0,33.72,2001,33.72,2001,33.72,2001,33.72,2001
33.73,0,33.73,0,33.73,0,33.73,0,33.73,1990,33.73,2012,33.73,2009,33.73,1976,33.73,0,33.73,0,33.73,0,33.73,0,33.73,2001,33.73,2001,33.73,2001,33.73,2001
33.74,0,33.74,0,33.74,0,33.74,0,33.74,2000,33.74,1998,33.74,2107,33.74,1992,33.74,0,33.74,0,33.74,0,33.74,0,33.74,2001,33.74,2001,33.74,2001,33.74,2001
33.75,0,33.75,0,33.75,0,33.75,0,33.75,1965,33.75,2083,33.75,2018,33.75,1975,33.75,0,33.75,0,33.75,0,33.75,0,33.75,2001,33.75,2001,33.75,2001,33.75,2001
33.76,0,33.76,0,33.76,0,33.76,0,33.76,2011,33.76,2002,33.76,1981,33.76,1973,33.76,0,33.76,0,33.76,0,33.76,0,33.76,2001,33.76,2001,33.76,2001,33.76,2001
33.77,0,33.77,0,33.77,0,33.77,0,33.77,2004,33.77,1988,33.77,1992,33.77,2016,33.77,0,33.77,0,33.77,0,33.77,0,33.77,2001,33.77,2001,33.77,2001,33.77,2001
33.78,0,33.78,0,33.78,0,33.78,0,33.78,2013,33.78,1978,33.78,2019,33.78,1999,33.78,0,33.78,0,33.78,0,33.78,0,33.78,2001,33.78,2001,33.78,2001,33.78,2001
33.79,0,33.79,0,33.79,0,33.79,0,33.79,2029,33.79,1986,33.79,1993,33.79,1985,33.79,0,33.79,0,33.79,0,33.79,0,33.79,2001,33.79,2001,33.79,2001,33.79,2001
33.8,0,33.8,0,33.8,0,33.8,0,33.8,2008,33.8,1998,33.8,1996,33.8,1959,33.8,0,33.8,0,33.8,0,33.8,0,33.8,2001,33.8,2001,33.8,2001,33.8,2001
33.81,0,33.81,0,33.81,0,33.81,0,33.81,1983,33.81,2091,33.81,2122,33.81,1989,33.81,0,33.81,0,33.81,0,33.81,0,33.81,2001,33.81,2001,33.81,2001,33.81,2001
33.82,0,33.82,0,33.82,0,33.82,0,33.82,1965,33.82,1992,33.82,1990,33.82,1995,33.82,0,33.82,0,33.82,0,33.82,0,33.82,2001,33.82,2001,33.82,2001,33.82,2001
33.83,0,33.83,0,33.83,0,33.83,0,33.83,1975,33.83,1988,33.83,1972,33.83,1996,33.83,0,33.83,0,33.83,0,33.83,0,33.83,2001,33.83,2001,33.83,2001,33.83,2001
33.84,0,33.84,0,33.84,0,33.84,0,33.84,1995,33.84,1994,33.84,2012,33.84,2039,33.84,0,33.84,0,33.84,0,33.84,0,33.84,2001,33.84,2001,33.84,2001,33.84,2001
33.85,0,33.85,0,33.85,0,33.85,0,33.85,1987,33.85,2041,33.85,1995,33.85,2018,33.85,0,33.85,0,33.85,0,33.85,0,33.85,2001,33.85,2001,33.85,2001,33.85,2001
33.86,0,33.86,0,33.86,0,33.86,0,33.86,1988,33.86,2006,33.86,2001,33.86,2003,33.86,0,33.86,0,33.86,0,33.86,0,33.86,2001,33.86,2001,33.86,2001,33.86,2001
33.87,0,33.87,0,33.87,0,33.87,0,33.87,2011,33.87,2028,33.87,2019,33.87,1987,33.87,0,33.87,0,33.87,0,33.87,0,33.87,2001,33.87,2001,33.87,2001,33.87,2001
33.88,0,33.88,0,33.88,0,33.88,0,33.88,2012,33.88,1958,33.88,1979,33.88,2073,33.88,0,33.88,0,33.88,0,33.88,0,33.88,2001,33.88,2001,33.88,2001,33.88,2001
33.89,0,33.89,0,33.89,0,33.89,0,33.89,1989,33.89,1967,33.89,1987,33.89,1910,33.89,0,33.89,0,33.89,0,33.89,0,33.89,2001,33.89,2001,33.89,2001,33.89,2001
33.9,0,33.9,0,33.9,0,33.9,0,33.9,1992,33.9,2083,33.9,2012,33.9,1994,33.9,0,33.9,0,33.9,0,33.9,0,33.9,2001,33.9,2001,33.9,2001,33.9,2001
33.91,0,33.91,0,33.91,0,33.91,0,33.91,1963,33.91,2017,33.91,2055,33.91,1978,33.91,0,33.91,0,33.91,0,33.91,0,33.91,2001,33.91,2001,33.91,2001,33.91,2001
33.92,0,33.92,0,33.92,0,33.92,0,33.92,1989,33.92,1934,33.92,1978,33.92,2013,33.92,0,33.92,0,33.92,0,33.92,0,33.92,2001,33.92,2001,33.92,2001,33.92,2001
33.93,0,33.93,0,33.93,0,33.93,0,33.93,1976,33.93,1975,33.93,2005,33.93,2144,33.93,0,33.93,0,33.93,0,33.93,0,33.93,2001,33.93,2001,33.93,2001,33.93,2001
33.94,0,33.94,0,33.94,0,33.94,0,33.94,1987,33.94,1990,33.94,2006,33.94,1972,33.94,0,33.94,0,33.94,0,33.94,0,33.94,2001,33.94,2001,33.94,2001,33.94,2001
33.95,0,33.95,0,33.95,0,33.95,0,33.95,1985,33.95,1952,33.95,2052,33.95,2001,33.95,0,33.95,0,33.95,0,33.95,0,33.95,2001,33.95,2001,33.95,2001,33.95,2001
33.96,0,33.96,0,33.96,0,33.96,0,33.96,2005,33.96,1984,33.96,2028,33.96,2038,33.96,0,33.96,0,33.96,0,33.96,0,33.96,2001,33.96,2001,33.96,2001,33.96,2001
33.97,0,33.97,0,33.97,0,33.97,0,33.97,2000,33.97,2007,33.97,1890,33.97,1991,33.97,0,33.97,0,33.97,0,33.97,0,33.97,2001,33.97,2001,33.97,2001,33.97,2001
33.98,0,33.98,0,33.98,0,33.98,0,33.98,1985,33.98,1987,33.98,2021,33.98,2018,33.98,0,33.98,0,33.98,0,33.98,0,33.98,2001,33.98,2001,33.98,2001,33.98,2001
33.99,0,33.99,0,33.99,0,33.99,0,33.99,1989,33.99,2020,33.99,2091,33.99,2019,33.99,0,33.99,0,33.99,0,33.99,0,33.99,2001,33.99,2001,33.99,2001,33.99,2001
34,0,34,0,34,0,34,0,34,1997,34,2000,34,2018,34,2018,34,0,34,0,34,0,34,0,34,2001,34,2001,34,2001,34,2001
34.01,0,34.01,0,34.01,0,34.01,0,34.01,1993,34.01,2048,34.01,1977,34.01,1948,34.01,0,34.01,0,34.01,0,34.01,0,34.01,2001,34.01,2001,34.01,2001,34.01,2001
34.02,0,34.02,0,34.02,0,34.02,0,34.02,2004,34.02,1955,34.02,1931,34.02,1992,34.02,0,34.02,0,34.02,0,34.02,0,34.02,2001,34.02,2001,34.02,2001,34.02,2001
34.03,0,34.03,0,34.03,0,34.03,0,34.03,1937,34.03,1979,34.03,1990,34.03,1974,34.03,0,34.03,0,34.03,0,34.03,0,34.03,2001,34.03,2001,34.03,2001,34.03,2001
34.04,0,34.04,0,34.04,0,34.04,0,34.04,1955,34.04,1971,34.04,1959,34.04,1994,34.04,0,34.04,0,34.04,0,34.04,0,34.04,2001,34.04,2001,34.04,2001,34.04,2001
34.05,0,34.05,0,34.05,0,34.05,0,34.05,1997,34.05,1992,34.05,1977,34.05,2000,34.05,0,34.05,0,34.05,0,34.05,0,34.05,2001,34.05,2001,34.05,2001,34.05,2001
34.06,0,34.06,0,34.06,0,34.06,0,34.06,1989,34.06,2008,34.06,1993,34.06,1998,34.06,0,34.06,0,34.06,0,34.06,0,34.06,2001,34.06,2001,34.06,2001,34.06,2001
34.07,0,34.07,0,34.07,0,34.07,0,34.07,2023,34.07,2007,34.07,1994,34.07,1989,34.07,0,34.07,0,34.07,0,34.07,0,34.07,2001,34.07,2001,34.07,2001,34.07,2001
34.08,0,34.08,0,34.08,0,34.08,0,34.08,2017,34.08,1976,34.08,1984,34.08,1925,34.08,0,34.08,0,34.08,0,34.08,0,34.08,2001,34.08,2001,34.08,2001,34.08,2001
34.09,0,34.09,0,34.09,0,34.09,0,34.09,2022,34.09,2014,34.09,1995,34.09,2022,34.09,0,34.09,0,34.09,0,34.09,0,34.09,2001,34.09,2001,34.09,2001,34.09,2001
34.1,0,34.1,0,34.1,0,34.1,0,34.1,2023,34.1,2013,34.1,1937,34.1,1984,34.1,0,34.1,0,34.1,0,34.1,0,34.1,2001,34.1,2001,34.1,2001,34.1,2001
34.11,0,34.11,0,34.11,0,34.11,0,34.11,2011,34.11,1971,34.11,1969,34.11,2006,34.11,0,34.11,0,34.11,0,34.11,0,34.11,2001,34.11,2001,34.11,2001,34.11,2001
34.12,0,34.12,0,34.12,0,34.12,0,34.12,2013,34.12,2016,34.12,1976,34.12,1966,34.12,0,34.12,0,34.12,0,34.12,0,34.12,2001,34.12,2001,34.12,2001,34.12,2001
34.13,0,34.13,0,34.13,0,34.13,0,34.13,2039,34.13,1965,34.13,1968,34.13,1986,34.13,0,34.13,0,34.13,0,34.13,0,34.13,2001,34.13,2001,34.13,2001,34.13,2001
34.14,0,34.14,0,34.14,0,34.14,0,34.14,2003,34.14,1973,34.14,1958,34.14,2031,34.14,0,34.14,0,34.14,0,34.14,0,34.14,2001,34.14,2001,34.14,2001,34.14,2001
34.15,0,34.15,0,34.15,0,34.15,0,34.15,2000,34.15,1954,34.15,1980,34.15,1988,34.15,0,34.15,0,34.15,0,34.15,0,34.15,2001,34.15,2001,34.15,2001,34.15,2001
34.16,0,34.16,0,34.16,0,34.16,0,34.16,1990,34.16,2044,34.16,1982,34.16,2055,34.16,0,34.16,0,34.16,0,34.16,0,34.16,2001,34.16,2001,34.16,2001,34.16,2001
34.17,0,34.17,0,34.17,0,34.17,0,34.17,1989,34.17,2132,34.17,1968,34.17,1993,34.17,0,34.17,0,34.17,0,34.17,0,34.17,2001,34.17,2001,34.17,2001,34.17,2001
34.18,0,34.18,0,34.18,0,34.18,0,34.18,1992,34.18,1990,34.18,2005,34.18,1974,34.18,0,34.18,0,34.18,0,34.18,0,34.18,2001,34.18,2001,34.18,2001,34.18,2001
34.19,0,34.19,0,34.19,0,34.19,0,34.19,1998,34.19,1983,34.19,1970,34.19,1991,34.19,0,34.19,0,34.19,0,34.19,0,34.19,2001,34.19,2001,34.19,2001,34.19,2001
34.2,0,34.2,0,34.2,0,34.2,0,34.2,2000,34.2,1981,34.2,1985,34.2,1994,34.2,0,34.2,0,34.2,0,34.2,0,34.2,2001,34.2,2001,34.2,2001,34.2,2001
34.21,0,34.21,0,34.21,0,34.21,0,34.21,2041,34.21,1990,34.21,2006,34.21,2027,34.21,0,34.21,0,34.21,0,34.21,0,34.21,2001,34.21,2001,34.21,2001,34.21,2001
34.22,0,34.22,0,34.22,0,34.22,0,34.22,2006,34.22,1980,34.22,2013,34.22,2012,34.22,0,34.22,0,34.22,0,34.22,0,34.22,2001,34.22,2001,34.22,2001,34.22,2001
34.23,0,34.23,0,34.23,0,34.23,0,34.23,2000,34.23,2020,34.23,2003,34.23,2002,34.23,0,34.23,0,34.23,0,34.23,0,34.23,2001,34.23,2001,34.23,2001,34.23,2001
34.24,0,34.24,0,34.24,0,34.24,0,34.24,1998,34.24,2002,34.24,1907,34.24,2001,34.24,0,34.24,0,34.24,0,34.24,0,34.24,2001,34.24,2001,34.24,2001,34.24,2001
34.25,0,34.25,0,34.25,0,34.25,0,34.25,1986,34.25,2060,34.25,2047,34.25,2013,34.25,0,34.25,0,34.25,0,34.25,0,34.25,2001,34.25,2001,34.25,2001,34.25,2001
34.26,0,34.26,0,34.26,0,34.26,0,34.26,1999,34.26,1998,34.26,1988,34.26,2028,34.26,0,34.26,0,34.26,0,34.26,0,34.26,2001,34.26,2001,34.26,2001,34.26,2001
34.27,0,34.27,0,34.27,0,34.27,0,34.27,1996,34.27,1991,34.27,2038,34.27,1996,34.27,0,34.27,0,34.27,0,34.27,0,34.27,2001,34.27,2001,34.27,2001,34.27,2001
34.28,0,34.28,0,34.28,0,34.28,0,34.28,2025,34.28,2009,34.28,1987,34.28,2004,34.28,0,34.28,0,34.28,0,34.28,0,34.28,2001,34.28,2001,34.28,2001,34.28,2001
34.29,0,34.29,0,34.29,0,34.29,0,34.29,2006,34.29,1994,34.29,1974,34.29,2000,34.29,0,34.29,0,34.29,0,34.29,0,34.29,2001,34.29,2001,34.29,2001,34.29,2001
34.3,0,34.3,0,34.3,0,34.3,0,34.3,1960,34.3,2036,34.3,2073,34.3,1989,34.3,0,34.3,0,34.3,0,34.3,0,34.3,2001,34.3,2001,34.3,2001,34.3,2001
34.31,0,34.31,0,34.31,0,34.31,0,34.31,1985,34.31,2015,34.31,2076,34.31,2110,34.31,0,34.31,0,34.31,0,34.31,0,34.31,2001,34.31,2001,34.31,2001,34.31,2001
34.32,0,34.32,0,34.32,0,34.32,0,34.32,2012,34.32,1986,34.32,1983,34.32,1994,34.32,0,34.32,0,34.32,0,34.32,0,34.32,2001,34.32,2001,34.32,2001,34.32,2001
34.33,0,34.33,0,34.33,0,34.33,0,34.33,1986,34.33,1993,34.33,2058,34.33,1979,34.33,0,34.33,0,34.33,0,34.33,0,34.33,2001,34.33,2001,34.33,2001,34.33,2001
34.34,0,34.34,0,34.34,0,34.34,0,34.34,1982,34.34,2129,34.34,2006,34.34,1994,34.34,0,34.34,0,34.34,0,34.34,0,34.34,2001,34.34,2001,34.34,2001,34.34,2001
34.35,0,34.35,0,34.35,0,34.35,0,34.35,1964,34.35,1997,34.35,1976,34.35,2043,34.35,0,34.35,0,34.35,0,34.35,0,34.35,2001,34.35,2001,34.35,2001,34.35,2001
34.36,0,34.36,0,34.36,0,34.36,0,34.36,1990,34.36,1929,34.36,2002,34.36,2020,34.36,0,34.36,0,34.36,0,34.36,0,34.36,2001,34.36,2001,34.36,2001,34.36,2001
34.37,0,34.37,0,34.37,0,34.37,0,34.37,1994,34.37,1976,34.37,1983,34.37,2048,34.37,0,34.37,0,34.37,0,34.37,0,34.37,2001,34.37,2001,34.37,2001,34.37,2001
34.38,0,34.38,0,34.38,0,34.38,0,34.38,2024,34.38,1977,34.38,1968,34.38,1997,34.38,0,34.38,0,34.38,0,34.38,0,34.38,2001,34.38,2001,34.38,2001,34.38,2001
34.39,0,34.39,0,34.39,0,34.39,0,34.39,2010,34.39,1975,34.39,2017,34.39,1958,34.39,0,34.39,0,34.39,0,34.39,0,34.39,2001,34.39,2001,34.39,2001,34.39,2001
34.4,0,34.4,0,34.4,0,34.4,0,34.4,2013,34.4,2067,34.4,2000,34.4,1984,34.4,0,34.4,0,34.4,0,34.4,0,34.4,2001,34.4,2001,34.4,2001,34.4,2001
34.41,0,34.41,0,34.41,0,34.41,0,34.41,1979,34.41,1988,34.41,1987,34.41,1995,34.41,0,34.41,0,34.41,0,34.41,0,34.41,2001,34.41,2001,34.41,2001,34.41,2001
34.42,0,34.42,0,34.42,0,34.42,0,34.42,2031,34.42,2011,34.42,2006,34.42,2021,34.42,0,34.42,0,34.42,0,34.42,0,34.42,2001,34.42,2001,34.42,2001,34.42,2001
34.43,0,34.43,0,34.43,0,34.43,0,34.43,1983,34.43,2084,34.43,2000,34.43,1986,34.43,0,34.43,0,34.43,0,34.43,0,34.43,2001,34.43,2001,34.43,2001,34.43,2001
34.44,0,34.44,0,34.44,0,34.44,0,34.44,1991,34.44,1996,34.44,1978,34.44,2009,34.44,0,34.44,0,34.44,0,34.44,0,34.44,2001,34.44,2001,34.44,2001,34.44,2001
34.45,0,34.45,0,34.45,0,34.45,0,34.45,1970,34.45,2015,34.45,1925,34.45,1989,34.45,0,34.45,0,34.45,0,34.45,0,34.45,2001,34.45,2001,34.45,2001,34.45,2001
34.46,0,34.46,0,34.46,0,34.46,0,34.46,1987,34.46,2018,34.46,2007,34.46,1989,34.46,0,34.46,0,34.46,0,34.46,0,34.46,2001,34.46,2001,34.46,2001,34.46,2001
34.47,0,34.47,0,34.47,0,34.47,0,34.47,2025,34.47,1998,34.47,1983,34.47,2006,34.47,0,34.47,0,34.47,0,34.47,0,34.47,2001,34.47,2001,34.47,2001,34.47,2001
34.48,0,34.48,0,34.48,0,34.48,0,34.48,2008,34.48,2003,34.48,1994,34.48,1990,34.48,0,34.48,0,34.48,0,34.48,0,34.48,2001,34.48,2001,34.48,2001,34.48,2001
34.49,0,34.49,0,34.49,0,34.49,0,34.49,1997,34.49,2037,34.49,2066,34.49,2020,34.49,0,34.49,0,34.49,0,34.49,0,34.49,2001,34.49,2001,34.49,2001,34.49,2001
34.5,0,34.5,0,34.5,0,34.5,0,34.5,1961,34.5,2004,34.5,1966,34.5,2007,34.5,0,34.5,0,34.5,0,34.5,0,34.5,2001,34.5,2001,34.5,2001,34.5,2001
34.51,0,34.51,0,34.51,0,34.51,0,34.51,1977,34.51,1917,34.51,1991,34.51,1990,34.51,0,34.51,0,34.51,0,34.51,0,34.51,2001,34.51,2001,34.51,2001,34.51,2001
34.52,0,34.52,0,34.52,0,34.52,0,34.52,1987,34.52,1966,34.52,1925,34.52,2007,34.52,0,34.52,0,34.52,0,34.52,0,34.52,2001,34.52,2001,34.52,2001,34.52,2001
34.53,0,34.53,0,34.53,0,34.53,0,34.53,2010,34.53,1986,34.53,1963,34.53,2038,34.53,0,34.53,0,34.53,0,34.53,0,34.53,2001,34.53,2001,34.53,2001,34.53,2001
34.54,0,34.54,0,34.54,0,34.54,0,34.54,2020,34.54,1980,34.54,1982,34.54,1985,34.54,0,34.54,0,34.54,0,34.54,0,34.54,2001,34.54,2001,34.54,2001,34.54,2001
34.55,0,34.55,0,34.55,0,34.55,0,34.55,2005,34.55,1968,34.55,1998,34.55,2008,34.55,0,34.55,0,34.55,0,34.55,0,34.55,2001,34.55,2001,34.55,2001,34.55,2001
34.56,0,34.56,0,34.56,0,34.56,0,34.56,2038,34.56,1960,34.56,1980,34.56,2012,34.56,0,34.56,0,34.56,0,34.56,0,34.56,2001,34.56,2001,34.56,2001,34.56,2001
34.57,0,34.57,0,34.57,0,34.57,0,34.57,2012,34.57,2002,34.57,2014,34.57,1998,34.57,0,34.57,0,34.57,0,34.57,0,34.57,2001,34.57,2001,34.57,2001,34.57,2001
34.58,0,34.58,0,34.58,0,34.58,0,34.58,2006,34.58,1985,34.58,1965,34.58,2069,34.58,0,34.58,0,34.58,0,34.58,0,34.58,2001,34.58,2001,34.58,2001,34.58,2001
34.59,0,34.59,0,34.59,0,34.59,0,34.59,2028,34.59,1988,34.59,1975,34.59,1996,34.59,0,34.59,0,34.59,0,34.59,0,34.59,2001,34.59,2001,34.59,2001,34.59,2001
34.6,0,34.6,0,34.6,0,34.6,0,34.6,2008,34.6,1993,34.6,2038,34.6,2000,34.6,0,34.6,0,34.6,0,34.6,0,34.6,2001,34.6,2001,34.6,2001,34.6,2001
34.61,0,34.61,0,34.61,0,34.61,0,34.61,2017,34.61,2093,34.61,2010,34.61,1995,34.61,0,34.61,0,34.61,0,34.61,0,34.61,2001,34.61,2001,34.61,2001,34.61,2001
34.62,0,34.62,0,34.62,0,34.62,0,34.62,1994,34.62,1978,34.62,2013,34.62,2021,34.62,0,34.62,0,34.62,0,34.62,0,34.62,2001,34.62,2001,34.62,2001,34.62,2001
34.63,0,34.63,0,34.63,0,34.63,0,34.63,2018,34.63,2004,34.63,2067,34.63,1978,34.63,0,34.63,0,34.63,0,34.63,0,34.63,2001,34.63,2001,34.63,2001,34.63,2001
34.64,0,34.64,0,34.64,0,34.64,0,34.64,1991,34.64,2006,34.64,1950,34.64,1979,34.64,0,34.64,0,34.64,0,34.64,0,34.64,2001,34.64,2001,34.64,2001,34.64,2001
34.65,0,34.65,0,34.65,0,34.65,0,34.65,1987,34.65,1987,34.65,1990,34.65,2010,34.65,0,34.65,0,34.65,0,34.65,0,34.65,2001,34.65,2001,34.65,2001,34.65,2001
34.66,0,34.66,0,34.66,0,34.66,0,34.66,1978,34.66,2002,34.66,2110,34.66,1985,34.66,0,34.66,0,34.66,0,34.66,0,34.66,2001,34.66,2001,34.66,2001,34.66,2001
34.67,0,34.67,0,34.67,0,34.67,0,34.67,1994,34.67,2017,34.67,2006,34.67,1990,34.67,0,34.67,0,34.67,0,34.67,0,34.67,2001,34.67,2001,34.67,2001,34.67,2001
34.68,0,34.68,0,34.68,0,34.68,0,34.68,1990,34.68,2116,34.68,1992,34.68,1945,34.68,0,34.68,0,34.68,0,34.68,0,34.68,2001,34.68,2001,34.68,2001,34.68,2001
34.69,0,34.69,0,34.69,0,34.69,0,34.69,1991,34.69,2008,34.69,1942,34.69,1950,34.69,0,34.69,0,34.69,0,34.69,0,34.69,2001,34.69,2001,34.69,2001,34.69,2001
34.7,0,34.7,0,34.7,0,34.7,0,34.7,2004,34.7,2009,34.7,1992,34.7,1952,34.7,0,34.7,0,34.7,0,34.7,0,34.7,2001,34.7,2001,34.7,2001,34.7,2001
34.71,0,34.71,0,34.71,0,34.71,0,34.71,1995,34.71,1973,34.71,1994,34.71,1982,34.71,0,34.71,0,34.71,0,34.71,0,34.71,2001,34.71,2001,34.71,2001,34.71,2001
34.72,0,34.72,0,34.72,0,34.72,0,34.72,2037,34.72,1956,34.72,1960,34.72,1999,34.72,0,34.72,0,34.72,0,34.72,0,34.72,2001,34.72,2001,34.72,2001,34.72,2001
34.73,0,34.73,0,34.73,0,34.73,0,34.73,1992,34.73,1997,34.73,2006,34.73,1991,34.73,0,34.73,0,34.73,0,34.73,0,34.73,2001,34.73,2001,34.73,2001,34.73,2001
34.74,0,34.74,0,34.74,0,34.74,0,34.74,1983,34.74,1991,34.74,2010,34.74,2039,34.74,0,34.74,0,34.74,0,34.74,0,34.74,2001,34.74,2001,34.74,2001,34.74,2001
34.75,0,34.75,0,34.75,0,34.75,0,34.75,1967,34.75,2000,34.75,2020,34.75,1996,34.75,0,34.75,0,34.75,0,34.75,0,34.75,2001,34.75,2001,34.75,2001,34.75,2001
34.76,0,34.76,0,34.76,0,34.76,0,34.76,2006,34.76,2015,34.76,1996,34.76,2007,34.76,0,34.76,0,34.76,0,34.76,0,34.76,2001,34.76,2001,34.76,2001,34.76,2001
34.77,0,34.77,0,34.77,0,34.77,0,34.77,1958,34.77,1995,34.77,1997,34.77,2010,34.77,0,34.77,0,34.77,0,34.77,0,34.77,2001,34.77,2001,34.77,2001,34.77,2001
34.78,0,34.78,0,34.78,0,34.78,0,34.78,1998,34.78,1999,34.78,1987,34.78,2072,34.78,0,34.78,0,34.78,0,34.78,0,34.78,2001,34.78,2001,34.78,2001,34.78,2001
34.79,0,34.79,0,34.79,0,34.79,0,34.79,1988,34.79,2006,34.79,1934,34.79,1975,34.79,0,34.79,0,34.79,0,34.79,0,34.79,2001,34.79,2001,34.79,2001,34.79,2001
34.8,0,34.8,0,34.8,0,34.8,0,34.8,2014,34.8,1954,34.8,1999,34.8,2083,34.8,0,34.8,0,34.8,0,34.8,0,34.8,2001,34.8,2001,34.8,2001,34.8,2001
34.81,0,34.81,0,34.81,0,34.81,0,34.81,1958,34.81,1945,34.81,1977,34.81,2007,34.81,0,34.81,0,34.81,0,34.81,0,34.81,2001,34.81,2001,34.81,2001,34.81,2001
34.82,0,34.82,0,34.82,0,34.82,0,34.82,2023,34.82,1986,34.82,2022,34.82,1981,34.82,0,34.82,0,34.82,0,34.82,0,34.82,2001,34.82,2001,34.82,2001,34.82,2001
34.83,0,34.83,0,34.83,0,34.83,0,34.83,2038,34.83,2000,34.83,2003,34.83,1996,34.83,0,34.83,0,34.83,0,34.83,0,34.83,2001,34.83,2001,34.83,2001,34.83,2001
34.84,0,34.84,0,34.84,0,34.84,0,34.84,2024,34.84,1987,34.84,1995,34.84,2082,34.84,0,34.84,0,34.84,0,34.84,0,34.84,2001,34.84,2001,34.84,2001,34.84,2001
34.85,0,34.85,0,34.85,0,34.85,0,34.85,1989,34.85,1998,34.85,2008,34.85,1981,34.85,0,34.85,0,34.85,0,34.85,0,34.85,2001,34.85,2001,34.85,2001,34.85,2001
34.86,0,34.86,0,34.86,0,34.86,0,34.86,1982,34.86,1976,34.86,2014,34.86,1932,34.86,0,34.86,0,34.86,0,34.86,0,34.86,2001,34.86,2001,34.86,2001,34.86,2001
34.87,0,34.87,0,34.87,0,34.87,0,34.87,2003,34.87,1974,34.87,2003,34.87,2012,34.87,0,34.87,0,34.87,0,34.87,0,34.87,2001,34.87,2001,34.87,2001,34.87,2001
34.88,0,34.88,0,34.88,0,34.88,0,34.88,2020,34.88,1996,34.88,2000,34.88,2012,34.88,0,34.88,0,34.88,0,34.88,0,34.88,2001,34.88,2001,34.88,2001,34.88,2001
34.89,0,34.89,0,34.89,0,34.89,0,34.89,2015,34.89,1972,34.89,1964,34.89,1996,34.89,0,34.89,0,34.89,0,34.89,0,34.89,2001,34.89,2001,34.89,2001,34.89,2001
34.9,0,34.9,0,34.9,0,34.9,0,34.9,2004,34.9,2008,34.9,1910,34.9,2000,34.9,0,34.9,0,34.9,0,34.9,0,34.9,2001,34.9,2001,34.9,2001,34.9,2001
34.91,0,34.91,0,34.91,0,34.91,0,34.91,1991,34.91,2015,34.91,2019,34.91,1985,34.91,0,34.91,0,34.91,0,34.91,0,34.91,2001,34.91,2001,34.91,2001,34.91,2001
34.92,0,34.92,0,34.92,0,34.92,0,34.92,1998,34.92,1987,34.92,2005,34.92,1994,34.92,0,34.92,0,34.92,0,34.92,0,34.92,2001,34.92,2001,34.92,2001,34.92,2001
34.93,0,34.93,0,34.93,0,34.93,0,34.93,2015,34.93,1988,34.93,1989,34.93,2002,34.93,0,34.93,0,34.93,0,34.93,0,34.93,2001,34.93,2001,34.93,2001,34.93,2001
34.94,0,34.94,0,34.94,0,34.94,0,34.94,1993,34.94,2016,34.94,2026,34.94,1983,34.94,0,34.94,0,34.94,0,34.94,0,34.94,2001,34.94,2001,34.94,2001,34.94,2001
34.95,0,34.95,0,34.95,0,34.95,0,34.95,2011,34.95,1983,34.95,1919,34.95,1993,34.95,0,34.95,0,34.95,0,34.95,0,34.95,2001,34.95,2001,34.95,2001,34.95,2001
34.96,0,34.96,0,34.96,0,34.96,0,34.96,2032,34.96,1991,34.96,1986,34.96,2001,34.96,0,34.96,0,34.96,0,34.96,0,34.96,2001,34.96,2001,34.96,2001,34.96,2001
34.97,0,34.97,0,34.97,0,34.97,0,34.97,1963,34.97,2063,34.97,2018,34.97,1975,34.97,0,34.97,0,34.97,0,34.97,0,34.97,2001,34.97,2001,34.97,2001,34.97,2001
34.98,0,34.98,0,34.98,0,34.98,0,34.98,1995,34.98,1984,34.98,2005,34.98,2015,34.98,0,34.98,0,34.98,0,34.98,0,34.98,2001,34.98,2001,34.98,2001,34.98,2001
34.99,0,34.99,0,34.99,0,34.99,0,34.99,1999,34.99,1983,34.99,2048,34.99,1978,34.99,0,34.99,0,34.99,0,34.99,0,34.99,2001,34.99,2001,34.99,2001,34.99,2001
35,0,35,0,35,0,35,0,35,1994,35,2059,35,1947,35,1981,35,0,35,0,35,0,35,0,35,2001,35,2001,35,2001,35,2001
35.01,0,35.01,0,35.01,0,35.01,0,35.01,2006,35.01,2006,35.01,2005,35.01,2001,35.01,0,35.01,0,35.01,0,35.01,0,35.01,2001,35.01,2001,35.01,2001,35.01,2001
35.02,0,35.02,0,35.02,0,35.02,0,35.02,2016,35.02,1968,35.02,1985,35.02,1982,35.02,0,35.02,0,35.02,0,35.02,0,35.02,2001,35.02,2001,35.02,2001,35.02,2001
35.03,0,35.03,0,35.03,0,35.03,0,35.03,1995,35.03,2010,35.03,2017,35.03,2063,35.03,0,35.03,0,35.03,0,35.03,0,35.03,2001,35.03,2001,35.03,2001,35.03,2001
35.04,0,35.04,0,35.04,0,35.04,0,35.04,1981,35.04,2002,35.04,2015,35.04,2003,35.04,0,35.04,0,35.04,0,35.04,0,35.04,2001,35.04,2001,35.04,2001,35.04,2001
35.05,0,35.05,0,35.05,0,35.05,0,35.05,1998,35.05,1984,35.05,1930,35.05,2016,35.05,0,35.05,0,35.05,0,35.05,0,35.05,2001,35.05,2001,35.05,2001,35.05,2001
35.06,0,35.06,0,35.06,0,35.06,0,35.06,1987,35.06,2004,35.06,1987,35.06,1990,35.06,0,35.06,0,35.06,0,35.06,0,35.06,2001,35.06,2001,35.06,2001,35.06,2001
35.07,0,35.07,0,35.07,0,35.07,0,35.07,1998,35.07,2048,35.07,2007,35.07,2024,35.07,0,35.07,0,35.07,0,35.07,0,35.07,2001,35.07,2001,35.07,2001,35.07,2001
35.08,0,35.08,0,35.08,0,35.08,0,35.08,2032,35.08,2003,35.08,2013,35.08,2012,35.08,0,35.08,0,35.08,0,35.08,0,35.08,2001,35.08,2001,35.08,2001,35.08,2001
35.09,0,35.09,0,35.09,0,35.09,0,35.09,1952,35.09,1994,35.09,2011,35.09,1997,35.09,0,35.09,0,35.09,0,35.09,0,35.09,2001,35.09,2001,35.09,2001,35.09,2001
35.1,0,35.1,0,35.1,0,35.1,0,35.1,2024,35.1,1973,35.1,2015,35.1,2000,35.1,0,35.1,0,35.1,0,35.1,0,35.1,2001,35.1,2001,35.1,2001,35.1,2001
35.11,0,35.11,0,35.11,0,35.11,0,35.11,1994,35.11,2001,35.11,2002,35.11,2012,35.11,0,35.11,0,35.11,0,35.11,0,35.11,2001,35.11,2001,35.11,2001,35.11,2001
35.12,0,35.12,0,35.12,0,35.12,0,35.12,2040,35.12,2016,35.12,1987,35.12,2063,35.12,0,35.12,0,35.12,0,35.12,0,35.12,2001,35.12,2001,35.12,2001,35.12,2001
35.13,0,35.13,0,35.13,0,35.13,0,35.13,1982,35.13,1999,35.13,2009,35.13,2023,35.13,0,35.13,0,35.13,0,35.13,0,35.13,2001,35.13,2001,35.13,2001,35.13,2001
35.14,0,35.14,0,35.14,0,35.14,0,35.14,1987,35.14,1962,35.14,1990,35.14,2010,35.14,0,35.14,0,35.14,0,35.14,0,35.14,2001,35.14,2001,35.14,2001,35.14,2001
35.15,0,35.15,0,35.15,0,35.15,0,35.15,1958,35.15,2004,35.15,1943,35.15,2045,35.15,0,35.15,0,35.15,0,35.15,0,35.15,2001,35.15,2001,35.15,2001,35.15,2001
35.16,0,35.16,0,35.16,0,35.16,0,35.16,1963,35.16,1997,35.16,2000,35.16,1988,35.16,0,35.16,0,35.16,0,35.16,0,35.16,2001,35.16,2001,35.16,2001,35.16,2001
35.17,0,35.17,0,35.17,0,35.17,0,35.17,2004,35.17,2018,35.17,2001,35.17,1928,35.17,0,35.17,0,35.17,0,35.17,0,35.17,2001,35.17,2001,35.17,2001,35.17,2001
35.18,0,35.18,0,35.18,0,35.18,0,35.18,2001,35.18,2019,35.18,1982,35.18,1981,35.18,0,35.18,0,35.18,0,35.18,0,35.18,2001,35.18,2001,35.18,2001,35.18,2001
35.19,0,35.19,0,35.19,0,35.19,0,35.19,2001,35.19,2001,35.19,2127,35.19,2005,35.19,0,35.19,0,35.19,0,35.19,0,35.19,2001,35.19,2001,35.19,2001,35.19,2001
35.2,0,35.2,0,35.2,0,35.2,0,35.2,2060,35.2,2012,35.2,1985,35.2,1995,35.2,0,35.2,0,35.2,0,35.2,0,35.2,2001,35.2,2001,35.2,2001,35.2,2001
35.21,0,35.21,0,35.21,0,35.21,0,35.21,1963,35.21,2011,35.21,1942,35.21,1998,35.21,0,35.21,0,35.21,0,35.21,0,35.21,2001,35.21,2001,35.21,2001,35.21,2001
35.22,0,35.22,0,35.22,0,35.22,0,35.22,2036,35.22,2001,35.22,1995,35.22,2012,35.22,0,35.22,0,35.22,0,35.22,0,35.22,2001,35.22,2001,35.22,2001,35.22,2001
35.23,0,35.23,0,35.23,0,35.23,0,35.23,1980,35.23,1944,35.23,2030,35.23,1923,35.23,0,35.23,0,35.23,0,35.23,0,35.23,2001,35.23,2001,35.23,2001,35.23,2001
35.24,0,35.24,0,35.24,0,35.24,0,35.24,1997,35.24,1995,35.24,2056,35.24,2033,35.24,0,35.24,0,35.24,0,35.24,0,35.24,2001,35.24,2001,35.24,2001,35.24,2001
35.25,0,35.25,0,35.25,0,35.25,0,35.25,1978,35.25,1993,35.25,2062,35.25,1999,35.25,0,35.25,0,35.25,0,35.25,0,35.25,2001,35.25,2001,35.25,2001,35.25,2001
35.26,0,35.26,0,35.26,0,35.26,0,35.26,1992,35.26,1995,35.26,1986,35.26,1997,35.26,0,35.26,0,35.26,0,35.26,0,35.26,2001,35.26,2001,35.26,2001,35.26,2001
35.27,0,35.27,0,35.27,0,35.27,0,35.27,1996,35.27,2133,35.27,1984,35.27,1971,35.27,0,35.27,0,35.27,0,35.27,0,35.27,2001,35.27,2001,35.27,2001,35.27,2001
35.28,0,35.28,0,35.28,0,35.28,0,35.28,2000,35.28,1978,35.28,2010,35.28,2004,35.28,0,35.28,0,35.28,0,35.28,0,35.28,2001,35.28,2001,35.28,2001,35.28,2001
35.29,0,35.29,0,35.29,0,35.29,0,35.29,1996,35.29,1948,35.29,1980,35.29,2017,35.29,0,35.29,0,35.29,0,35.29,0,35.29,2001,35.29,2001,35.29,2001,35.29,2001
35.3,0,35.3,0,35.3,0,35.3,0,35.3,1997,35.3,1996,35.3,2016,35.3,1990,35.3,0,35.3,0,35.3,0,35.3,0,35.3,2001,35.3,2001,35.3,2001,35.3,2001
35.31,0,35.31,0,35.31,0,35.31,0,35.31,1980,35.31,1959,35.31,2015,35.31,1976,35.31,0,35.31,0,35.31,0,35.31,0,35.31,2001,35.31,2001,35.31,2001,35.31,2001
35.32,0,35.32,0,35.32,0,35.32,0,35.32,1994,35.32,1994,35.32,1998,35.32,2037,35.32,0,35.32,0,35.32,0,35.32,0,35.32,2001,35.32,2001,35.32,2001,35.32,2001
35.33,0,35.33,0,35.33,0,35.33,0,35.33,2006,35.33,1950,35.33,1973,35.33,1999,35.33,0,35.33,0,35.33,0,35.33,0,35.33,2001,35.33,2001,35.33,2001,35.33,2001
35.34,0,35.34,0,35.34,0,35.34,0,35.34,2106,35.34,1980,35.34,2009,35.34,2031,35.34,0,35.34,0,35.34,0,35.34,0,35.34,2001,35.34,2001,35.34,2001,35.34,2001
35.35,0,35.35,0,35.35,0,35.35,0,35.35,1974,35.35,1972,35.35,1990,35.35,1992,35.35,0,35.35,0,35.35,0,35.35,0,35.35,2001,35.35,2001,35.35,2001,35.35,2001
35.36,0,35.36,0,35.36,0,35.36,0,35.36,1981,35.36,2005,35.36,1989,35.36,1992,35.36,0,35.36,0,35.36,0,35.36,0,35.36,2001,35.36,2001,35.36,2001,35.36,2001
35.37,0,35.37,0,35.37,0,35.37,0,35.37,1984,35.37,1998,35.37,2004,35.37,1992,35.37,0,35.37,0,35.37,0,35.37,0,35.37,2001,35.37,2001,35.37,2001,35.37,2001
35.38,0,35.38,0,35.38,0,35.38,0,35.38,2003,35.38,1993,35.38,1996,35.38,2002,35.38,0,35.38,0,35.38,0,35.38,0,35.38,2001,35.38,2001,35.38,2001,35.38,2001
35.39,0,35.39,0,35.39,0,35.39,0,35.39,1994,35.39,2015,35.39,2015,35.39,1999,35.39,0,35.39,0,35.39,0,35.39,0,35.39,2001,35.39,2001,35.39,2001,35.39,2001
35.4,0,35.4,0,35.4,0,35.4,0,35.4,1995,35.4,1995,35.4,2010,35.4,2023,35.4,0,35.4,0,35.4,0,35.4,0,35.4,2001,35.4,2001,35.4,2001,35.4,2001
35.41,0,35.41,0,35.41,0,35.41,0,35.41,1998,35.41,1978,35.41,2012,35.41,2038,35.41,0,35.41,0,35.41,0,35.41,0,35.41,2001,35.41,2001,35.41,2001,35.41,2001
35.42,0,35.42,0,35.42,0,35.42,0,35.42,1994,35.42,1955,35.42,1977,35.42,1985,35.42,0,35.42,0,35.42,0,35.42,0,35.42,2001,35.42,2001,35.42,2001,35.42,2001
35.43,0,35.43,0,35.43,0,35.43,0,35.43,2005,35.43,1978,35.43,1996,35.43,2042,35.43,0,35.43,0,35.43,0,35.43,0,35.43,2001,35.43,2001,35.43,2001,35.43,2001
35.44,0,35.44,0,35.44,0,35.44,0,35.44,2008,35.44,1972,35.44,2026,35.44,2015,35.44,0,35.44,0,35.44,0,35.44,0,35.44,2001,35.44,2001,35.44,2001,35.44,2001
35.45,0,35.45,0,35.45,0,35.45,0,35.45,1996,35.45,2014,35.45,2012,35.45,1988,35.45,0,35.45,0,35.45,0,35.45,0,35.45,2001,35.45,2001,35.45,2001,35.45,2001
35.46,0,35.46,0,35.46,0,35.46,0,35.46,2018,35.46,1994,35.46,1941,35.46,1991,35.46,0,35.46,0,35.46,0,35.46,0,35.46,2001,35.46,2001,35.46,2001,35.46,2001
35.47,0,35.47,0,35.47,0,35.47,0,35.47,1977,35.47,1997,35.47,1968,35.47,1991,35.47,0,35.47,0,35.47,0,35.47,0,35.47,2001,35.47,2001,35.47,2001,35.47,2001
35.48,0,35.48,0,35.48,0,35.48,0,35.48,1944,35.48,2026,35.48,1954,35.48,1927,35.48,0,35.48,0,35.48,0,35.48,0,35.48,2001,35.48,2001,35.48,2001,35.48,2001
35.49,0,35.49,0,35.49,0,35.49,0,35.49,1993,35.49,1974,35.49,2000,35.49,1970,35.49,0,35.49,0,35.49,0,35.49,0,35.49,2001,35.49,2001,35.49,2001,35.49,2001
35.5,0,35.5,0,35.5,0,35.5,0,35.5,1994,35.5,1973,35.5,2006,35.5,2000,35.5,0,35.5,0,35.5,0,35.5,0,35.5,2001,35.5,2001,35.5,2001,35.5,2001
35.51,0,35.51,0,35.51,0,35.51,0,35.51,2013,35.51,2015,35.51,1977,35.51,2016,35.51,0,35.51,0,35.51,0,35.51,0,35.51,2001,35.51,2001,35.51,2001,35.51,2001
35.52,0,35.52,0,35.52,0,35.52,0,35.52,1986,35.52,2091,35.52,2044,35.52,1975,35.52,0,35.52,0,35.52,0,35.52,0,35.52,2001,35.52,2001,35.52,2001,35.52,2001
35.53,0,35.53,0,35.53,0,35.53,0,35.53,2003,35.53,1979,35.53,1998,35.53,2042,35.53,0,35.53,0,35.53,0,35.53,0,35.53,2001,35.53,2001,35.53,2001,35.53,2001
35.54,0,35.54,0,35.54,0,35.54,0,35.54,1996,35.54,2153,35.54,1965,35.54,1985,35.54,0,35.54,0,35.54,0,35.54,0,35.54,2001,35.54,2001,35.54,2001,35.54,2001
35.55,0,35.55,0,35.55,0,35.55,0,35.55,1985,35.55,1974,35.55,2026,35.55,2018,35.55,0,35.55,0,35.55,0,35.55,0,35.55,2001,35.55,2001,35.55,2001,35.55,2001
35.56,0,35.56,0,35.56,0,35.56,0,35.56,1968,35.56,1963,35.56,1988,35.56,1996,35.56,0,35.56,0,35.56,0,35.56,0,35.56,2001,35.56,2001,35.56,2001,35.56,2001
35.57,0,35.57,0,35.57,0,35.57,0,35.57,1998,35.57,1977,35.57,1984,35.57,1996,35.57,0,35.57,0,35.57,0,35.57,0,35.57,2001,35.57,2001,35.57,2001,35.57,2001
35.58,0,35.58,0,35.58,0,35.58,0,35.58,1963,35.58,1974,35.58,1982,35.58,1992,35.58,0,35.58,0,35.58,0,35.58,0,35.58,2001,35.58,2001,35.58,2001,35.58,2001
35.59,0,35.59,0,35.59,0,35.59,0,35.59,2004,35.59,1940,35.59,1986,35.59,2025,35.59,0,35.59,0,35.59,0,35.59,0,35.59,2001,35.59,2001,35.59,2001,35.59,2001
35.6,0,35.6,0,35.6,0,35.6,0,35.6,1957,35.6,1997,35.6,1985,35.6,1990,35.6,0,35.6,0,35.6,0,35.6,0,35.6,2001,35.6,2001,35.6,2001,35.6,2001
35.61,0,35.61,0,35.61,0,35.61,0,35.61,1976,35.61,1949,35.61,2017,35.61,2074,35.61,0,35.61,0,35.61,0,35.61,0,35.61,2001,35.61,2001,35.61,2001,35.61,2001
35.62,0,35.62,0,35.62,0,35.62,0,35.62,2010,35.62,1980,35.62,2022,35.62,2017,35.62,0,35.62,0,35.62,0,35.62,0,35.62,2001,35.62,2001,35.62,2001,35.62,2001
35.63,0,35.63,0,35.63,0,35.63,0,35.63,1996,35.63,2133,35.63,1985,35.63,1982,35.63,0,35.63,0,35.63,0,35.63,0,35.63,2001,35.63,2001,35.63,2001,35.63,2001
35.64,0,35.64,0,35.64,0,35.64,0,35.64,1988,35.64,1970,35.64,2040,35.64,2005,35.64,0,35.64,0,35.64,0,35.64,0,35.64,2001,35.64,2001,35.64,2001,35.64,2001
35.65,0,35.65,0,35.65,0,35.65,0,35.65,2013,35.65,1974,35.65,1996,35.65,1970,35.65,0,35.65,0,35.65,0,35.65,0,35.65,2001,35.65,2001,35.65,2001,35.65,2001
35.66,0,35.66,0,35.66,0,35.66,0,35.66,2013,35.66,1977,35.66,1994,35.66,1986,35.66,0,35.66,0,35.66,0,35.66,0,35.66,2001,35.66,2001,35.66,2001,35.66,2001
35.67,0,35.67,0,35.67,0,35.67,0,35.67,1951,35.67,1992,35.67,2137,35.67,1983,35.67,0,35.67,0,35.67,0,35.67,0,35.67,2001,35.67,2001,35.67,2001,35.67,2001
35.68,0,35.68,0,35.68,0,35.68,0,35.68,1989,35.68,1941,35.68,2020,35.68,1989,35.68,0,35.68,0,35.68,0,35.68,0,35.68,2001,35.68,2001,35.68,2001,35.68,2001
35.69,0,35.69,0,35.69,0,35.69,0,35.69,1964,35.69,2080,35.69,1986,35.69,2017,35.69,0,35.69,0,35.69,0,35.69,0,35.69,2001,35.69,2001,35.69,2001,35.69,2001
35.7,0,35.7,0,35.7,0,35.7,0,35.7,2002,35.7,2086,35.7,1984,35.7,2003,35.7,0,35.7,0,35.7,0,35.7,0,35.7,2001,35.7,2001,35.7,2001,35.7,2001
35.71,0,35.71,0,35.71,0,35.71,0,35.71,1991,35.71,1993,35.71,1988,35.71,2029,35.71,0,35.71,0,35.71,0,35.71,0,35.71,2001,35.71,2001,35.71,2001,35.71,2001
35.72,0,35.72,0,35.72,0,35.72,0,35.72,1948,35.72,1986,35.72,1988,35.72,1990,35.72,0,35.72,0,35.72,0,35.72,0,35.72,2001,35.72,2001,35.72,2001,35.72,2001
35.73,0,35.73,0,35.73,0,35.73,0,35.73,2003,35.73,1958,35.73,2002,35.73,1978,35.73,0,35.73,0,35.73,0,35.73,0,35.73,2001,35.73,2001,35.73,2001,35.73,2001
35.74,0,35.74,0,35.74,0,35.74,0,35.74,1980,35.74,1944,35.74,2053,35.74,2018,35.74,0,35.74,0,35.74,0,35.74,0,35.74,2001,35.74,2001,35.74,2001,35.74,2001
35.75,0,35.75,0,35.75,0,35.75,0,35.75,1980,35.75,1991,35.75,1963,35.75,2008,35.75,0,35.75,0,35.75,0,35.75,0,35.75,2001,35.75,2001,35.75,2001,35.75,2001
35.76,0,35.76,0,35.76,0,35.76,0,35.76,2012,35.76,2001,35.76,2007,35.76,1987,35.76,0,35.76,0,35.76,0,35.76,0,35.76,2001,35.76,2001,35.76,2001,35.76,2001
35.77,0,35.77,0,35.77,0,35.77,0,35.77,1998,35.77,2059,35.77,2007,35.77,1995,35.77,0,35.77,0,35.77,0,35.77,0,35.77,2001,35.77,2001,35.77,2001,35.77,2001
35.78,0,35.78,0,35.78,0,35.78,0,35.78,2013,35.78,1970,35.78,1992,35.78,2002,35.78,0,35.78,0,35.78,0,35.78,0,35.78,2001,35.78,2001,35.78,2001,35.78,2001
35.79,0,35.79,0,35.79,0,35.79,0,35.79,2060,35.79,2016,35.79,1991,35.79,1992,35.79,0,35.79,0,35.79,0,35.79,0,35.79,2001,35.79,2001,35.79,2001,35.79,2001
35.8,0,35.8,0,35.8,0,35.8,0,35.8,1973,35.8,2000,35.8,1997,35.8,2010,35.8,0,35.8,0,35.8,0,35.8,0,35.8,2001,35.8,2001,35.8,2001,35.8,2001
35.81,0,35.81,0,35.81,0,35.81,0,35.81,2023,35.81,1983,35.81,1997,35.81,1989,35.81,0,35.81,0,35.81,0,35.81,0,35.81,2001,35.81,2001,35.81,2001,35.81,2001
35.82,0,35.82,0,35.82,0,35.82,0,35.82,2097,35.82,1999,35.82,1974,35.82,1980,35.82,0,35.82,0,35.82,0,35.82,0,35.82,2001,35.82,2001,35.82,2001,35.82,2001
35.83,0,35.83,0,35.83,0,35.83,0,35.83,2003,35.83,1947,35.83,1994,35.83,2088,35.83,0,35.83,0,35.83,0,35.83,0,35.83,2001,35.83,2001,35.83,2001,35.83,2001
35.84,0,35.84,0,35.84,0,35.84,0,35.84,1944,35.84,2002,35.84,1988,35.84,2005,35.84,0,35.84,0,35.84,0,35.84,0,35.84,2001,35.84,2001,35.84,2001,35.84,2001
35.85,0,35.85,0,35.85,0,35.85,0,35.85,1972,35.85,2017,35.85,2001,35.85,1997,35.85,0,35.85,0,35.85,0,35.85,0,35.85,2001,35.85,2001,35.85,2001,35.85,2001
35.86,0,35.86,0,35.86,0,35.86,0,35.86,1918,35.86,2005,35.86,2008,35.86,1987,35.86,0,35.86,0,35.86,0,35.86,0,35.86,2001,35.86,2001,35.86,2001,35.86,2001
35.87,0,35.87,0,35.87,0,35.87,0,35.87,2008,35.87,1991,35.87,1997,35.87,2007,35.87,0,35.87,0,35.87,0,35.87,0,35.87,2001,35.87,2001,35.87,2001,35.87,2001
35.88,0,35.88,0,35.88,0,35.88,0,35.88,1990,35.88,2016,35.88,2003,35.88,1987,35.88,0,35.88,0,35.88,0,35.88,0,35.88,2001,35.88,2001,35.88,2001,35.88,2001
35.89,0,35.89,0,35.89,0,35.89,0,35.89,2022,35.89,2013,35.89,2022,35.89,2139,35.89,0,35.89,0,35.89,0,35.89,0,35.89,2001,35.89,2001,35.89,2001,35.89,2001
35.9,0,35.9,0,35.9,0,35.9,0,35.9,2002,35.9,1984,35.9,1985,35.9,1984,35.9,0,35.9,0,35.9,0,35.9,0,35.9,2001,35.9,2001,35.9,2001,35.9,2001
35.91,0,35.91,0,35.91,0,35.91,0,35.91,2027,35.91,1994,35.91,1989,35.91,2059,35.91,0,35.91,0,35.91,0,35.91,0,35.91,2001,35.91,2001,35.91,2001,35.91,2001
35.92,0,35.92,0,35.92,0,35.92,0,35.92,2013,35.92,1947,35.92,1976,35.92,1996,35.92,0,35.92,0,35.92,0,35.92,0,35.92,2001,35.92,2001,35.92,2001,35.92,2001
35.93,0,35.93,0,35.93,0,35.93,0,35.93,2040,35.93,1956,35.93,1990,35.93,1902,35.93,0,35.93,0,35.93,0,35.93,0,35.93,2001,35.93,2001,35.93,2001,35.93,2001
35.94,0,35.94,0,35.94,0,35.94,0,35.94,2015,35.94,1987,35.94,1981,35.94,1966,35.94,0,35.94,0,35.94,0,35.94,0,35.94,2001,35.94,2001,35.94,2001,35.94,2001
35.95,0,35.95,0,35.95,0,35.95,0,35.95,2008,35.95,2020,35.95,2064,35.95,1974,35.95,0,35.95,0,35.95,0,35.95,0,35.95,2001,35.95,2001,35.95,2001,35.95,2001
35.96,0,35.96,0,35.96,0,35.96,0,35.96,2008,35.96,2001,35.96,2017,35.96,2016,35.96,0,35.96,0,35.96,0,35.96,0,35.96,2001,35.96,2001,35.96,2001,35.96,2001
35.97,0,35.97,0,35.97,0,35.97,0,35.97,2068,35.97,2010,35.97,1986,35.97,1974,35.97,0,35.97,0,35.97,0,35.97,0,35.97,2001,35.97,2001,35.97,2001,35.97,2001
35.98,0,35.98,0,35.98,0,35.98,0,35.98,1969,35.98,2025,35.98,1998,35.98,1996,35.98,0,35.98,0,35.98,0,35.98,0,35.98,2001,35.98,2001,35.98,2001,35.98,2001
35.99,0,35.99,0,35.99,0,35.99,0,35.99,2028,35.99,1990,35.99,1996,35.99,1999,35.99,0,35.99,0,35.99,0,35.99,0,35.99,2001,35.99,2001,35.99,2001,35.99,2001
36,0,36,0,36,0,36,0,36,2072,36,2034,36,2025,36,2020,36,0,36,0,36,0,36,0,36,2001,36,2001,36,2001,36,2001
36.01,0,36.01,0,36.01,0,36.01,0,36.01,1963,36.01,2007,36.01,2004,36.01,1994,36.01,0,36.01,0,36.01,0,36.01,0,36.01,2001,36.01,2001,36.01,2001,36.01,2001
36.02,0,36.02,0,36.02,0,36.02,0,36.02,1974,36.02,1988,36.02,2000,36.02,2009,36.02,0,36.02,0,36.02,0,36.02,0,36.02,2001,36.02,2001,36.02,2001,36.02,2001
36.03,0,36.03,0,36.03,0,36.03,0,36.03,1973,36.03,2006,36.03,1994,36.03,2040,36.03,0,36.03,0,36.03,0,36.03,0,36.03,2001,36.03,2001,36.03,2001,36.03,2001
36.04,0,36.04,0,36.04,0,36.04,0,36.04,1995,36.04,2036,36.04,1934,36.04,1992,36.04,0,36.04,0,36.04,0,36.04,0,36.04,2001,36.04,2001,36.04,2001,36.04,2001
36.05,0,36.05,0,36.05,0,36.05,0,36.05,1972,36.05,1980,36.05,2003,36.05,2002,36.05,0,36.05,0,36.05,0,36.05,0,36.05,2001,36.05,2001,36.05,2001,36.05,2001
36.06,0,36.06,0,36.06,0,36.06,0,36.06,1982,36.06,1991,36.06,1968,36.06,1977,36.06,0,36.06,0,36.06,0,36.06,0,36.06,2001,36.06,2001,36.06,2001,36.06,2001
36.07,0,36.07,0,36.07,0,36.07,0,36.07,2016,36.07,2010,36.07,1939,36.07,1999,36.07,0,36.07,0,36.07,0,36.07,0,36.07,2001,36.07,2001,36.07,2001,36.07,2001
36.08,0,36.08,0,36.08,0,36.08,0,36.08,1998,36.08,1984,36.08,1988,36.08,2001,36.08,0,36.08,0,36.08,0,36.08,0,36.08,2001,36.08,2001,36.08,2001,36.08,2001
36.09,0,36.09,0,36.09,0,36.09,0,36.09,1948,36.09,1984,36.09,1978,36.09,1979,36.09,0,36.09,0,36.09,0,36.09,0,36.09,2001,36.09,2001,36.09,2001,36.09,2001
36.1,0,36.1,0,36.1,0,36.1,0,36.1,2004,36.1,2007,36.1,2003,36.1,2068,36.1,0,36.1,0,36.1,0,36.1,0,36.1,2001,36.1,2001,36.1,2001,36.1,2001
36.11,0,36.11,0,36.11,0,36.11,0,36.11,1981,36.11,1985,36.11,1988,36.11,1919,36.11,0,36.11,0,36.11,0,36.11,0,36.11,2001,36.11,2001,36.11,2001,36.11,2001
36.12,0,36.12,0,36.12,0,36.12,0,36.12,1997,36.12,1957,36.12,1983,36.12,1966,36.12,0,36.12,0,36.12,0,36.12,0,36.12,2001,36.12,2001,36.12,2001,36.12,2001
36.13,0,36.13,0,36.13,0,36.13,0,36.13,2002,36.13,2004,36.13,2009,36.13,2003,36.13,0,36.13,0,36.13,0,36.13,0,36.13,2001,36.13,2001,36.13,2001,36.13,2001
36.14,0,36.14,0,36.14,0,36.14,0,36.14,2014,36.14,1978,36.14,2024,36.14,2014,36.14,0,36.14,0,36.14,0,36.14,0,36.14,2001,36.14,2001,36.14,2001,36.14,2001
36.15,0,36.15,0,36.15,0,36.15,0,36.15,1945,36.15,1988,36.15,1984,36.15,1997,36.15,0,36.15,0,36.15,0,36.15,0,36.15,2001,36.15,2001,36.15,2001,36.15,2001
36.16,0,36.16,0,36.16,0,36.16,0,36.16,1993,36.16,1997,36.16,1995,36.16,1981,36.16,0,36.16,0,36.16,0,36.16,0,36.16,2001,36.16,2001,36.16,2001,36.16,2001
36.17,0,36.17,0,36.17,0,36.17,0,36.17,1997,36.17,1986,36.17,1986,36.17,1980,36.17,0,36.17,0,36.17,0,36.17,0,36.17,2001,36.17,2001,36.17,2001,36.17,2001
36.18,0,36.18,0,36.18,0,36.18,0,36.18,1978,36.18,2119,36.18,1986,36.18,1967,36.18,0,36.18,0,36.18,0,36.18,0,36.18,2001,36.18,2001,36.18,2001,36.18,2001
36.19,0,36.19,0,36.19,0,36.19,0,36.19,2004,36.19,1993,36.19,2019,36.19,1998,36.19,0,36.19,0,36.19,0,36.19,0,36.19,2001,36.19,2001,36.19,2001,36.19,2001
36.2,0,36.2,0,36.2,0,36.2,0,36.2,1991,36.2,1992,36.2,1990,36.2,2035,36.2,0,36.2,0,36.2,0,36.2,0,36.2,2001,36.2,2001,36.2,2001,36.2,2001
36.21,0,36.21,0,36.21,0,36.21,0,36.21,2004,36.21,1997,36.21,2127,36.21,1961,36.21,0,36.21,0,36.21,0,36.21,0,36.21,2001,36.21,2001,36.21,2001,36.21,2001
36.22,0,36.22,0,36.22,0,36.22,0,36.22,1989,36.22,1994,36.22,1955,36.22,2124,36.22,0,36.22,0,36.22,0,36.22,0,36.22,2001,36.22,2001,36.22,2001,36.22,2001
36.23,0,36.23,0,36.23,0,36.23,0,36.23,1966,36.23,1983,36.23,1998,36.23,1994,36.23,0,36.23,0,36.23,0,36.23,0,36.23,2001,36.23,2001,36.23,2001,36.23,2001
36.24,0,36.24,0,36.24,0,36.24,0,36.24,1970,36.24,2058,36.24,2055,36.24,1988,36.24,0,36.24,0,36.24,0,36.24,0,36.24,2001,36.24,2001,36.24,2001,36.24,2001
36.25,0,36.25,0,36.25,0,36.25,0,36.25,2022,36.25,1960,36.25,1997,36.25,1987,36.25,0,36.25,0,36.25,0,36.25,0,36.25,2001,36.25,2001,36.25,2001,36.25,2001
36.26,0,36.26,0,36.26,0,36.26,0,36.26,1997,36.26,1969,36.26,2014,36.26,2010,36.26,0,36.26,0,36.26,0,36.26,0,36.26,2001,36.26,2001,36.26,2001,36.26,2001
36.27,0,36.27,0,36.27,0,36.27,0,36.27,2014,36.27,1980,36.27,1998,36.27,1983,36.27,0,36.27,0,36.27,0,36.27,0,36.27,2001,36.27,2001,36.27,2001,36.27,2001
36.28,0,36.28,0,36.28,0,36.28,0,36.28,1964,36.28,2009,36.28,2008,36.28,2037,36.28,0,36.28,0,36.28,0,36.28,0,36.28,2001,36.28,2001,36.28,2001,36.28,2001
36.29,0,36.29,0,36.29,0,36.29,0,36.29,2049,36.29,2019,36.29,2002,36.29,2015,36.29,0,36.29,0,36.29,0,36.29,0,36.29,2001,36.29,2001,36.29,2001,36.29,2001
36.3,0,36.3,0,36.3,0,36.3,0,36.3,1924,36.3,2117,36.3,1956,36.3,1977,36.3,0,36.3,0,36.3,0,36.3,0,36.3,2001,36.3,2001,36.3,2001,36.3,2001
36.31,0,36.31,0,36.31,0,36.31,0,36.31,2000,36.31,2003,36.31,2007,36.31,1989,36.31,0,36.31,0,36.31,0,36.31,0,36.31,2001,36.31,2001,36.31,2001,36.31,2001
36.32,0,36.32,0,36.32,0,36.32,0,36.32,1996,36.32,2114,36.32,2010,36.32,2019,36.32,0,36.32,0,36.32,0,36.32,0,36.32,2001,36.32,2001,36.32,2001,36.32,2001
36.33,0,36.33,0,36.33,0,36.33,0,36.33,1992,36.33,1956,36.33,1980,36.33,1981,36.33,0,36.33,0,36.33,0,36.33,0,36.33,2001,36.33,2001,36.33,2001,36.33,2001
36.34,0,36.34,0,36.34,0,36.34,0,36.34,1990,36.34,2008,36.34,2008,36.34,1988,36.34,0,36.34,0,36.34,0,36.34,0,36.34,2001,36.34,2001,36.34,2001,36.34,2001
36.35,0,36.35,0,36.35,0,36.35,0,36.35,1963,36.35,1976,36.35,1919,36.35,1997,36.35,0,36.35,0,36.35,0,36.35,0,36.35,2001,36.35,2001,36.35,2001,36.35,2001
36.36,0,36.36,0,36.36,0,36.36,0,36.36,2005,36.36,1984,36.36,2000,36.36,1976,36.36,0,36.36,0,36.36,0,36.36,0,36.36,2001,36.36,2001,36.36,2001,36.36,2001
36.37,0,36.37,0,36.37,0,36.37,0,36.37,1948,36.37,1995,36.37,2001,36.37,1987,36.37,0,36.37,0,36.37,0,36.37,0,36.37,2001,36.37,2001,36.37,2001,36.37,2001
36.38,0,36.38,0,36.38,0,36.38,0,36.38,1988,36.38,1995,36.38,2011,36.38,2046,36.38,0,36.38,0,36.38,0,36.38,0,36.38,2001,36.38,2001,36.38,2001,36.38,2001
36.39,0,36.39,0,36.39,0,36.39,0,36.39,1976,36.39,1975,36.39,2021,36.39,1981,36.39,0,36.39,0,36.39,0,36.39,0,36.39,2001,36.39,2001,36.39,2001,36.39,2001
36.4,0,36.4,0,36.4,0,36.4,0,36.4,2012,36.4,2008,36.4,1993,36.4,1980,36.4,0,36.4,0,36.4,0,36.4,0,36.4,2001,36.4,2001,36.4,2001,36.4,2001
36.41,0,36.41,0,36.41,0,36.41,0,36.41,2004,36.41,2000,36.41,2046,36.41,1999,36.41,0,36.41,0,36.41,0,36.41,0,36.41,2001,36.41,2001,36.41,2001,36.41,2001
36.42,0,36.42,0,36.42,0,36.42,0,36.42,1991,36.42,1987,36.42,1989,36.42,2011,36.42,0,36.42,0,36.42,0,36.42,0,36.42,2001,36.42,2001,36.42,2001,36.42,2001
36.43,0,36.43,0,36.43,0,36.43,0,36.43,1994,36.43,1993,36.43,2110,36.43,1980,36.43,0,36.43,0,36.43,0,36.43,0,36.43,2001,36.43,2001,36.43,2001,36.43,2001
36.44,0,36.44,0,36.44,0,36.44,0,36.44,2006,36.44,1996,36.44,2011,36.44,2014,36.44,0,36.44,0,36.44,0,36.44,0,36.44,2001,36.44,2001,36.44,2001,36.44,2001
36.45,0,36.45,0,36.45,0,36.45,0,36.45,1990,36.45,1963,36.45,1970,36.45,1968,36.45,0,36.45,0,36.45,0,36.45,0,36.45,2001,36.45,2001,36.45,2001,36.45,2001
36.46,0,36.46,0,36.46,0,36.46,0,36.46,1975,36.46,1931,36.46,1980,36.46,1997,36.46,0,36.46,0,36.46,0,36.46,0,36.46,2001,36.46,2001,36.46,2001,36.46,2001
36.47,0,36.47,0,36.47,0,36.47,0,36.47,1979,36.47,1975,36.47,2055,36.47,2000,36.47,0,36.47,0,36.47,0,36.47,0,36.47,2001,36.47,2001,36.47,2001,36.47,2001
36.48,0,36.48,0,36.48,0,36.48,0,36.48,1956,36.48,2028,36.48,2063,36.48,1982,36.48,0,36.48,0,36.48,0,36.48,0,36.48,2001,36.48,2001,36.48,2001,36.48,2001
36.49,0,36.49,0,36.49,0,36.49,0,36.49,1986,36.49,2061,36.49,1973,36.49,2097,36.49,0,36.49,0,36.49,0,36.49,0,36.49,2001,36.49,2001,36.49,2001,36.49,2001
36.5,0,36.5,0,36.5,0,36.5,0,36.5,2006,36.5,1982,36.5,2048,36.5,2075,36.5,0,36.5,0,36.5,0,36.5,0,36.5,2001,36.5,2001,36.5,2001,36.5,2001
36.51,0,36.51,0,36.51,0,36.51,0,36.51,2110,36.51,1986,36.51,1994,36.51,1983,36.51,0,36.51,0,36.51,0,36.51,0,36.51,2001,36.51,2001,36.51,2001,36.51,2001
36.52,0,36.52,0,36.52,0,36.52,0,36.52,1936,36.52,1984,36.52,1972,36.52,1983,36.52,0,36.52,0,36.52,0,36.52,0,36.52,2001,36.52,2001,36.52,2001,36.52,2001
36.53,0,36.53,0,36.53,0,36.53,0,36.53,1967,36.53,1967,36.53,1989,36.53,2004,36.53,0,36.53,0,36.53,0,36.53,0,36.53,2001,36.53,2001,36.53,2001,36.53,2001
36.54,0,36.54,0,36.54,0,36.54,0,36.54,1984,36.54,1996,36.54,1865,36.54,1948,36.54,0,36.54,0,36.54,0,36.54,0,36.54,2001,36.54,2001,36.54,2001,36.54,2001
36.55,0,36.55,0,36.55,0,36.55,0,36.55,1943,36.55,2006,36.55,1961,36.55,1963,36.55,0,36.55,0,36.55,0,36.55,0,36.55,2001,36.55,2001,36.55,2001,36.55,2001
36.56,0,36.56,0,36.56,0,36.56,0,36.56,1990,36.56,1992,36.56,1991,36.56,1973,36.56,0,36.56,0,36.56,0,36.56,0,36.56,2001,36.56,2001,36.56,2001,36.56,2001
36.57,0,36.57,0,36.57,0,36.57,0,36.57,1947,36.57,1968,36.57,1978,36.57,1989,36.57,0,36.57,0,36.57,0,36.57,0,36.57,2001,36.57,2001,36.57,2001,36.57,2001
36.58,0,36.58,0,36.58,0,36.58,0,36.58,1989,36.58,2017,36.58,1991,36.58,1984,36.58,0,36.58,0,36.58,0,36.58,0,36.58,2001,36.58,2001,36.58,2001,36.58,2001
36.59,0,36.59,0,36.59,0,36.59,0,36.59,2078,36.59,2022,36.59,2002,36.59,2006,36.59,0,36.59,0,36.59,0,36.59,0,36.59,2001,36.59,2001,36.59,2001,36.59,2001
36.6,0,36.6,0,36.6,0,36.6,0,36.6,1992,36.6,1988,36.6,1999,36.6,1997,36.6,0,36.6,0,36.6,0,36.6,0,36.6,2001,36.6,2001,36.6,2001,36.6,2001
36.61,0,36.61,0,36.61,0,36.61,0,36.61,2007,36.61,1991,36.61,1991,36.61,1977,36.61,0,36.61,0,36.61,0,36.61,0,36.61,2001,36.61,2001,36.61,2001,36.61,2001
36.62,0,36.62,0,36.62,0,36.62,0,36.62,2020,36.62,1968,36.62,1936,36.62,1933,36.62,0,36.62,0,36.62,0,36.62,0,36.62,2001,36.62,2001,36.62,2001,36.62,2001
36.63,0,36.63,0,36.63,0,36.63,0,36.63,1995,36.63,1988,36.63,1996,36.63,2002,36.63,0,36.63,0,36.63,0,36.63,0,36.63,2001,36.63,2001,36.63,2001,36.63,2001
36.64,0,36.64,0,36.64,0,36.64,0,36.64,1972,36.64,1968,36.64,1997,36.64,1996,36.64,0,36.64,0,36.64,0,36.64,0,36.64,2001,36.64,2001,36.64,2001,36.64,2001
36.65,0,36.65,0,36.65,0,36.65,0,36.65,2026,36.65,2004,36.65,1987,36.65,2092,36.65,0,36.65,0,36.65,0,36.65,0,36.65,2001,36.65,2001,36.65,2001,36.65,2001
36.66,0,36.66,0,36.66,0,36.66,0,36.66,1987,36.66,1978,36.66,1988,36.66,2018,36.66,0,36.66,0,36.66,0,36.66,0,36.66,2001,36.66,2001,36.66,2001,36.66,2001
36.67,0,36.67,0,36.67,0,36.67,0,36.67,1992,36.67,1997,36.67,2137,36.67,1964,36.67,0,36.67,0,36.67,0,36.67,0,36.67,2001,36.67,2001,36.67,2001,36.67,2001
36.68,0,36.68,0,36.68,0,36.68,0,36.68,1996,36.68,2003,36.68,2015,36.68,2031,36.68,0,36.68,0,36.68,0,36.68,0,36.68,2001,36.68,2001,36.68,2001,36.68,2001
36.69,0,36.69,0,36.69,0,36.69,0,36.69,1984,36.69,1969,36.69,2032,36.69,1997,36.69,0,36.69,0,36.69,0,36.69,0,36.69,2001,36.69,2001,36.69,2001,36.69,2001
36.7,0,36.7,0,36.7,0,36.7,0,36.7,2009,36.7,1988,36.7,2100,36.7,1980,36.7,0,36.7,0,36.7,0,36.7,0,36.7,2001,36.7,2001,36.7,2001,36.7,2001
36.71,0,36.71,0,36.71,0,36.71,0,36.71,1997,36.71,2019,36.71,1980,36.71,1926,36.71,0,36.71,0,36.71,0,36.71,0,36.71,2001,36.71,2001,36.71,2001,36.71,2001
36.72,0,36.72,0,36.72,0,36.72,0,36.72,2053,36.72,2014,36.72,2006,36.72,1990,36.72,0,36.72,0,36.72,0,36.72,0,36.72,2001,36.72,2001,36.72,2001,36.72,2001
36.73,0,36.73,0,36.73,0,36.73,0,36.73,2006,36.73,2019,36.73,1981,36.73,1982,36.73,0,36.73,0,36.73,0,36.73,0,36.73,2001,36.73,2001,36.73,2001,36.73,2001
36.74,0,36.74,0,36.74,0,36.74,0,36.74,2002,36.74,2009,36.74,2009,36.74,2009,36.74,0,36.74,0,36.74,0,36.74,0,36.74,2001,36.74,2001,36.74,2001,36.74,2001
36.75,0,36.75,0,36.75,0,36.75,0,36.75,1988,36.75,2003,36.75,1987,36.75,1935,36.75,0,36.75,0,36.75,0,36.75,0,36.75,2001,36.75,2001,36.75,2001,36.75,2001
36.76,0,36.76,0,36.76,0,36.76,0,36.76,2007,36.76,1980,36.76,1984,36.76,2081,36.76,0,36.76,0,36.76,0,36.76,0,36.76,2001,36.76,2001,36.76,2001,36.76,2001
36.77,0,36.77,0,36.77,0,36.77,0,36.77,2002,36.77,2131,36.77,2000,36.77,2032,36.77,0,36.77,0,36.77,0,36.77,0,36.77,2001,36.77,2001,36.77,2001,36.77,2001
36.78,0,36.78,0,36.78,0,36.78,0,36.78,2086,36.78,1980,36.78,2013,36.78,1991,36.78,0,36.78,0,36.78,0,36.78,0,36.78,2001,36.78,2001,36.78,2001,36.78,2001
36.79,0,36.79,0,36.79,0,36.79,0,36.79,1993,36.79,2026,36.79,1982,36.79,1946,36.79,0,36.79,0,36.79,0,36.79,0,36.79,2001,36.79,2001,36.79,2001,36.79,2001
36.8,0,36.8,0,36.8,0,36.8,0,36.8,1993,36.8,2004,36.8,2003,36.8,2004,36.8,0,36.8,0,36.8,0,36.8,0,36.8,2001,36.8,2001,36.8,2001,36.8,2001
36.81,0,36.81,0,36.81,0,36.81,0,36.81,1993,36.81,1992,36.81,1998,36.81,1990,36.81,0,36.81,0,36.81,0,36.81,0,36.81,2001,36.81,2001,36.81,2001,36.81,2001
36.82,0,36.82,0,36.82,0,36.82,0,36.82,2011,36.82,2021,36.82,1982,36.82,1964,36.82,0,36.82,0,36.82,0,36.82,0,36.82,2001,36.82,2001,36.82,2001,36.82,2001
36.83,0,36.83,0,36.83,0,36.83,0,36.83,2015,36.83,2030,36.83,2004,36.83,2003,36.83,0,36.83,0,36.83,0,36.83,0,36.83,2001,36.83,2001,36.83,2001,36.83,2001
36.84,0,36.84,0,36.84,0,36.84,0,36.84,1986,36.84,2002,36.84,2006,36.84,1999,36.84,0,36.84,0,36.84,0,36.84,0,36.84,2001,36.84,2001,36.84,2001,36.84,2001
36.85,0,36.85,0,36.85,0,36.85,0,36.85,2001,36.85,2022,36.85,2065,36.85,1994,36.85,0,36.85,0,36.85,0,36.85,0,36.85,2001,36.85,2001,36.85,2001,36.85,2001
36.86,0,36.86,0,36.86,0,36.86,0,36.86,1994,36.86,1978,36.86,2086,36.86,2048,36.86,0,36.86,0,36.86,0,36.86,0,36.86,2001,36.86,2001,36.86,2001,36.86,2001
36.87,0,36.87,0,36.87,0,36.87,0,36.87,1999,36.87,1984,36.87,2012,36.87,2035,36.87,0,36.87,0,36.87,0,36.87,0,36.87,2001,36.87,2001,36.87,2001,36.87,2001
36.88,0,36.88,0,36.88,0,36.88,0,36.88,1968,36.88,2012,36.88,2005,36.88,1996,36.88,0,36.88,0,36.88,0,36.88,0,36.88,2001,36.88,2001,36.88,2001,36.88,2001
36.89,0,36.89,0,36.89,0,36.89,0,36.89,1989,36.89,2003,36.89,1982,36.89,1976,36.89,0,36.89,0,36.89,0,36.89,0,36.89,2001,36.89,2001,36.89,2001,36.89,2001
36.9,0,36.9,0,36.9,0,36.9,0,36.9,1984,36.9,1946,36.9,1997,36.9,2000,36.9,0,36.9,0,36.9,0,36.9,0,36.9,2001,36.9,2001,36.9,2001,36.9,2001
36.91,0,36.91,0,36.91,0,36.91,0,36.91,2032,36.91,1995,36.91,2001,36.91,1969,36.91,0,36.91,0,36.91,0,36.91,0,36.91,2001,36.91,2001,36.91,2001,36.91,2001
36.92,0,36.92,0,36.92,0,36.92,0,36.92,1997,36.92,2003,36.92,1991,36.92,2060,36.92,0,36.92,0,36.92,0,36.92,0,36.92,2001,36.92,2001,36.92,2001,36.92,2001
36.93,0,36.93,0,36.93,0,36.93,0,36.93,2068,36.93,1986,36.93,2001,36.93,2014,36.93,0,36.93,0,36.93,0,36.93,0,36.93,2001,36.93,2001,36.93,2001,36.93,2001
36.94,0,36.94,0,36.94,0,36.94,0,36.94,1987,36.94,2000,36.94,1987,36.94,1882,36.94,0,36.94,0,36.94,0,36.94,0,36.94,2001,36.94,2001,36.94,2001,36.94,2001
36.95,0,36.95,0,36.95,0,36.95,0,36.95,1966,36.95,1962,36.95,1988,36.95,2031,36.95,0,36.95,0,36.95,0,36.95,0,36.95,2001,36.95,2001,36.95,2001,36.95,2001
36.96,0,36.96,0,36.96,0,36.96,0,36.96,1988,36.96,1982,36.96,2013,36.96,2015,36.96,0,36.96,0,36.96,0,36.96,0,36.96,2001,36.96,2001,36.96,2001,36.96,2001
36.97,0,36.97,0,36.97,0,36.97,0,36.97,2006,36.97,1993,36.97,2000,36.97,1988,36.97,0,36.97,0,36.97,0,36.97,0,36.97,2001,36.97,2001,36.97,2001,36.97,2001
36.98,0,36.98,0,36.98,0,36.98,0,36.98,2026,36.98,1986,36.98,1987,36.98,2055,36.98,0,36.98,0,36.98,0,36.98,0,36.98,2001,36.98,2001,36.98,2001,36.98,2001
36.99,0,36.99,0,36.99,0,36.99,0,36.99,1986,36.99,1981,36.99,2106,36.99,2012,36.99,0,36.99,0,36.99,0,36.99,0,36.99,2001,36.99,2001,36.99,2001,36.99,2001
37,0,37,0,37,0,37,0,37,1993,37,1958,37,2056,37,1988,37,0,37,0,37,0,37,0,37,2001,37,2001,37,2001,37,2001
37.01,0,37.01,0,37.01,0,37.01,0,37.01,2008,37.01,1979,37.01,1963,37.01,1996,37.01,0,37.01,0,37.01,0,37.01,0,37.01,2001,37.01,2001,37.01,2001,37.01,2001
37.02,0,37.02,0,37.02,0,37.02,0,37.02,1984,37.02,2000,37.02,1980,37.02,2081,37.02,0,37.02,0,37.02,0,37.02,0,37.02,2001,37.02,2001,37.02,2001,37.02,2001
37.03,0,37.03,0,37.03,0,37.03,0,37.03,1989,37.03,1984,37.03,1962,37.03,1973,37.03,0,37.03,0,37.03,0,37.03,0,37.03,2001,37.03,2001,37.03,2001,37.03,2001
37.04,0,37.04,0,37.04,0,37.04,0,37.04,2000,37.04,1983,37.04,1942,37.04,2010,37.04,0,37.04,0,37.04,0,37.04,0,37.04,2001,37.04,2001,37.04,2001,37.04,2001
37.05,0,37.05,0,37.05,0,37.05,0,37.05,2002,37.05,1948,37.05,1999,37.05,2016,37.05,0,37.05,0,37.05,0,37.05,0,37.05,2001,37.05,2001,37.05,2001,37.05,2001
37.06,0,37.06,0,37.06,0,37.06,0,37.06,2008,37.06,2065,37.06,2007,37.06,2012,37.06,0,37.06,0,37.06,0,37.06,0,37.06,2001,37.06,2001,37.06,2001,37.06,2001
37.07,0,37.07,0,37.07,0,37.07,0,37.07,2004,37.07,2109,37.07,1992,37.07,2015,37.07,0,37.07,0,37.07,0,37.07,0,37.07,2001,37.07,2001,37.07,2001,37.07,2001
37.08,0,37.08,0,37.08,0,37.08,0,37.08,1962,37.08,1952,37.08,2006,37.08,2009,37.08,0,37.08,0,37.08,0,37.08,0,37.08,2001,37.08,2001,37.08,2001,37.08,2001
37.09,0,37.09,0,37.09,0,37.09,0,37.09,2002,37.09,2008,37.09,1981,37.09,1990,37.09,0,37.09,0,37.09,0,37.09,0,37.09,2001,37.09,2001,37.09,2001,37.09,2001
37.1,0,37.1,0,37.1,0,37.1,0,37.1,2087,37.1,2002,37.1,2101,37.1,1985,37.1,0,37.1,0,37.1,0,37.1,0,37.1,2001,37.1,2001,37.1,2001,37.1,2001
37.11,0,37.11,0,37.11,0,37.11,0,37.11,2003,37.11,1928,37.11,2048,37.11,2032,37.11,0,37.11,0,37.11,0,37.11,0,37.11,2001,37.11,2001,37.11,2001,37.11,2001
37.12,0,37.12,0,37.12,0,37.12,0,37.12,1975,37.12,1938,37.12,1973,37.12,2008,37.12,0,37.12,0,37.12,0,37.12,0,37.12,2001,37.12,2001,37.12,2001,37.12,2001
37.13,0,37.13,0,37.13,0,37.13,0,37.13,2040,37.13,1952,37.13,1977,37.13,1975,37.13,0,37.13,0,37.13,0,37.13,0,37.13,2001,37.13,2001,37.13,2001,37.13,2001
37.14,0,37.14,0,37.14,0,37.14,0,37.14,2001,37.14,1913,37.14,1988,37.14,2004,37.14,0,37.14,0,37.14,0,37.14,0,37.14,2001,37.14,2001,37.14,2001,37.14,2001
37.15,0,37.15,0,37.15,0,37.15,0,37.15,1980,37.15,1940,37.15,1998,37.15,1987,37.15,0,37.15,0,37.15,0,37.15,0,37.15,2001,37.15,2001,37.15,2001,37.15,2001
37.16,0,37.16,0,37.16,0,37.16,0,37.16,2002,37.16,1967,37.16,2005,37.16,2003,37.16,0,37.16,0,37.16,0,37.16,0,37.16,2001,37.16,2001,37.16,2001,37.16,2001
37.17,0,37.17,0,37.17,0,37.17,0,37.17,2007,37.17,1946,37.17,1991,37.17,2021,37.17,0,37.17,0,37.17,0,37.17,0,37.17,2001,37.17,2001,37.17,2001,37.17,2001
37.18,0,37.18,0,37.18,0,37.18,0,37.18,1999,37.18,1981,37.18,2010,37.18,1987,37.18,0,37.18,0,37.18,0,37.18,0,37.18,2001,37.18,2001,37.18,2001,37.18,2001
37.19,0,37.19,0,37.19,0,37.19,0,37.19,2001,37.19,1980,37.19,2000,37.19,2007,37.19,0,37.19,0,37.19,0,37.19,0,37.19,2001,37.19,2001,37.19,2001,37.19,2001
37.2,0,37.2,0,37.2,0,37.2,0,37.2,2044,37.2,2119,37.2,2020,37.2,2022,37.2,0,37.2,0,37.2,0,37.2,0,37.2,2001,37.2,2001,37.2,2001,37.2,2001
37.21,0,37.21,0,37.21,0,37.21,0,37.21,2043,37.21,1923,37.21,2067,37.21,2035,37.21,0,37.21,0,37.21,0,37.21,0,37.21,2001,37.21,2001,37.21,2001,37.21,2001
37.22,0,37.22,0,37.22,0,37.22,0,37.22,2059,37.22,2001,37.22,1982,37.22,1984,37.22,0,37.22,0,37.22,0,37.22,0,37.22,2001,37.22,2001,37.22,2001,37.22,2001
37.23,0,37.23,0,37.23,0,37.23,0,37.23,1939,37.23,1982,37.23,2003,37.23,1979,37.23,0,37.23,0,37.23,0,37.23,0,37.23,2001,37.23,2001,37.23,2001,37.23,2001
37.24,0,37.24,0,37.24,0,37.24,0,37.24,1985,37.24,1992,37.24,1996,37.24,1929,37.24,0,37.24,0,37.24,0,37.24,0,37.24,2001,37.24,2001,37.24,2001,37.24,2001
37.25,0,37.25,0,37.25,0,37.25,0,37.25,2005,37.25,2001,37.25,1994,37.25,1998,37.25,0,37.25,0,37.25,0,37.25,0,37.25,2001,37.25,2001,37.25,2001,37.25,2001
37.26,0,37.26,0,37.26,0,37.26,0,37.26,1981,37.26,2005,37.26,2142,37.26,2008,37.26,0,37.26,0,37.26,0,37.26,0,37.26,2001,37.26,2001,37.26,2001,37.26,2001
37.27,0,37.27,0,37.27,0,37.27,0,37.27,2000,37.27,2000,37.27,1984,37.27,2012,37.27,0,37.27,0,37.27,0,37.27,0,37.27,2001,37.27,2001,37.27,2001,37.27,2001
37.28,0,37.28,0,37.28,0,37.28,0,37.28,2022,37.28,2113,37.28,1996,37.28,1957,37.28,0,37.28,0,37.28,0,37.28,0,37.28,2001,37.28,2001,37.28,2001,37.28,2001
37.29,0,37.29,0,37.29,0,37.29,0,37.29,2005,37.29,1956,37.29,1983,37.29,2005,37.29,0,37.29,0,37.29,0,37.29,0,37.29,2001,37.29,2001,37.29,2001,37.29,2001
37.3,0,37.3,0,37.3,0,37.3,0,37.3,1998,37.3,1964,37.3,2010,37.3,1993,37.3,0,37.3,0,37.3,0,37.3,0,37.3,2001,37.3,2001,37.3,2001,37.3,2001
37.31,0,37.31,0,37.31,0,37.31,0,37.31,2011,37.31,1989,37.31,1981,37.31,1979,37.31,0,37.31,0,37.31,0,37.31,0,37.31,2001,37.31,2001,37.31,2001,37.31,2001
37.32,0,37.32,0,37.32,0,37.32,0,37.32,2039,37.32,2022,37.32,1988,37.32,2012,37.32,0,37.32,0,37.32,0,37.32,0,37.32,2001,37.32,2001,37.32,2001,37.32,2001
37.33,0,37.33,0,37.33,0,37.33,0,37.33,1983,37.33,1978,37.33,2001,37.33,1995,37.33,0,37.33,0,37.33,0,37.33,0,37.33,2001,37.33,2001,37.33,2001,37.33,2001
37.34,0,37.34,0,37.34,0,37.34,0,37.34,1988,37.34,1944,37.34,1989,37.34,2035,37.34,0,37.34,0,37.34,0,37.34,0,37.34,2001,37.34,2001,37.34,2001,37.34,2001
37.35,0,37.35,0,37.35,0,37.35,0,37.35,2022,37.35,1995,37.35,2006,37.35,2001,37.35,0,37.35,0,37.35,0,37.35,0,37.35,2001,37.35,2001,37.35,2001,37.35,2001
37.36,0,37.36,0,37.36,0,37.36,0,37.36,2003,37.36,2044,37.36,1951,37.36,1993,37.36,0,37.36,0,37.36,0,37.36,0,37.36,2001,37.36,2001,37.36,2001,37.36,2001
37.37,0,37.37,0,37.37,0,37.37,0,37.37,1947,37.37,2010,37.37,1964,37.37,1999,37.37,0,37.37,0,37.37,0,37.37,0,37.37,2001,37.37,2001,37.37,2001,37.37,2001
37.38,0,37.38,0,37.38,0,37.38,0,37.38,1999,37.38,2006,37.38,1978,37.38,2002,37.38,0,37.38,0,37.38,0,37.38,0,37.38,2001,37.38,2001,37.38,2001,37.38,2001
37.39,0,37.39,0,37.39,0,37.39,0,37.39,1989,37.39,1980,37.39,2038,37.39,2034,37.39,0,37.39,0,37.39,0,37.39,0,37.39,2001,37.39,2001,37.39,2001,37.39,2001
37.4,0,37.4,0,37.4,0,37.4,0,37.4,1979,37.4,2088,37.4,1984,37.4,2004,37.4,0,37.4,0,37.4,0,37.4,0,37.4,2001,37.4,2001,37.4,2001,37.4,2001
37.41,0,37.41,0,37.41,0,37.41,0,37.41,1980,37.41,1992,37.41,2111,37.41,2001,37.41,0,37.41,0,37.41,0,37.41,0,37.41,2001,37.41,2001,37.41,2001,37.41,2001
37.42,0,37.42,0,37.42,0,37.42,0,37.42,2080,37.42,1943,37.42,2011,37.42,1915,37.42,0,37.42,0,37.42,0,37.42,0,37.42,2001,37.42,2001,37.42,2001,37.42,2001
37.43,0,37.43,0,37.43,0,37.43,0,37.43,1990,37.43,2000,37.43,2016,37.43,1986,37.43,0,37.43,0,37.43,0,37.43,0,37.43,2001,37.43,2001,37.43,2001,37.43,2001
37.44,0,37.44,0,37.44,0,37.44,0,37.44,2018,37.44,1977,37.44,2002,37.44,2124,37.44,0,37.44,0,37.44,0,37.44,0,37.44,2001,37.44,2001,37.44,2001,37.44,2001
37.45,0,37.45,0,37.45,0,37.45,0,37.45,1952,37.45,2067,37.45,2024,37.45,1973,37.45,0,37.45,0,37.45,0,37.45,0,37.45,2001,37.45,2001,37.45,2001,37.45,2001
37.46,0,37.46,0,37.46,0,37.46,0,37.46,2013,37.46,1986,37.46,2044,37.46,1963,37.46,0,37.46,0,37.46,0,37.46,0,37.46,2001,37.46,2001,37.46,2001,37.46,2001
37.47,0,37.47,0,37.47,0,37.47,0,37.47,1982,37.47,1946,37.47,1990,37.47,1989,37.47,0,37.47,0,37.47,0,37.47,0,37.47,2001,37.47,2001,37.47,2001,37.47,2001
37.48,0,37.48,0,37.48,0,37.48,0,37.48,2011,37.48,1990,37.48,2019,37.48,1995,37.48,0,37.48,0,37.48,0,37.48,0,37.48,2001,37.48,2001,37.48,2001,37.48,2001
37.49,0,37.49,0,37.49,0,37.49,0,37.49,2011,37.49,1986,37.49,2056,37.49,1991,37.49,0,37.49,0,37.49,0,37.49,0,37.49,2001,37.49,2001,37.49,2001,37.49,2001
37.5,0,37.5,0,37.5,0,37.5,0,37.5,2054,37.5,1990,37.5,1975,37.5,2010,37.5,0,37.5,0,37.5,0,37.5,0,37.5,2001,37.5,2001,37.5,2001,37.5,2001
37.51,0,37.51,0,37.51,0,37.51,0,37.51,2004,37.51,2002,37.51,2006,37.51,2010,37.51,0,37.51,0,37.51,0,37.51,0,37.51,2001,37.51,2001,37.51,2001,37.51,2001
37.52,0,37.52,0,37.52,0,37.52,0,37.52,2000,37.52,1991,37.52,2143,37.52,1991,37.52,0,37.52,0,37.52,0,37.52,0,37.52,2001,37.52,2001,37.52,2001,37.52,2001
37.53,0,37.53,0,37.53,0,37.53,0,37.53,2014,37.53,1997,37.53,1994,37.53,2000,37.53,0,37.53,0,37.53,0,37.53,0,37.53,2001,37.53,2001,37.53,2001,37.53,2001
37.54,0,37.54,0,37.54,0,37.54,0,37.54,2002,37.54,1991,37.54,1959,37.54,2018,37.54,0,37.54,0,37.54,0,37.54,0,37.54,2001,37.54,2001,37.54,2001,37.54,2001
37.55,0,37.55,0,37.55,0,37.55,0,37.55,2070,37.55,2056,37.55,1987,37.55,1992,37.55,0,37.55,0,37.55,0,37.55,0,37.55,2001,37.55,2001,37.55,2001,37.55,2001
37.56,0,37.56,0,37.56,0,37.56,0,37.56,2004,37.56,1996,37.56,1984,37.56,2013,37.56,0,37.56,0,37.56,0,37.56,0,37.56,2001,37.56,2001,37.56,2001,37.56,2001
37.57,0,37.57,0,37.57,0,37.57,0,37.57,1998,37.57,1988,37.57,2002,37.57,1923,37.57,0,37.57,0,37.57,0,37.57,0,37.57,2001,37.57,2001,37.57,2001,37.57,2001
37.58,0,37.58,0,37.58,0,37.58,0,37.58,2013,37.58,1992,37.58,1982,37.58,1999,37.58,0,37.58,0,37.58,0,37.58,0,37.58,2001,37.58,2001,37.58,2001,37.58,2001
37.59,0,37.59,0,37.59,0,37.59,0,37.59,1999,37.59,1998,37.59,1960,37.59,1998,37.59,0,37.59,0,37.59,0,37.59,0,37.59,2001,37.59,2001,37.59,2001,37.59,2001
37.6,0,37.6,0,37.6,0,37.6,0,37.6,1991,37.6,1983,37.6,2001,37.6,2010,37.6,0,37.6,0,37.6,0,37.6,0,37.6,2001,37.6,2001,37.6,2001,37.6,2001
37.61,0,37.61,0,37.61,0,37.61,0,37.61,2011,37.61,1988,37.61,1993,37.61,1990,37.61,0,37.61,0,37.61,0,37.61,0,37.61,2001,37.61,2001,37.61,2001,37.61,2001
37.62,0,37.62,0,37.62,0,37.62,0,37.62,2003,37.62,1968,37.62,2061,37.62,2016,37.62,0,37.62,0,37.62,0,37.62,0,37.62,2001,37.62,2001,37.62,2001,37.62,2001
37.63,0,37.63,0,37.63,0,37.63,0,37.63,1974,37.63,2128,37.63,1999,37.63,2027,37.63,0,37.63,0,37.63,0,37.63,0,37.63,2001,37.63,2001,37.63,2001,37.63,2001
37.64,0,37.64,0,37.64,0,37.64,0,37.64,1994,37.64,1988,37.64,1984,37.64,1992,37.64,0,37.64,0,37.64,0,37.64,0,37.64,2001,37.64,2001,37.64,2001,37.64,2001
37.65,0,37.65,0,37.65,0,37.65,0,37.65,1980,37.65,2023,37.65,2084,37.65,1937,37.65,0,37.65,0,37.65,0,37.65,0,37.65,2001,37.65,2001,37.65,2001,37.65,2001
37.66,0,37.66,0,37.66,0,37.66,0,37.66,1983,37.66,1944,37.66,2018,37.66,2014,37.66,0,37.66,0,37.66,0,37.66,0,37.66,2001,37.66,2001,37.66,2001,37.66,2001
37.67,0,37.67,0,37.67,0,37.67,0,37.67,2027,37.67,1990,37.67,1983,37.67,1987,37.67,0,37.67,0,37.67,0,37.67,0,37.67,2001,37.67,2001,37.67,2001,37.67,2001
37.68,0,37.68,0,37.68,0,37.68,0,37.68,2008,37.68,1989,37.68,1990,37.68,2036,37.68,0,37.68,0,37.68,0,37.68,0,37.68,2001,37.68,2001,37.68,2001,37.68,2001
37.69,0,37.69,0,37.69,0,37.69,0,37.69,2003,37.69,1976,37.69,1997,37.69,2018,37.69,0,37.69,0,37.69,0,37.69,0,37.69,2001,37.69,2001,37.69,2001,37.69,2001
37.7,0,37.7,0,37.7,0,37.7,0,37.7,2000,37.7,1987,37.7,2000,37.7,2024,37.7,0,37.7,0,37.7,0,37.7,0,37.7,2001,37.7,2001,37.7,2001,37.7,2001
37.71,0,37.71,0,37.71,0,37.71,0,37.71,2008,37.71,2009,37.71,1986,37.71,2011,37.71,0,37.71,0,37.71,0,37.71,0,37.71,2001,37.71,2001,37.71,2001,37.71,2001
37.72,0,37.72,0,37.72,0,37.72,0,37.72,1985,37.72,2074,37.72,2003,37.72,2097,37.72,0,37.72,0,37.72,0,37.72,0,37.72,2001,37.72,2001,37.72,2001,37.72,2001
37.73,0,37.73,0,37.73,0,37.73,0,37.73,2016,37.73,1985,37.73,2003,37.73,2095,37.73,0,37.73,0,37.73,0,37.73,0,37.73,2001,37.73,2001,37.73,2001,37.73,2001
37.74,0,37.74,0,37.74,0,37.74,0,37.74,1951,37.74,2006,37.74,1994,37.74,2009,37.74,0,37.74,0,37.74,0,37.74,0,37.74,2001,37.74,2001,37.74,2001,37.74,2001
37.75,0,37.75,0,37.75,0,37.75,0,37.75,1999,37.75,1997,37.75,2026,37.75,1994,37.75,0,37.75,0,37.75,0,37.75,0,37.75,2001,37.75,2001,37.75,2001,37.75,2001
37.76,0,37.76,0,37.76,0,37.76,0,37.76,2007,37.76,1977,37.76,2036,37.76,2010,37.76,0,37.76,0,37.76,0,37.76,0,37.76,2001,37.76,2001,37.76,2001,37.76,2001
37.77,0,37.77,0,37.77,0,37.77,0,37.77,2021,37.77,2008,37.77,1924,37.77,2013,37.77,0,37.77,0,37.77,0,37.77,0,37.77,2001,37.77,2001,37.77,2001,37.77,2001
37.78,0,37.78,0,37.78,0,37.78,0,37.78,2006,37.78,2005,37.78,2034,37.78,1999,37.78,0,37.78,0,37.78,0,37.78,0,37.78,2001,37.78,2001,37.78,2001,37.78,2001
37.79,0,37.79,0,37.79,0,37.79,0,37.79,2005,37.79,1960,37.79,2016,37.79,1995,37.79,0,37.79,0,37.79,0,37.79,0,37.79,2001,37.79,2001,37.79,2001,37.79,2001
37.8,0,37.8,0,37.8,0,37.8,0,37.8,2022,37.8,1982,37.8,1992,37.8,2009,37.8,0,37.8,0,37.8,0,37.8,0,37.8,2001,37.8,2001,37.8,2001,37.8,2001
37.81,0,37.81,0,37.81,0,37.81,0,37.81,1983,37.81,1946,37.81,1994,37.81,2013,37.81,0,37.81,0,37.81,0,37.81,0,37.81,2001,37.81,2001,37.81,2001,37.81,2001
37.82,0,37.82,0,37.82,0,37.82,0,37.82,1966,37.82,1987,37.82,2032,37.82,1990,37.82,0,37.82,0,37.82,0,37.82,0,37.82,2001,37.82,2001,37.82,2001,37.82,2001
37.83,0,37.83,0,37.83,0,37.83,0,37.83,2010,37.83,1984,37.83,1991,37.83,2073,37.83,0,37.83,0,37.83,0,37.83,0,37.83,2001,37.83,2001,37.83,2001,37.83,2001
37.84,0,37.84,0,37.84,0,37.84,0,37.84,1997,37.84,2142,37.84,2124,37.84,2058,37.84,0,37.84,0,37.84,0,37.84,0,37.84,2001,37.84,2001,37.84,2001,37.84,2001
37.85,0,37.85,0,37.85,0,37.85,0,37.85,1999,37.85,1981,37.85,1994,37.85,1989,37.85,0,37.85,0,37.85,0,37.85,0,37.85,2001,37.85,2001,37.85,2001,37.85,2001
37.86,0,37.86,0,37.86,0,37.86,0,37.86,2014,37.86,2013,37.86,1974,37.86,2004,37.86,0,37.86,0,37.86,0,37.86,0,37.86,2001,37.86,2001,37.86,2001,37.86,2001
37.87,0,37.87,0,37.87,0,37.87,0,37.87,1964,37.87,1999,37.87,1988,37.87,1985,37.87,0,37.87,0,37.87,0,37.87,0,37.87,2001,37.87,2001,37.87,2001,37.87,2001
37.88,0,37.88,0,37.88,0,37.88,0,37.88,1973,37.88,2123,37.88,2038,37.88,1983,37.88,0,37.88,0,37.88,0,37.88,0,37.88,2001,37.88,2001,37.88,2001,37.88,2001
37.89,0,37.89,0,37.89,0,37.89,0,37.89,2001,37.89,1998,37.89,1970,37.89,2026,37.89,0,37.89,0,37.89,0,37.89,0,37.89,2001,37.89,2001,37.89,2001,37.89,2001
37.9,0,37.9,0,37.9,0,37.9,0,37.9,1992,37.9,2011,37.9,1932,37.9,2001,37.9,0,37.9,0,37.9,0,37.9,0,37.9,2001,37.9,2001,37.9,2001,37.9,2001
37.91,0,37.91,0,37.91,0,37.91,0,37.91,1968,37.91,1982,37.91,2003,37.91,1992,37.91,0,37.91,0,37.91,0,37.91,0,37.91,2001,37.91,2001,37.91,2001,37.91,2001
37.92,0,37.92,0,37.92,0,37.92,0,37.92,2006,37.92,1933,37.92,1969,37.92,1994,37.92,0,37.92,0,37.92,0,37.92,0,37.92,2001,37.92,2001,37.92,2001,37.92,2001
37.93,0,37.93,0,37.93,0,37.93,0,37.93,1987,37.93,1996,37.93,2091,37.93,2014,37.93,0,37.93,0,37.93,0,37.93,0,37.93,2001,37.93,2001,37.93,2001,37.93,2001
37.94,0,37.94,0,37.94,0,37.94,0,37.94,1966,37.94,1993,37.94,1996,37.94,2026,37.94,0,37.94,0,37.94,0,37.94,0,37.94,2001,37.94,2001,37.94,2001,37.94,2001
37.95,0,37.95,0,37.95,0,37.95,0,37.95,2020,37.95,2000,37.95,1978,37.95,2009,37.95,0,37.95,0,37.95,0,37.95,0,37.95,2001,37.95,2001,37.95,2001,37.95,2001
37.96,0,37.96,0,37.96,0,37.96,0,37.96,1989,37.96,1978,37.96,1988,37.96,1981,37.96,0,37.96,0,37.96,0,37.96,0,37.96,2001,37.96,2001,37.96,2001,37.96,2001
37.97,0,37.97,0,37.97,0,37.97,0,37.97,2021,37.97,2121,37.97,1988,37.97,2024,37.97,0,37.97,0,37.97,0,37.97,0,37.97,2001,37.97,2001,37.97,2001,37.97,2001
37.98,0,37.98,0,37.98,0,37.98,0,37.98,1990,37.98,1972,37.98,1941,37.98,2004,37.98,0,37.98,0,37.98,0,37.98,0,37.98,2001,37.98,2001,37.98,2001,37.98,2001
37.99,0,37.99,0,37.99,0,37.99,0,37.99,2001,37.99,1991,37.99,2004,37.99,2002,37.99,0,37.99,0,37.99,0,37.99,0,37.99,2001,37.99,2001,37.99,2001,37.99,2001
38,0,38,0,38,0,38,0,38,2005,38,2032,38,2004,38,2026,38,0,38,0,38,0,38,0,38,2001,38,2001,38,2001,38,2001
38.01,0,38.01,0,38.01,0,38.01,0,38.01,2030,38.01,2006,38.01,2136,38.01,1985,38.01,0,38.01,0,38.01,0,38.01,0,38.01,2001,38.01,2001,38.01,2001,38.01,2001
38.02,0,38.02,0,38.02,0,38.02,0,38.02,1992,38.02,1948,38.02,1996,38.02,2003,38.02,0,38.02,0,38.02,0,38.02,0,38.02,2001,38.02,2001,38.02,2001,38.02,2001
38.03,0,38.03,0,38.03,0,38.03,0,38.03,2021,38.03,1989,38.03,1955,38.03,1997,38.03,0,38.03,0,38.03,0,38.03,0,38.03,2001,38.03,2001,38.03,2001,38.03,2001
38.04,0,38.04,0,38.04,0,38.04,0,38.04,1996,38.04,2020,38.04,2001,38.04,1991,38.04,0,38.04,0,38.04,0,38.04,0,38.04,2001,38.04,2001,38.04,2001,38.04,2001
38.05,0,38.05,0,38.05,0,38.05,0,38.05,2002,38.05,2012,38.05,1983,38.05,2027,38.05,0,38.05,0,38.05,0,38.05,0,38.05,2001,38.05,2001,38.05,2001,38.05,2001
38.06,0,38.06,0,38.06,0,38.06,0,38.06,2009,38.06,1995,38.06,1997,38.06,1984,38.06,0,38.06,0,38.06,0,38.06,0,38.06,2001,38.06,2001,38.06,2001,38.06,2001
38.07,0,38.07,0,38.07,0,38.07,0,38.07,2021,38.07,1999,38.07,1986,38.07,1998,38.07,0,38.07,0,38.07,0,38.07,0,38.07,2001,38.07,2001,38.07,2001,38.07,2001
38.08,0,38.08,0,38.08,0,38.08,0,38.08,2154,38.08,2007,38.08,2117,38.08,2060,38.08,0,38.08,0,38.08,0,38.08,0,38.08,2001,38.08,2001,38.08,2001,38.08,2001
38.09,0,38.09,0,38.09,0,38.09,0,38.09,2010,38.09,1975,38.09,2018,38.09,2027,38.09,0,38.09,0,38.09,0,38.09,0,38.09,2001,38.09,2001,38.09,2001,38.09,2001
38.1,0,38.1,0,38.1,0,38.1,0,38.1,2002,38.1,2006,38.1,1977,38.1,2073,38.1,0,38.1,0,38.1,0,38.1,0,38.1,2001,38.1,2001,38.1,2001,38.1,2001
38.11,0,38.11,0,38.11,0,38.11,0,38.11,2114,38.11,2012,38.11,1963,38.11,2006,38.11,0,38.11,0,38.11,0,38.11,0,38.11,2001,38.11,2001,38.11,2001,38.11,2001
38.12,0,38.12,0,38.12,0,38.12,0,38.12,1995,38.12,2015,38.12,1994,38.12,1981,38.12,0,38.12,0,38.12,0,38.12,0,38.12,2001,38.12,2001,38.12,2001,38.12,2001
38.13,0,38.13,0,38.13,0,38.13,0,38.13,1978,38.13,1984,38.13,1977,38.13,2003,38.13,0,38.13,0,38.13,0,38.13,0,38.13,2001,38.13,2001,38.13,2001,38.13,2001
38.14,0,38.14,0,38.14,0,38.14,0,38.14,1977,38.14,2006,38.14,1992,38.14,2019,38.14,0,38.14,0,38.14,0,38.14,0,38.14,2001,38.14,2001,38.14,2001,38.14,2001
38.15,0,38.15,0,38.15,0,38.15,0,38.15,2008,38.15,1988,38.15,2019,38.15,1903,38.15,0,38.15,0,38.15,0,38.15,0,38.15,2001,38.15,2001,38.15,2001,38.15,2001
38.16,0,38.16,0,38.16,0,38.16,0,38.16,2016,38.16,1983,38.16,1997,38.16,2021,38.16,0,38.16,0,38.16,0,38.16,0,38.16,2001,38.16,2001,38.16,2001,38.16,2001
38.17,0,38.17,0,38.17,0,38.17,0,38.17,1996,38.17,2015,38.17,1983,38.17,2017,38.17,0,38.17,0,38.17,0,38.17,0,38.17,2001,38.17,2001,38.17,2001,38.17,2001
38.18,0,38.18,0,38.18,0,38.18,0,38.18,1992,38.18,1982,38.18,1998,38.18,1960,38.18,0,38.18,0,38.18,0,38.18,0,38.18,2001,38.18,2001,38.18,2001,38.18,2001
38.19,0,38.19,0,38.19,0,38.19,0,38.19,2029,38.19,2045,38.19,2031,38.19,1902,38.19,0,38.19,0,38.19,0,38.19,0,38.19,2001,38.19,2001,38.19,2001,38.19,2001
38.2,0,38.2,0,38.2,0,38.2,0,38.2,1997,38.2,2001,38.2,1988,38.2,1975,38.2,0,38.2,0,38.2,0,38.2,0,38.2,2001,38.2,2001,38.2,2001,38.2,2001
38.21,0,38.21,0,38.21,0,38.21,0,38.21,2001,38.21,2069,38.21,1985,38.21,2006,38.21,0,38.21,0,38.21,0,38.21,0,38.21,2001,38.21,2001,38.21,2001,38.21,2001
38.22,0,38.22,0,38.22,0,38.22,0,38.22,2007,38.22,1986,38.22,1993,38.22,1920,38.22,0,38.22,0,38.22,0,38.22,0,38.22,2001,38.22,2001,38.22,2001,38.22,2001
38.23,0,38.23,0,38.23,0,38.23,0,38.23,2009,38.23,1994,38.23,2015,38.23,1999,38.23,0,38.23,0,38.23,0,38.23,0,38.23,2001,38.23,2001,38.23,2001,38.23,2001
38.24,0,38.24,0,38.24,0,38.24,0,38.24,1997,38.24,1987,38.24,1927,38.24,1997,38.24,0,38.24,0,38.24,0,38.24,0,38.24,2001,38.24,2001,38.24,2001,38.24,2001
38.25,0,38.25,0,38.25,0,38.25,0,38.25,2000,38.25,1992,38.25,2005,38.25,1972,38.25,0,38.25,0,38.25,0,38.25,0,38.25,2001,38.25,2001,38.25,2001,38.25,2001
38.26,0,38.26,0,38.26,0,38.26,0,38.26,2057,38.26,1995,38.26,1982,38.26,2006,38.26,0,38.26,0,38.26,0,38.26,0,38.26,2001,38.26,2001,38.26,2001,38.26,2001
38.27,0,38.27,0,38.27,0,38.27,0,38.27,1999,38.27,2005,38.27,1979,38.27,2010,38.27,0,38.27,0,38.27,0,38.27,0,38.27,2001,38.27,2001,38.27,2001,38.27,2001
38.28,0,38.28,0,38.28,0,38.28,0,38.28,2053,38.28,1990,38.28,1990,38.28,2018,38.28,0,38.28,0,38.28,0,38.28,0,38.28,2001,38.28,2001,38.28,2001,38.28,2001
38.29,0,38.29,0,38.29,0,38.29,0,38.29,2118,38.29,2006,38.29,2110,38.29,2004,38.29,0,38.29,0,38.29,0,38.29,0,38.29,2001,38.29,2001,38.29,2001,38.29,2001
38.3,0,38.3,0,38.3,0,38.3,0,38.3,2006,38.3,1996,38.3,1997,38.3,2010,38.3,0,38.3,0,38.3,0,38.3,0,38.3,2001,38.3,2001,38.3,2001,38.3,2001
38.31,0,38.31,0,38.31,0,38.31,0,38.31,2047,38.31,2023,38.31,1896,38.31,2000,38.31,0,38.31,0,38.31,0,38.31,0,38.31,2001,38.31,2001,38.31,2001,38.31,2001
38.32,0,38.32,0,38.32,0,38.32,0,38.32,1990,38.32,2102,38.32,1897,38.32,2011,38.32,0,38.32,0,38.32,0,38.32,0,38.32,2001,38.32,2001,38.32,2001,38.32,2001
38.33,0,38.33,0,38.33,0,38.33,0,38.33,2008,38.33,1984,38.33,2012,38.33,2016,38.33,0,38.33,0,38.33,0,38.33,0,38.33,2001,38.33,2001,38.33,2001,38.33,2001
38.34,0,38.34,0,38.34,0,38.34,0,38.34,1966,38.34,2121,38.34,2043,38.34,2000,38.34,0,38.34,0,38.34,0,38.34,0,38.34,2001,38.34,2001,38.34,2001,38.34,2001
38.35,0,38.35,0,38.35,0,38.35,0,38.35,1994,38.35,2007,38.35,1991,38.35,1997,38.35,0,38.35,0,38.35,0,38.35,0,38.35,2001,38.35,2001,38.35,2001,38.35,2001
38.36,0,38.36,0,38.36,0,38.36,0,38.36,2103,38.36,2009,38.36,1998,38.36,2084,38.36,0,38.36,0,38.36,0,38.36,0,38.36,2001,38.36,2001,38.36,2001,38.36,2001
38.37,0,38.37,0,38.37,0,38.37,0,38.37,2005,38.37,1975,38.37,2015,38.37,1978,38.37,0,38.37,0,38.37,0,38.37,0,38.37,2001,38.37,2001,38.37,2001,38.37,2001
38.38,0,38.38,0,38.38,0,38.38,0,38.38,2003,38.38,1983,38.38,1996,38.38,2052,38.38,0,38.38,0,38.38,0,38.38,0,38.38,2001,38.38,2001,38.38,2001,38.38,2001
38.39,0,38.39,0,38.39,0,38.39,0,38.39,2001,38.39,1995,38.39,1981,38.39,1915,38.39,0,38.39,0,38.39,0,38.39,0,38.39,2001,38.39,2001,38.39,2001,38.39,2001
38.4,0,38.4,0,38.4,0,38.4,0,38.4,1977,38.4,1979,38.4,1986,38.4,2048,38.4,0,38.4,0,38.4,0,38.4,0,38.4,2001,38.4,2001,38.4,2001,38.4,2001
38.41,0,38.41,0,38.41,0,38.41,0,38.41,1997,38.41,1999,38.41,1954,38.41,1989,38.41,0,38.41,0,38.41,0,38.41,0,38.41,2001,38.41,2001,38.41,2001,38.41,2001
38.42,0,38.42,0,38.42,0,38.42,0,38.42,2020,38.42,2024,38.42,1987,38.42,1998,38.42,0,38.42,0,38.42,0,38.42,0,38.42,2001,38.42,2001,38.42,2001,38.42,2001
38.43,0,38.43,0,38.43,0,38.43,0,38.43,2004,38.43,1995,38.43,1992,38.43,1976,38.43,0,38.43,0,38.43,0,38.43,0,38.43,2001,38.43,2001,38.43,2001,38.43,2001
38.44,0,38.44,0,38.44,0,38.44,0,38.44,2018,38.44,2063,38.44,2053,38.44,2054,38.44,0,38.44,0,38.44,0,38.44,0,38.44,2001,38.44,2001,38.44,2001,38.44,2001
38.45,0,38.45,0,38.45,0,38.45,0,38.45,2008,38.45,2007,38.45,1985,38.45,2009,38.45,0,38.45,0,38.45,0,38.45,0,38.45,2001,38.45,2001,38.45,2001,38.45,2001
38.46,0,38.46,0,38.46,0,38.46,0,38.46,2026,38.46,2048,38.46,1990,38.46,1969,38.46,0,38.46,0,38.46,0,38.46,0,38.46,2001,38.46,2001,38.46,2001,38.46,2001
38.47,0,38.47,0,38.47,0,38.47,0,38.47,2000,38.47,2026,38.47,2059,38.47,2030,38.47,0,38.47,0,38.47,0,38.47,0,38.47,2001,38.47,2001,38.47,2001,38.47,2001
38.48,0,38.48,0,38.48,0,38.48,0,38.48,2118,38.48,1997,38.48,1984,38.48,1991,38.48,0,38.48,0,38.48,0,38.48,0,38.48,2001,38.48,2001,38.48,2001,38.48,2001
38.49,0,38.49,0,38.49,0,38.49,0,38.49,1996,38.49,1993,38.49,2068,38.49,1990,38.49,0,38.49,0,38.49,0,38.49,0,38.49,2001,38.49,2001,38.49,2001,38.49,2001
38.5,0,38.5,0,38.5,0,38.5,0,38.5,2066,38.5,1985,38.5,1981,38.5,2009,38.5,0,38.5,0,38.5,0,38.5,0,38.5,2001,38.5,2001,38.5,2001,38.5,2001
38.51,0,38.51,0,38.51,0,38.51,0,38.51,1952,38.51,1988,38.51,2003,38.51,1992,38.51,0,38.51,0,38.51,0,38.51,0,38.51,2001,38.51,2001,38.51,2001,38.51,2001
38.52,0,38.52,0,38.52,0,38.52,0,38.52,2032,38.52,2003,38.52,1995,38.52,1948,38.52,0,38.52,0,38.52,0,38.52,0,38.52,2001,38.52,2001,38.52,2001,38.52,2001
38.53,0,38.53,0,38.53,0,38.53,0,38.53,1994,38.53,2004,38.53,1990,38.53,1990,38.53,0,38.53,0,38.53,0,38.53,0,38.53,2001,38.53,2001,38.53,2001,38.53,2001
38.54,0,38.54,0,38.54,0,38.54,0,38.54,1996,38.54,2134,38.54,1987,38.54,2002,38.54,0,38.54,0,38.54,0,38.54,0,38.54,2001,38.54,2001,38.54,2001,38.54,2001
38.55,0,38.55,0,38.55,0,38.55,0,38.55,1982,38.55,1964,38.55,2065,38.55,2016,38.55,0,38.55,0,38.55,0,38.55,0,38.55,2001,38.55,2001,38.55,2001,38.55,2001
38.56,0,38.56,0,38.56,0,38.56,0,38.56,1948,38.56,1984,38.56,2089,38.56,2020,38.56,0,38.56,0,38.56,0,38.56,0,38.56,2001,38.56,2001,38.56,2001,38.56,2001
38.57,0,38.57,0,38.57,0,38.57,0,38.57,2004,38.57,1989,38.57,1983,38.57,1995,38.57,0,38.57,0,38.57,0,38.57,0,38.57,2001,38.57,2001,38.57,2001,38.57,2001
38.58,0,38.58,0,38.58,0,38.58,0,38.58,2004,38.58,1984,38.58,2020,38.58,1968,38.58,0,38.58,0,38.58,0,38.58,0,38.58,2001,38.58,2001,38.58,2001,38.58,2001
38.59,0,38.59,0,38.59,0,38.59,0,38.59,1973,38.59,1976,38.59,2007,38.59,1996,38.59,0,38.59,0,38.59,0,38.59,0,38.59,2001,38.59,2001,38.59,2001,38.59,2001
38.6,0,38.6,0,38.6,0,38.6,0,38.6,1964,38.6,2144,38.6,1906,38.6,1893,38.6,0,38.6,0,38.6,0,38.6,0,38.6,2001,38.6,2001,38.6,2001,38.6,2001
38.61,0,38.61,0,38.61,0,38.61,0,38.61,2010,38.61,1975,38.61,2010,38.61,1977,38.61,0,38.61,0,38.61,0,38.61,0,38.61,2001,38.61,2001,38.61,2001,38.61,2001
38.62,0,38.62,0,38.62,0,38.62,0,38.62,1986,38.62,2011,38.62,2067,38.62,1983,38.62,0,38.62,0,38.62,0,38.62,0,38.62,2001,38.62,2001,38.62,2001,38.62,2001
38.63,0,38.63,0,38.63,0,38.63,0,38.63,1958,38.63,1978,38.63,1990,38.63,2038,38.63,0,38.63,0,38.63,0,38.63,0,38.63,2001,38.63,2001,38.63,2001,38.63,2001
38.64,0,38.64,0,38.64,0,38.64,0,38.64,2014,38.64,1984,38.64,2018,38.64,2013,38.64,0,38.64,0,38.64,0,38.64,0,38.64,2001,38.64,2001,38.64,2001,38.64,2001
38.65,0,38.65,0,38.65,0,38.65,0,38.65,2000,38.65,1996,38.65,2007,38.65,2004,38.65,0,38.65,0,38.65,0,38.65,0,38.65,2001,38.65,2001,38.65,2001,38.65,2001
38.66,0,38.66,0,38.66,0,38.66,0,38.66,1968,38.66,2018,38.66,2000,38.66,1986,38.66,0,38.66,0,38.66,0,38.66,0,38.66,2001,38.66,2001,38.66,2001,38.66,2001
38.67,0,38.67,0,38.67,0,38.67,0,38.67,1992,38.67,1983,38.67,2077,38.67,1972,38.67,0,38.67,0,38.67,0,38.67,0,38.67,2001,38.67,2001,38.67,2001,38.67,2001
38.68,0,38.68,0,38.68,0,38.68,0,38.68,1997,38.68,1976,38.68,1992,38.68,2007,38.68,0,38.68,0,38.68,0,38.68,0,38.68,2001,38.68,2001,38.68,2001,38.68,2001
38.69,0,38.69,0,38.69,0,38.69,0,38.69,2018,38.69,2000,38.69,1962,38.69,2000,38.69,0,38.69,0,38.69,0,38.69,0,38.69,2001,38.69,2001,38.69,2001,38.69,2001
38.7,0,38.7,0,38.7,0,38.7,0,38.7,1983,38.7,1977,38.7,2127,38.7,1982,38.7,0,38.7,0,38.7,0,38.7,0,38.7,2001,38.7,2001,38.7,2001,38.7,2001
38.71,0,38.71,0,38.71,0,38.71,0,38.71,2008,38.71,1940,38.71,2016,38.71,1982,38.71,0,38.71,0,38.71,0,38.71,0,38.71,2001,38.71,2001,38.71,2001,38.71,2001
38.72,0,38.72,0,38.72,0,38.72,0,38.72,2060,38.72,1974,38.72,1984,38.72,2094,38.72,0,38.72,0,38.72,0,38.72,0,38.72,2001,38.72,2001,38.72,2001,38.72,2001
38.73,0,38.73,0,38.73,0,38.73,0,38.73,1988,38.73,1924,38.73,1966,38.73,1990,38.73,0,38.73,0,38.73,0,38.73,0,38.73,2001,38.73,2001,38.73,2001,38.73,2001
38.74,0,38.74,0,38.74,0,38.74,0,38.74,1991,38.74,1988,38.74,1966,38.74,1990,38.74,0,38.74,0,38.74,0,38.74,0,38.74,2001,38.74,2001,38.74,2001,38.74,2001
38.75,0,38.75,0,38.75,0,38.75,0,38.75,2009,38.75,1958,38.75,1966,38.75,2008,38.75,0,38.75,0,38.75,0,38.75,0,38.75,2001,38.75,2001,38.75,2001,38.75,2001
38.76,0,38.76,0,38.76,0,38.76,0,38.76,1993,38.76,1981,38.76,1992,38.76,1990,38.76,0,38.76,0,38.76,0,38.76,0,38.76,2001,38.76,2001,38.76,2001,38.76,2001
38.77,0,38.77,0,38.77,0,38.77,0,38.77,2078,38.77,2002,38.77,1968,38.77,1999,38.77,0,38.77,0,38.77,0,38.77,0,38.77,2001,38.77,2001,38.77,2001,38.77,2001
38.78,0,38.78,0,38.78,0,38.78,0,38.78,2046,38.78,2009,38.78,1972,38.78,2002,38.78,0,38.78,0,38.78,0,38.78,0,38.78,2001,38.78,2001,38.78,2001,38.78,2001
38.79,0,38.79,0,38.79,0,38.79,0,38.79,2023,38.79,1994,38.79,1989,38.79,1996,38.79,0,38.79,0,38.79,0,38.79,0,38.79,2001,38.79,2001,38.79,2001,38.79,2001
38.8,0,38.8,0,38.8,0,38.8,0,38.8,2024,38.8,1944,38.8,1996,38.8,2025,38.8,0,38.8,0,38.8,0,38.8,0,38.8,2001,38.8,2001,38.8,2001,38.8,2001
38.81,0,38.81,0,38.81,0,38.81,0,38.81,2001,38.81,1991,38.81,1977,38.81,2029,38.81,0,38.81,0,38.81,0,38.81,0,38.81,2001,38.81,2001,38.81,2001,38.81,2001
38.82,0,38.82,0,38.82,0,38.82,0,38.82,2108,38.82,1977,38.82,1993,38.82,2000,38.82,0,38.82,0,38.82,0,38.82,0,38.82,2001,38.82,2001,38.82,2001,38.82,2001
38.83,0,38.83,0,38.83,0,38.83,0,38.83,1997,38.83,1999,38.83,2011,38.83,2038,38.83,0,38.83,0,38.83,0,38.83,0,38.83,2001,38.83,2001,38.83,2001,38.83,2001
38.84,0,38.84,0,38.84,0,38.84,0,38.84,1970,38.84,2005,38.84,1979,38.84,1992,38.84,0,38.84,0,38.84,0,38.84,0,38.84,2001,38.84,2001,38.84,2001,38.84,2001
38.85,0,38.85,0,38.85,0,38.85,0,38.85,2002,38.85,1973,38.85,1989,38.85,1973,38.85,0,38.85,0,38.85,0,38.85,0,38.85,2001,38.85,2001,38.85,2001,38.85,2001
38.86,0,38.86,0,38.86,0,38.86,0,38.86,2003,38.86,2005,38.86,1971,38.86,2060,38.86,0,38.86,0,38.86,0,38.86,0,38.86,2001,38.86,2001,38.86,2001,38.86,2001
38.87,0,38.87,0,38.87,0,38.87,0,38.87,2003,38.87,2034,38.87,1983,38.87,1928,38.87,0,38.87,0,38.87,0,38.87,0,38.87,2001,38.87,2001,38.87,2001,38.87,2001
38.88,0,38.88,0,38.88,0,38.88,0,38.88,1982,38.88,1984,38.88,1980,38.88,1970,38.88,0,38.88,0,38.88,0,38.88,0,38.88,2001,38.88,2001,38.88,2001,38.88,2001
38.89,0,38.89,0,38.89,0,38.89,0,38.89,2027,38.89,1994,38.89,1983,38.89,2016,38.89,0,38.89,0,38.89,0,38.89,0,38.89,2001,38.89,2001,38.89,2001,38.89,2001
38.9,0,38.9,0,38.9,0,38.9,0,38.9,1999,38.9,1970,38.9,1985,38.9,2078,38.9,0,38.9,0,38.9,0,38.9,0,38.9,2001,38.9,2001,38.9,2001,38.9,2001
38.91,0,38.91,0,38.91,0,38.91,0,38.91,2003,38.91,1920,38.91,2066,38.91,1979,38.91,0,38.91,0,38.91,0,38.91,0,38.91,2001,38.91,2001,38.91,2001,38.91,2001
38.92,0,38.92,0,38.92,0,38.92,0,38.92,1988,38.92,1987,38.92,2004,38.92,2000,38.92,0,38.92,0,38.92,0,38.92,0,38.92,2001,38.92,2001,38.92,2001,38.92,2001
38.93,0,38.93,0,38.93,0,38.93,0,38.93,1966,38.93,1980,38.93,1994,38.93,1996,38.93,0,38.93,0,38.93,0,38.93,0,38.93,2001,38.93,2001,38.93,2001,38.93,2001
38.94,0,38.94,0,38.94,0,38.94,0,38.94,2000,38.94,1906,38.94,1988,38.94,2003,38.94,0,38.94,0,38.94,0,38.94,0,38.94,2001,38.94,2001,38.94,2001,38.94,2001
38.95,0,38.95,0,38.95,0,38.95,0,38.95,1986,38.95,1998,38.95,2004,38.95,1983,38.95,0,38.95,0,38.95,0,38.95,0,38.95,2001,38.95,2001,38.95,2001,38.95,2001
38.96,0,38.96,0,38.96,0,38.96,0,38.96,1962,38.96,1975,38.96,2006,38.96,1980,38.96,0,38.96,0,38.96,0,38.96,0,38.96,2001,38.96,2001,38.96,2001,38.96,2001
38.97,0,38.97,0,38.97,0,38.97,0,38.97,2234,38.97,1984,38.97,2045,38.97,1989,38.97,0,38.97,0,38.97,0,38.97,0,38.97,2001,38.97,2001,38.97,2001,38.97,2001
38.98,0,38.98,0,38.98,0,38.98,0,38.98,1951,38.98,1930,38.98,2008,38.98,1998,38.98,0,38.98,0,38.98,0,38.98,0,38.98,2001,38.98,2001,38.98,2001,38.98,2001
38.99,0,38.99,0,38.99,0,38.99,0,38.99,2014,38.99,2015,38.99,1988,38.99,2015,38.99,0,38.99,0,38.99,0,38.99,0,38.99,2001,38.99,2001,38.99,2001,38.99,2001
39,0,39,0,39,0,39,0,39,2081,39,1964,39,1988,39,1995,39,0,39,0,39,0,39,0,39,2001,39,2001,39,2001,39,2001
39.01,0,39.01,0,39.01,0,39.01,0,39.01,1975,39.01,2091,39.01,2074,39.01,1995,39.01,0,39.01,0,39.01,0,39.01,0,39.01,2001,39.01,2001,39.01,2001,39.01,2001
39.02,0,39.02,0,39.02,0,39.02,0,39.02,1990,39.02,2067,39.02,2077,39.02,2049,39.02,0,39.02,0,39.02,0,39.02,0,39.02,2001,39.02,2001,39.02,2001,39.02,2001
39.03,0,39.03,0,39.03,0,39.03,0,39.03,2005,39.03,1951,39.03,1982,39.03,1981,39.03,0,39.03,0,39.03,0,39.03,0,39.03,2001,39.03,2001,39.03,2001,39.03,2001
39.04,0,39.04,0,39.04,0,39.04,0,39.04,1992,39.04,2054,39.04,2022,39.04,1983,39.04,0,39.04,0,39.04,0,39.04,0,39.04,2001,39.04,2001,39.04,2001,39.04,2001
39.05,0,39.05,0,39.05,0,39.05,0,39.05,1991,39.05,2083,39.05,1962,39.05,2014,39.05,0,39.05,0,39.05,0,39.05,0,39.05,2001,39.05,2001,39.05,2001,39.05,2001
39.06,0,39.06,0,39.06,0,39.06,0,39.06,2010,39.06,2004,39.06,1976,39.06,2071,39.06,0,39.06,0,39.06,0,39.06,0,39.06,2001,39.06,2001,39.06,2001,39.06,2001
39.07,0,39.07,0,39.07,0,39.07,0,39.07,1998,39.07,1983,39.07,1992,39.07,1939,39.07,0,39.07,0,39.07,0,39.07,0,39.07,2001,39.07,2001,39.07,2001,39.07,2001
39.08,0,39.08,0,39.08,0,39.08,0,39.08,1989,39.08,2009,39.08,1982,39.08,1988,39.08,0,39.08,0,39.08,0,39.08,0,39.08,2001,39.08,2001,39.08,2001,39.08,2001
39.09,0,39.09,0,39.09,0,39.09,0,39.09,1988,39.09,2014,39.09,1983,39.09,1982,39.09,0,39.09,0,39.09,0,39.09,0,39.09,2001,39.09,2001,39.09,2001,39.09,2001
39.1,0,39.1,0,39.1,0,39.1,0,39.1,2039,39.1,1991,39.1,2005,39.1,2007,39.1,0,39.1,0,39.1,0,39.1,0,39.1,2001,39.1,2001,39.1,2001,39.1,2001
39.11,0,39.11,0,39.11,0,39.11,0,39.11,2028,39.11,1974,39.11,2017,39.11,2011,39.11,0,39.11,0,39.11,0,39.11,0,39.11,2001,39.11,2001,39.11,2001,39.11,2001
39.12,0,39.12,0,39.12,0,39.12,0,39.12,2007,39.12,2014,39.12,1982,39.12,2012,39.12,0,39.12,0,39.12,0,39.12,0,39.12,2001,39.12,2001,39.12,2001,39.12,2001
39.13,0,39.13,0,39.13,0,39.13,0,39.13,1969,39.13,1981,39.13,2004,39.13,1980,39.13,0,39.13,0,39.13,0,39.13,0,39.13,2001,39.13,2001,39.13,2001,39.13,2001
39.14,0,39.14,0,39.14,0,39.14,0,39.14,1982,39.14,2164,39.14,2015,39.14,2086,39.14,0,39.14,0,39.14,0,39.14,0,39.14,2001,39.14,2001,39.14,2001,39.14,2001
39.15,0,39.15,0,39.15,0,39.15,0,39.15,2089,39.15,2017,39.15,1988,39.15,1993,39.15,0,39.15,0,39.15,0,39.15,0,39.15,2001,39.15,2001,39.15,2001,39.15,2001
39.16,0,39.16,0,39.16,0,39.16,0,39.16,2032,39.16,1946,39.16,2002,39.16,1975,39.16,0,39.16,0,39.16,0,39.16,0,39.16,2001,39.16,2001,39.16,2001,39.16,2001
39.17,0,39.17,0,39.17,0,39.17,0,39.17,2004,39.17,1955,39.17,2012,39.17,2017,39.17,0,39.17,0,39.17,0,39.17,0,39.17,2001,39.17,2001,39.17,2001,39.17,2001
39.18,0,39.18,0,39.18,0,39.18,0,39.18,2034,39.18,1984,39.18,1988,39.18,2016,39.18,0,39.18,0,39.18,0,39.18,0,39.18,2001,39.18,2001,39.18,2001,39.18,2001
39.19,0,39.19,0,39.19,0,39.19,0,39.19,1990,39.19,1975,39.19,1992,39.19,1987,39.19,0,39.19,0,39.19,0,39.19,0,39.19,2001,39.19,2001,39.19,2001,39.19,2001
39.2,0,39.2,0,39.2,0,39.2,0,39.2,1992,39.2,2018,39.2,1988,39.2,1979,39.2,0,39.2,0,39.2,0,39.2,0,39.2,2001,39.2,2001,39.2,2001,39.2,2001
39.21,0,39.21,0,39.21,0,39.21,0,39.21,2020,39.21,1944,39.21,1990,39.21,1998,39.21,0,39.21,0,39.21,0,39.21,0,39.21,2001,39.21,2001,39.21,2001,39.21,2001
39.22,0,39.22,0,39.22,0,39.22,0,39.22,2055,39.22,1978,39.22,1946,39.22,1990,39.22,0,39.22,0,39.22,0,39.22,0,39.22,2001,39.22,2001,39.22,2001,39.22,2001
39.23,0,39.23,0,39.23,0,39.23,0,39.23,1991,39.23,1968,39.23,2001,39.23,2012,39.23,0,39.23,0,39.23,0,39.23,0,39.23,2001,39.23,2001,39.23,2001,39.23,2001
39.24,0,39.24,0,39.24,0,39.24,0,39.24,2100,39.24,2002,39.24,2022,39.24,1998,39.24,0,39.24,0,39.24,0,39.24,0,39.24,2001,39.24,2001,39.24,2001,39.24,2001
39.25,0,39.25,0,39.25,0,39.25,0,39.25,1993,39.25,2028,39.25,1990,39.25,2002,39.25,0,39.25,0,39.25,0,39.25,0,39.25,2001,39.25,2001,39.25,2001,39.25,2001
39.26,0,39.26,0,39.26,0,39.26,0,39.26,2004,39.26,2097,39.26,1991,39.26,1993,39.26,0,39.26,0,39.26,0,39.26,0,39.26,2001,39.26,2001,39.26,2001,39.26,2001
39.27,0,39.27,0,39.27,0,39.27,0,39.27,1994,39.27,1945,39.27,2084,39.27,2026,39.27,0,39.27,0,39.27,0,39.27,0,39.27,2001,39.27,2001,39.27,2001,39.27,2001
39.28,0,39.28,0,39.28,0,39.28,0,39.28,1985,39.28,1938,39.28,2004,39.28,2013,39.28,0,39.28,0,39.28,0,39.28,0,39.28,2001,39.28,2001,39.28,2001,39.28,2001
39.29,0,39.29,0,39.29,0,39.29,0,39.29,1994,39.29,1993,39.29,2019,39.29,2008,39.29,0,39.29,0,39.29,0,39.29,0,39.29,2001,39.29,2001,39.29,2001,39.29,2001
39.3,0,39.3,0,39.3,0,39.3,0,39.3,1999,39.3,2006,39.3,1993,39.3,1999,39.3,0,39.3,0,39.3,0,39.3,0,39.3,2001,39.3,2001,39.3,2001,39.3,2001
39.31,0,39.31,0,39.31,0,39.31,0,39.31,1981,39.31,1983,39.31,1944,39.31,1989,39.31,0,39.31,0,39.31,0,39.31,0,39.31,2001,39.31,2001,39.31,2001,39.31,2001
39.32,0,39.32,0,39.32,0,39.32,0,39.32,1990,39.32,1997,39.32,1958,39.32,1996,39.32,0,39.32,0,39.32,0,39.32,0,39.32,2001,39.32,2001,39.32,2001,39.32,2001
39.33,0,39.33,0,39.33,0,39.33,0,39.33,1995,39.33,2023,39.33,2046,39.33,2001,39.33,0,39.33,0,39.33,0,39.33,0,39.33,2001,39.33,2001,39.33,2001,39.33,2001
39.34,0,39.34,0,39.34,0,39.34,0,39.34,2016,39.34,1978,39.34,1930,39.34,2069,39.34,0,39.34,0,39.34,0,39.34,0,39.34,2001,39.34,2001,39.34,2001,39.34,2001
39.35,0,39.35,0,39.35,0,39.35,0,39.35,1997,39.35,2012,39.35,1987,39.35,2002,39.35,0,39.35,0,39.35,0,39.35,0,39.35,2001,39.35,2001,39.35,2001,39.35,2001
39.36,0,39.36,0,39.36,0,39.36,0,39.36,1963,39.36,2007,39.36,1988,39.36,1916,39.36,0,39.36,0,39.36,0,39.36,0,39.36,2001,39.36,2001,39.36,2001,39.36,2001
39.37,0,39.37,0,39.37,0,39.37,0,39.37,2000,39.37,2011,39.37,1968,39.37,1944,39.37,0,39.37,0,39.37,0,39.37,0,39.37,2001,39.37,2001,39.37,2001,39.37,2001
39.38,0,39.38,0,39.38,0,39.38,0,39.38,1946,39.38,1985,39.38,2014,39.38,2031,39.38,0,39.38,0,39.38,0,39.38,0,39.38,2001,39.38,2001,39.38,2001,39.38,2001
39.39,0,39.39,0,39.39,0,39.39,0,39.39,2003,39.39,1973,39.39,1994,39.39,1994,39.39,0,39.39,0,39.39,0,39.39,0,39.39,2068.03099154637,39.39,2001,39.39,2001,39.39,2001
39.4,0,39.4,0,39.4,0,39.4,0,39.4,2004,39.4,1989,39.4,2108,39.4,1972,39.4,0,39.4,0,39.4,0,39.4,0,39.4,2068.03099154637,39.4,2001,39.4,2001,39.4,2001
39.41,0,39.41,0,39.41,0,39.41,0,39.41,1997,39.41,1996,39.41,2002,39.41,1917,39.41,0,39.41,0,39.41,0,39.41,0,39.41,2112.95228431043,39.41,2001,39.41,2001,39.41,2001
39.42,0,39.42,0,39.42,0,39.42,0,39.42,2032,39.42,2012,39.42,1981,39.42,2004,39.42,0,39.42,0,39.42,0,39.42,0,39.42,2112.95228431043,39.42,2001,39.42,2001,39.42,2001
39.43,0,39.43,0,39.43,0,39.43,0,39.43,2036,39.43,2002,39.43,1960,39.43,1974,39.43,0,39.43,0,39.43,0,39.43,0,39.43,2112.95228431043,39.43,2001,39.43,2001,39.43,2001
39.44,0,39.44,0,39.44,0,39.44,0,39.44,2066,39.44,2044,39.44,2002,39.44,2068,39.44,0,39.44,0,39.44,0,39.44,0,39.44,2112.95228431043,39.44,2001,39.44,2001,39.44,2001
39.45,0,39.45,0,39.45,0,39.45,0,39.45,2086,39.45,2012,39.45,2019,39.45,1991,39.45,0,39.45,0,39.45,0,39.45,0,39.45,2112.95228431043,39.45,2001,39.45,2001,39.45,2001
39.46,0,39.46,0,39.46,0,39.46,0,39.46,2067,39.46,1948,39.46,1987,39.46,1980,39.46,0,39.46,0,39.46,0,39.46,0,39.46,2112.95228431043,39.46,2001,39.46,2001,39.46,2001
39.47,0,39.47,0,39.47,0,39.47,0,39.47,2129,39.47,2014,39.47,2017,39.47,1994,39.47,0,39.47,0,39.47,0,39.47,0,39.47,2112.95228431043,39.47,2001,39.47,2001,39.47,2001
39.48,0,39.48,0,39.48,0,39.48,0,39.48,2114,39.48,1994,39.48,1999,39.48,1962,39.48,0,39.48,0,39.48,0,39.48,0,39.48,2112.95228431043,39.48,2001,39.48,2001,39.48,2001
39.49,0,39.49,0,39.49,0,39.49,0,39.49,2095,39.49,1966,39.49,1945,39.49,1986,39.49,0,39.49,0,39.49,0,39.49,0,39.49,2112.95228431043,39.49,2001,39.49,2001,39.49,2001
39.5,0,39.5,0,39.5,0,39.5,0,39.5,2072,39.5,1996,39.5,2050,39.5,2024,39.5,0,39.5,0,39.5,0,39.5,0,39.5,2112.95228431043,39.5,2001,39.5,2001,39.5,2001
39.51,0,39.51,0,39.51,0,39.51,0,39.51,2113,39.51,2028,39.51,2010,39.51,1995,39.51,0,39.51,0,39.51,0,39.51,0,39.51,2112.95228431043,39.51,2001,39.51,2001,39.51,2001
39.52,0,39.52,0,39.52,0,39.52,0,39.52,2114,39.52,1983,39.52,1996,39.52,1988,39.52,0,39.52,0,39.52,0,39.52,0,39.52,2112.95228431043,39.52,2001,39.52,2001,39.52,2001
39.53,0,39.53,0,39.53,0,39.53,0,39.53,2118,39.53,1943,39.53,2028,39.53,1949,39.53,0,39.53,0,39.53,0,39.53,0,39.53,2112.95228431043,39.53,2001,39.53,2001,39.53,2001
39.54,0,39.54,0,39.54,0,39.54,0,39.54,2117,39.54,2007,39.54,1992,39.54,1975,39.54,0,39.54,0,39.54,0,39.54,0,39.54,2112.95228431043,39.54,2001,39.54,2001,39.54,2001
39.55,0,39.55,0,39.55,0,39.55,0,39.55,2160,39.55,1999,39.55,1975,39.55,2017,39.55,0,39.55,0,39.55,0,39.55,0,39.55,2157.8735770745,39.55,2001,39.55,2001,39.55,2001
39.56,0,39.56,0,39.56,0,39.56,0,39.56,2126,39.56,2007,39.56,1999,39.56,1963,39.56,0,39.56,0,39.56,0,39.56,0,39.56,2157.8735770745,39.56,2001,39.56,2001,39.56,2001
39.57,0,39.57,0,39.57,0,39.57,0,39.57,2097,39.57,2013,39.57,1997,39.57,1992,39.57,0,39.57,0,39.57,0,39.57,0,39.57,2225.60646382031,39.57,2001,39.57,2001,39.57,2001
39.58,0,39.58,0,39.58,0,39.58,0,39.58,2138,39.58,1970,39.58,2004,39.58,1974,39.58,0,39.58,0,39.58,0,39.58,0,39.58,2292.9884029664,39.58,2001,39.58,2001,39.58,2001
39.59,0,39.59,0,39.59,0,39.59,0,39.59,2101,39.59,1941,39.59,2036,39.59,1998,39.59,0,39.59,0,39.59,0,39.59,0,39.59,2428.1032288583,39.59,2001,39.59,2001,39.59,2001
39.6,0,39.6,0,39.6,0,39.6,0,39.6,2148,39.6,1965,39.6,1992,39.6,1999,39.6,0,39.6,0,39.6,0,39.6,0,39.6,2495.48516800439,39.6,2001,39.6,2001,39.6,2001
39.61,0,39.61,0,39.61,0,39.61,0,39.61,2234,39.61,1942,39.61,1995,39.61,1992,39.61,0,39.61,0,39.61,0,39.61,0,39.61,2495.48516800439,39.61,2001,39.61,2001,39.61,2001
39.62,0,39.62,0,39.62,0,39.62,0,39.62,2317,39.62,1947,39.62,2018,39.62,2010,39.62,0,39.62,0,39.62,0,39.62,0,39.62,2720.79352702414,39.62,2001,39.62,2001,39.62,2001
39.63,0,39.63,0,39.63,0,39.63,0,39.63,2372,39.63,1997,39.63,2017,39.63,2024,39.63,0,39.63,0,39.63,0,39.63,0,39.63,2765.7148197882,39.63,2001,39.63,2001,39.63,2001
39.64,0,39.64,0,39.64,0,39.64,0,39.64,2465,39.64,2035,39.64,1984,39.64,2003,39.64,0,39.64,0,39.64,0,39.64,0,39.64,2765.7148197882,39.64,2001,39.64,2001,39.64,2001
39.65,0,39.65,0,39.65,0,39.65,0,39.65,2556,39.65,2008,39.65,2012,39.65,2009,39.65,0,39.65,0,39.65,0,39.65,0,39.65,2833.09675893429,39.65,2001,39.65,2001,39.65,2001
39.66,0,39.66,0,39.66,0,39.66,0,39.66,2650,39.66,2132,39.66,2056,39.66,1902,39.66,0,39.66,0,39.66,0,39.66,0,39.66,3013.13287759026,39.66,2001,39.66,2001,39.66,2001
39.67,0,39.67,0,39.67,0,39.67,0,39.67,2706,39.67,1990,39.67,1966,39.67,1968,39.67,0,39.67,0,39.67,0,39.67,0,39.67,3058.05417035432,39.67,2001,39.67,2001,39.67,2001
39.68,0,39.68,0,39.68,0,39.68,0,39.68,2780,39.68,2001,39.68,2011,39.68,2019,39.68,0,39.68,0,39.68,0,39.68,0,39.68,3328.28382213813,39.68,2001,39.68,2001,39.68,2001
39.69,0,39.69,0,39.69,0,39.69,0,39.69,2905,39.69,2033,39.69,2026,39.69,2015,39.69,0,39.69,0,39.69,0,39.69,0,39.69,3395.66576128422,39.69,2001,39.69,2045.57034516434,39.69,2001
39.7,0,39.7,0,39.7,0,39.7,0,39.7,3050,39.7,2014,39.7,1993,39.7,1970,39.7,0,39.7,0,39.7,0,39.7,0,39.7,3395.66576128422,39.7,2001,39.7,2045.57034516434,39.7,2001
39.71,0,39.71,0,39.71,0,39.71,0,39.71,3146,39.71,1999,39.71,1971,39.71,2009,39.71,0,39.71,0,39.71,0,39.71,0,39.71,3845.93153172399,39.71,2001,39.71,2135.41293069247,39.71,2001
39.72,0,39.72,0,39.72,0,39.72,0,39.72,3243,39.72,2006,39.72,2015,39.72,2060,39.72,0,39.72,0,39.72,0,39.72,0,39.72,3845.93153172399,39.72,2001,39.72,2135.41293069247,39.72,2001
39.73,0,39.73,0,39.73,0,39.73,0,39.73,3440,39.73,2039,39.73,2060,39.73,1972,39.73,0,39.73,0,39.73,0,39.73,0,39.73,4273.38570818201,39.73,2001,39.73,2315.44904934843,39.73,2001
39.74,0,39.74,0,39.74,0,39.74,0,39.74,3569,39.74,2000,39.74,2089,39.74,1958,39.74,0,39.74,0,39.74,0,39.74,0,39.74,4341.11859492782,39.74,2001,39.74,2360.72128971221,39.74,2001
39.75,0,39.75,0,39.75,0,39.75,0,39.75,3874,39.75,1969,39.75,2155,39.75,1935,39.75,0,39.75,0,39.75,0,39.75,0,39.75,4746.11212500381,39.75,2001,39.75,2585.67870113224,39.75,2001
39.76,0,39.76,0,39.76,0,39.76,0,39.76,4058,39.76,1996,39.76,2243,39.76,1976,39.76,0,39.76,0,39.76,0,39.76,0,39.76,4813.49406414991,39.76,2001,39.76,2585.67870113224,39.76,2001
39.77,0,39.77,0,39.77,0,39.77,0,39.77,4246,39.77,1995,39.77,2366,39.77,2056,39.77,0,39.77,0,39.77,0,39.77,0,39.77,4881.22695089572,39.77,2001,39.77,2653.06064027833,39.77,2001
39.78,0,39.78,0,39.78,0,39.78,0,39.78,4455,39.78,1997,39.78,2470,39.78,1998,39.78,0,39.78,0,39.78,0,39.78,0,39.78,5128.64500869778,39.78,2001,39.78,2878.01805169836,39.78,2001
39.79,0,39.79,0,39.79,0,39.79,0,39.79,4547,39.79,2054,39.79,2546,39.79,2002,39.79,0,39.79,0,39.79,0,39.79,0,39.79,5128.64500869778,39.79,2001,39.79,2878.01805169836,39.79,2001
39.8,0,39.8,0,39.8,0,39.8,0,39.8,4705,39.8,1941,39.8,2572,39.8,1988,39.8,0,39.8,0,39.8,0,39.8,0,39.8,5218.4875942259,39.8,2001,39.8,3148.24770348216,39.8,2001
39.81,0,39.81,0,39.81,0,39.81,0,39.81,4823,39.81,1997,39.81,2744,39.81,2009,39.81,0,39.81,0,39.81,0,39.81,0,39.81,5218.4875942259,39.81,2001,39.81,3148.24770348216,39.81,2001
39.82,0,39.82,0,39.82,0,39.82,0,39.82,4935,39.82,1999,39.82,2862,39.82,1948,39.82,0,39.82,0,39.82,0,39.82,0,39.82,5263.75983458968,39.82,2001,39.82,3395.66576128422,39.82,2001
39.83,0,39.83,0,39.83,0,39.83,0,39.83,5034,39.83,1989,39.83,2993,39.83,2005,39.83,0,39.83,0,39.83,0,39.83,0,39.83,5263.75983458968,39.83,2001,39.83,3440.938001648,39.83,2001
39.84,0,39.84,0,39.84,0,39.84,0,39.84,5049,39.84,1953,39.84,3142,39.84,2001,39.84,0,39.84,0,39.84,0,39.84,0,39.84,5308.68112735374,39.84,2001,39.84,3688.35605945006,39.84,2001
39.85,0,39.85,0,39.85,0,39.85,0,39.85,5138,39.85,2002,39.85,3242,39.85,1984,39.85,0,39.85,0,39.85,0,39.85,0,39.85,5308.68112735374,39.85,2001,39.85,3688.35605945006,39.85,2001
39.86,0,39.86,0,39.86,0,39.86,0,39.86,5266,39.86,1984,39.86,3367,39.86,1999,39.86,0,39.86,0,39.86,0,39.86,0,39.86,5308.68112735374,39.86,2001,39.86,3913.31347087008,39.86,2001
39.87,0,39.87,0,39.87,0,39.87,0,39.87,5238,39.87,2011,39.87,3507,39.87,2003,39.87,0,39.87,0,39.87,0,39.87,0,39.87,5308.68112735374,39.87,2001,39.87,3913.31347087008,39.87,2001
39.88,0,39.88,0,39.88,0,39.88,0,39.88,5258,39.88,1979,39.88,3639,39.88,1974,39.88,0,39.88,0,39.88,0,39.88,0,39.88,5308.68112735374,39.88,2001,39.88,3913.31347087008,39.88,2001
39.89,0,39.89,0,39.89,0,39.89,0,39.89,5293,39.89,2081,39.89,3688,39.89,1980,39.89,0,39.89,0,39.89,0,39.89,0,39.89,5353.6024201178,39.89,2001,39.89,4250.92506179998,39.89,2001
39.9,0,39.9,0,39.9,0,39.9,0,39.9,5319,39.9,1987,39.9,3740,39.9,2128,39.9,0,39.9,0,39.9,0,39.9,0,39.9,5353.6024201178,39.9,2001,39.9,4250.92506179998,39.9,2001
39.91,0,39.91,0,39.91,0,39.91,0,39.91,5334,39.91,1989,39.91,3957,39.91,2018,39.91,0,39.91,0,39.91,0,39.91,0,39.91,5398.52371288186,39.91,2001,39.91,4318.30700094607,39.91,2001
39.92,0,39.92,0,39.92,0,39.92,0,39.92,5326,39.92,1991,39.92,4028,39.92,1992,39.92,0,39.92,0,39.92,0,39.92,0,39.92,5398.52371288186,39.92,2001,39.92,4318.30700094607,39.92,2001
39.93,0,39.93,0,39.93,0,39.93,0,39.93,5352,39.93,1998,39.93,4044,39.93,2017,39.93,0,39.93,0,39.93,0,39.93,0,39.93,5601.37142551958,39.93,2001,39.93,4610.99729911191,39.93,2001
39.94,0,39.94,0,39.94,0,39.94,0,39.94,5387,39.94,2024,39.94,4140,39.94,1949,39.94,0,39.94,0,39.94,0,39.94,0,39.94,5601.37142551958,39.94,2001,39.94,4655.91859187597,39.94,2001
39.95,0,39.95,0,39.95,0,39.95,0,39.95,5431,39.95,1971,39.95,4344,39.95,1984,39.95,0,39.95,0,39.95,0,39.95,0,39.95,5646.29271828364,39.95,2001,39.95,4701.19083223975,39.95,2001
39.96,0,39.96,0,39.96,0,39.96,0,39.96,5481,39.96,2071,39.96,4379,39.96,2036,39.96,0,39.96,0,39.96,0,39.96,0,39.96,5691.2140110477,39.96,2001,39.96,4768.57277138585,39.96,2001
39.97,0,39.97,0,39.97,0,39.97,0,39.97,5507,39.97,1979,39.97,4504,39.97,1984,39.97,0,39.97,0,39.97,0,39.97,0,39.97,5691.2140110477,39.97,2001,39.97,4768.57277138585,39.97,2001
39.98,0,39.98,0,39.98,0,39.98,0,39.98,5580,39.98,1934,39.98,4540,39.98,1991,39.98,0,39.98,0,39.98,0,39.98,0,39.98,5983.90430921354,39.98,2001,39.98,5106.18436231574,39.98,2001
39.99,0,39.99,0,39.99,0,39.99,0,39.99,5658,39.99,2013,39.99,4586,39.99,2005,39.99,0,39.99,0,39.99,0,39.99,0,39.99,6051.28624835963,39.99,2001,39.99,5173.56630146184,39.99,2001
40,0,40,0,40,0,40,0,40,5705,40,1994,40,4789,40,2005,40,0,40,0,40,0,40,0,40,6118.66818750572,40,2001,40,5218.4875942259,40,2001
40.01,0,40.01,0,40.01,0,40.01,0,40.01,5813,40.01,1937,40.01,4834,40.01,1999,40.01,0,40.01,0,40.01,0,40.01,0,40.01,6186.40107425153,40.01,2001,40.01,5286.22048097171,40.01,2001
40.02,0,40.02,0,40.02,0,40.02,0,40.02,5864,40.02,2007,40.02,4994,40.02,2010,40.02,0,40.02,0,40.02,0,40.02,0,40.02,6478.74042481765,40.02,2001,40.02,5466.25659962767,40.02,2001
40.03,0,40.03,0,40.03,0,40.03,0,40.03,5966,40.03,1997,40.03,5056,40.03,1988,40.03,0,40.03,0,40.03,0,40.03,0,40.03,6524.01266518143,40.03,2001,40.03,5466.25659962767,40.03,2001
40.04,0,40.04,0,40.04,0,40.04,0,40.04,6139,40.04,1994,40.04,5218,40.04,1995,40.04,0,40.04,0,40.04,0,40.04,0,40.04,6704.0487838374,40.04,2001,40.04,5511.17789239174,40.04,2001
40.05,0,40.05,0,40.05,0,40.05,0,40.05,6246,40.05,1969,40.05,5283,40.05,2033,40.05,0,40.05,0,40.05,0,40.05,0,40.05,6748.97007660146,40.05,2001,40.05,5556.0991851558,40.05,2001
40.06,0,40.06,0,40.06,0,40.06,0,40.06,6400,40.06,2012,40.06,5314,40.06,1995,40.06,0,40.06,0,40.06,0,40.06,0,40.06,6748.97007660146,40.06,2001,40.06,5556.0991851558,40.06,2001
40.07,0,40.07,0,40.07,0,40.07,0,40.07,6476,40.07,1993,40.07,5395,40.07,1997,40.07,0,40.07,0,40.07,0,40.07,0,40.07,7018.84878078555,40.07,2001,40.07,5758.59595019379,40.07,2001
40.08,0,40.08,0,40.08,0,40.08,0,40.08,6568,40.08,2036,40.08,5369,40.08,2079,40.08,0,40.08,0,40.08,0,40.08,0,40.08,7018.84878078555,40.08,2001,40.08,5758.59595019379,40.08,2001
40.09,0,40.09,0,40.09,0,40.09,0,40.09,6721,40.09,2016,40.09,5506,40.09,2099,40.09,0,40.09,0,40.09,0,40.09,0,40.09,7086.58166753136,40.09,2001,40.09,5826.3288369396,40.09,2001
40.1,0,40.1,0,40.1,0,40.1,0,40.1,6721,40.1,1992,40.1,5588,40.1,1980,40.1,0,40.1,0,40.1,0,40.1,0,40.1,7086.58166753136,40.1,2001,40.1,6006.36495559557,40.1,2001
40.11,0,40.11,0,40.11,0,40.11,0,40.11,6863,40.11,1959,40.11,5665,40.11,2003,40.11,0,40.11,0,40.11,0,40.11,0,40.11,7131.50296029542,40.11,2001,40.11,6073.74689474166,40.11,2001
40.12,0,40.12,0,40.12,0,40.12,0,40.12,6927,40.12,2006,40.12,5774,40.12,1981,40.12,0,40.12,0,40.12,0,40.12,0,40.12,7176.42425305948,40.12,2001,40.12,6141.47978148747,40.12,2001
40.13,0,40.13,0,40.13,0,40.13,0,40.13,6979,40.13,2072,40.13,5848,40.13,1964,40.13,0,40.13,0,40.13,0,40.13,0,40.13,7221.69649342326,40.13,2001,40.13,6388.89783928953,40.13,2001
40.14,0,40.14,0,40.14,0,40.14,0,40.14,7050,40.14,2011,40.14,5960,40.14,2025,40.14,0,40.14,0,40.14,0,40.14,0,40.14,7221.69649342326,40.14,2001,40.14,6388.89783928953,40.14,2001
40.15,0,40.15,0,40.15,0,40.15,0,40.15,7088,40.15,2009,40.15,6090,40.15,1986,40.15,0,40.15,0,40.15,0,40.15,0,40.15,7221.69649342326,40.15,2001,40.15,6388.89783928953,40.15,2001
40.16,0,40.16,0,40.16,0,40.16,0,40.16,7100,40.16,1986,40.16,6206,40.16,1986,40.16,0,40.16,0,40.16,0,40.16,0,40.16,7333.99972533341,40.16,2001,40.16,6456.27977843562,40.16,2001
40.17,0,40.17,0,40.17,0,40.17,0,40.17,7142,40.17,2008,40.17,6200,40.17,2009,40.17,0,40.17,0,40.17,0,40.17,0,40.17,7333.99972533341,40.17,2001,40.17,6524.01266518143,40.17,2001
40.18,0,40.18,0,40.18,0,40.18,0,40.18,7153,40.18,2002,40.18,6227,40.18,1992,40.18,0,40.18,0,40.18,0,40.18,0,40.18,7378.92101809748,40.18,2001,40.18,6524.01266518143,40.18,2001
40.19,0,40.19,0,40.19,0,40.19,0,40.19,7267,40.19,1996,40.19,6307,40.19,1944,40.19,0,40.19,0,40.19,0,40.19,0,40.19,7378.92101809748,40.19,2001,40.19,6524.01266518143,40.19,2001
40.2,0,40.2,0,40.2,0,40.2,0,40.2,7301,40.2,1977,40.2,6417,40.2,1947,40.2,0,40.2,0,40.2,0,40.2,0,40.2,7424.19325846126,40.2,2001,40.2,6591.39460432752,40.2,2001
40.21,0,40.21,0,40.21,0,40.21,0,40.21,7268,40.21,2005,40.21,6398,40.21,2019,40.21,0,40.21,0,40.21,0,40.21,0,40.21,7469.11455122532,40.21,2001,40.21,6658.77654347362,40.21,2001
40.22,0,40.22,0,40.22,0,40.22,0,40.22,7353,40.22,1984,40.22,6451,40.22,2086,40.22,0,40.22,0,40.22,0,40.22,0,40.22,7536.49649037141,40.22,2001,40.22,6861.62425611133,40.22,2001
40.23,0,40.23,0,40.23,0,40.23,0,40.23,7359,40.23,1966,40.23,6493,40.23,1990,40.23,0,40.23,0,40.23,0,40.23,0,40.23,7536.49649037141,40.23,2001,40.23,6861.62425611133,40.23,2001
40.24,0,40.24,0,40.24,0,40.24,0,40.24,7411,40.24,2059,40.24,6617,40.24,1988,40.24,0,40.24,0,40.24,0,40.24,0,40.24,7536.49649037141,40.24,2001,40.24,6861.62425611133,40.24,2001
40.25,0,40.25,0,40.25,0,40.25,0,40.25,7475,40.25,1984,40.25,6778,40.25,1987,40.25,0,40.25,0,40.25,0,40.25,0,40.25,8009.22290719321,40.25,2001,40.25,7131.50296029542,40.25,2001
40.26,0,40.26,0,40.26,0,40.26,0,40.26,7498,40.26,1974,40.26,6741,40.26,1995,40.26,0,40.26,0,40.26,0,40.26,0,40.26,8009.22290719321,40.26,2001,40.26,7131.50296029542,40.26,2001
40.27,0,40.27,0,40.27,0,40.27,0,40.27,7685,40.27,2000,40.27,6838,40.27,2000,40.27,0,40.27,0,40.27,0,40.27,0,40.27,8054.14419995727,40.27,2001,40.27,7131.50296029542,40.27,2001
40.28,0,40.28,0,40.28,0,40.28,0,40.28,7782,40.28,1977,40.28,6929,40.28,1931,40.28,0,40.28,0,40.28,0,40.28,0,40.28,8324.37385174108,40.28,2001,40.28,7198.88489944151,40.28,2001
40.29,0,40.29,0,40.29,0,40.29,0,40.29,7915,40.29,1989,40.29,7009,40.29,1969,40.29,0,40.29,0,40.29,0,40.29,0,40.29,8369.29514450514,40.29,2001,40.29,7244.15713980529,40.29,2001
40.3,0,40.3,0,40.3,0,40.3,0,40.3,8077,40.3,1959,40.3,7031,40.3,1904,40.3,0,40.3,0,40.3,0,40.3,0,40.3,8414.2164372692,40.3,2001,40.3,7289.07843256935,40.3,2001
40.31,0,40.31,0,40.31,0,40.31,0,40.31,8102,40.31,2005,40.31,7123,40.31,1921,40.31,0,40.31,0,40.31,0,40.31,0,40.31,8459.13773003327,40.31,2001,40.31,7289.07843256935,40.31,2001
40.32,0,40.32,0,40.32,0,40.32,0,40.32,8349,40.32,1998,40.32,7121,40.32,1986,40.32,0,40.32,0,40.32,0,40.32,0,40.32,8459.13773003327,40.32,2001,40.32,7333.99972533341,40.32,2001
40.33,0,40.33,0,40.33,0,40.33,0,40.33,8241,40.33,1965,40.33,7129,40.33,1999,40.33,0,40.33,0,40.33,0,40.33,0,40.33,8459.13773003327,40.33,2001,40.33,7333.99972533341,40.33,2001
40.34,0,40.34,0,40.34,0,40.34,0,40.34,8304,40.34,2002,40.34,7182,40.34,1924,40.34,0,40.34,0,40.34,0,40.34,0,40.34,8639.17384868923,40.34,2001,40.34,7378.92101809748,40.34,2001
40.35,0,40.35,0,40.35,0,40.35,0,40.35,8327,40.35,2029,40.35,7274,40.35,1989,40.35,0,40.35,0,40.35,0,40.35,0,40.35,8639.17384868923,40.35,2001,40.35,7378.92101809748,40.35,2001
40.36,0,40.36,0,40.36,0,40.36,0,40.36,8413,40.36,1996,40.36,7291,40.36,1921,40.36,0,40.36,0,40.36,0,40.36,0,40.36,8639.17384868923,40.36,2001,40.36,7378.92101809748,40.36,2001
40.37,0,40.37,0,40.37,0,40.37,0,40.37,8544,40.37,1972,40.37,7243,40.37,1947,40.37,0,40.37,0,40.37,0,40.37,0,40.37,8684.44608905301,40.37,2001,40.37,7378.92101809748,40.37,2001
40.38,0,40.38,0,40.38,0,40.38,0,40.38,8528,40.38,1975,40.38,7243,40.38,1988,40.38,0,40.38,0,40.38,0,40.38,0,40.38,8684.44608905301,40.38,2001,40.38,7378.92101809748,40.38,2001
40.39,0,40.39,0,40.39,0,40.39,0,40.39,8497,40.39,1987,40.39,7293,40.39,1911,40.39,0,40.39,0,40.39,0,40.39,0,40.39,8684.44608905301,40.39,2001,40.39,7378.92101809748,40.39,2001
40.4,0,40.4,0,40.4,0,40.4,0,40.4,8544,40.4,1990,40.4,7358,40.4,1978,40.4,0,40.4,0,40.4,0,40.4,0,40.4,8796.74932096316,40.4,2001,40.4,7378.92101809748,40.4,2001
40.41,0,40.41,0,40.41,0,40.41,0,40.41,8611,40.41,2011,40.41,7333,40.41,2011,40.41,0,40.41,0,40.41,0,40.41,0,40.41,8842.02156132694,40.41,2001,40.41,7378.92101809748,40.41,2001
40.42,0,40.42,0,40.42,0,40.42,0,40.42,8568,40.42,1956,40.42,7331,40.42,2002,40.42,0,40.42,0,40.42,0,40.42,0,40.42,8842.02156132694,40.42,2001,40.42,7378.92101809748,40.42,2001
40.43,0,40.43,0,40.43,0,40.43,0,40.43,8689,40.43,1950,40.43,7315,40.43,1976,40.43,0,40.43,0,40.43,0,40.43,0,40.43,9022.05767998291,40.43,2001,40.43,7378.92101809748,40.43,2001
40.44,0,40.44,0,40.44,0,40.44,0,40.44,8689,40.44,1994,40.44,7314,40.44,2033,40.44,0,40.44,0,40.44,0,40.44,0,40.44,9022.05767998291,40.44,2001,40.44,7378.92101809748,40.44,2001
40.45,0,40.45,0,40.45,0,40.45,0,40.45,8847,40.45,2015,40.45,7380,40.45,1989,40.45,0,40.45,0,40.45,0,40.45,0,40.45,9202.09379863887,40.45,2001,40.45,7378.92101809748,40.45,2001
40.46,0,40.46,0,40.46,0,40.46,0,40.46,8926,40.46,1977,40.46,7393,40.46,1964,40.46,0,40.46,0,40.46,0,40.46,0,40.46,9202.09379863887,40.46,2001,40.46,7378.92101809748,40.46,2001
40.47,0,40.47,0,40.47,0,40.47,0,40.47,8977,40.47,1944,40.47,7403,40.47,1998,40.47,0,40.47,0,40.47,0,40.47,0,40.47,9269.47573778497,40.47,2001,40.47,7378.92101809748,40.47,2001
40.48,0,40.48,0,40.48,0,40.48,0,40.48,8981,40.48,1982,40.48,7364,40.48,2014,40.48,0,40.48,0,40.48,0,40.48,0,40.48,9269.47573778497,40.48,2001,40.48,7378.92101809748,40.48,2001
40.49,0,40.49,0,40.49,0,40.49,0,40.49,9053,40.49,2023,40.49,7320,40.49,1992,40.49,0,40.49,0,40.49,0,40.49,0,40.49,9449.51185644093,40.49,2001,40.49,7378.92101809748,40.49,2001
40.5,0,40.5,0,40.5,0,40.5,0,40.5,9191,40.5,1972,40.5,7392,40.5,1992,40.5,0,40.5,0,40.5,0,40.5,0,40.5,9516.89379558702,40.5,2001,40.5,7378.92101809748,40.5,2001
40.51,0,40.51,0,40.51,0,40.51,0,40.51,9298,40.51,2005,40.51,7488,40.51,2045,40.51,0,40.51,0,40.51,0,40.51,0,40.51,9516.89379558702,40.51,2001,40.51,7378.92101809748,40.51,2001
40.52,0,40.52,0,40.52,0,40.52,0,40.52,9302,40.52,1996,40.52,7314,40.52,1949,40.52,0,40.52,0,40.52,0,40.52,0,40.52,9719.39056062502,40.52,2001,40.52,7378.92101809748,40.52,2001
40.53,0,40.53,0,40.53,0,40.53,0,40.53,9378,40.53,1993,40.53,7471,40.53,2004,40.53,0,40.53,0,40.53,0,40.53,0,40.53,9764.6628009888,40.53,2001,40.53,7378.92101809748,40.53,2001
40.54,0,40.54,0,40.54,0,40.54,0,40.54,9510,40.54,1999,40.54,7350,40.54,1979,40.54,0,40.54,0,40.54,0,40.54,0,40.54,9809.58409375286,40.54,2001,40.54,7378.92101809748,40.54,2001
40.55,0,40.55,0,40.55,0,40.55,0,40.55,9615,40.55,2014,40.55,7354,40.55,1969,40.55,0,40.55,0,40.55,0,40.55,0,40.55,9809.58409375286,40.55,2001,40.55,7378.92101809748,40.55,2001
40.56,0,40.56,0,40.56,0,40.56,0,40.56,9654,40.56,2012,40.56,7348,40.56,2004,40.56,0,40.56,0,40.56,0,40.56,0,40.56,9809.58409375286,40.56,2001,40.56,7378.92101809748,40.56,2001
40.57,0,40.57,0,40.57,0,40.57,0,40.57,9553,40.57,2126,40.57,7327,40.57,2016,40.57,0,40.57,0,40.57,0,40.57,0,40.57,9809.58409375286,40.57,2001,40.57,7378.92101809748,40.57,2001
40.58,0,40.58,0,40.58,0,40.58,0,40.58,9677,40.58,1995,40.58,7351,40.58,1979,40.58,0,40.58,0,40.58,0,40.58,0,40.58,9809.58409375286,40.58,2001,40.58,7378.92101809748,40.58,2001
40.59,0,40.59,0,40.59,0,40.59,0,40.59,9706,40.59,1973,40.59,7368,40.59,2026,40.59,0,40.59,0,40.59,0,40.59,0,40.59,9854.50538651692,40.59,2001,40.59,7378.92101809748,40.59,2001
40.6,0,40.6,0,40.6,0,40.6,0,40.6,9757,40.6,1998,40.6,7396,40.6,2000,40.6,0,40.6,0,40.6,0,40.6,0,40.6,9854.50538651692,40.6,2001,40.6,7378.92101809748,40.6,2001
40.61,0,40.61,0,40.61,0,40.61,0,40.61,9810,40.61,2012,40.61,7417,40.61,1954,40.61,0,40.61,0,40.61,0,40.61,0,40.61,9854.50538651692,40.61,2001,40.61,7356.46037171545,40.61,2001
40.62,0,40.62,0,40.62,0,40.62,0,40.62,9724,40.62,1980,40.62,7392,40.62,1986,40.62,0,40.62,0,40.62,0,40.62,0,40.62,9854.50538651692,40.62,2001,40.62,7356.46037171545,40.62,2001
40.63,0,40.63,0,40.63,0,40.63,0,40.63,9753,40.63,1991,40.63,7373,40.63,2065,40.63,0,40.63,0,40.63,0,40.63,0,40.63,9854.50538651692,40.63,2001,40.63,7333.99972533341,40.63,2001
40.64,0,40.64,0,40.64,0,40.64,0,40.64,9798,40.64,2002,40.64,7365,40.64,1961,40.64,0,40.64,0,40.64,0,40.64,0,40.64,9854.50538651692,40.64,2001,40.64,7333.99972533341,40.64,2001
40.65,0,40.65,0,40.65,0,40.65,0,40.65,9787,40.65,1974,40.65,7356,40.65,2001,40.65,0,40.65,0,40.65,0,40.65,0,40.65,9854.50538651692,40.65,2001,40.65,7266.61778618732,40.65,2001
40.66,0,40.66,0,40.66,0,40.66,0,40.66,9854,40.66,1987,40.66,7363,40.66,1996,40.66,0,40.66,0,40.66,0,40.66,0,40.66,9854.50538651692,40.66,2001,40.66,7198.88489944151,40.66,2001
40.67,0,40.67,0,40.67,0,40.67,0,40.67,9833,40.67,2188,40.67,7317,40.67,1965,40.67,0,40.67,0,40.67,0,40.67,0,40.67,9832.04474013489,40.67,2001,40.67,7109.04231391339,40.67,2001
40.68,0,40.68,0,40.68,0,40.68,0,40.68,9877,40.68,2133,40.68,7367,40.68,2060,40.68,0,40.68,0,40.68,0,40.68,0,40.68,9787.12344737083,40.68,2001,40.68,7041.6603747673,40.68,2001
40.69,0,40.69,0,40.69,0,40.69,0,40.69,9797,40.69,1963,40.69,7118,40.69,2327,40.69,0,40.69,0,40.69,0,40.69,0,40.69,9787.12344737083,40.69,2001,40.69,7041.6603747673,40.69,2001
40.7,0,40.7,0,40.7,0,40.7,0,40.7,9802,40.7,2003,40.7,7168,40.7,2002,40.7,0,40.7,0,40.7,0,40.7,0,40.7,9696.92991424299,40.7,2001,40.7,6861.62425611133,40.7,2001
40.71,0,40.71,0,40.71,0,40.71,0,40.71,9798,40.71,1986,40.71,7167,40.71,1963,40.71,0,40.71,0,40.71,0,40.71,0,40.71,9674.46926786096,40.71,2001,40.71,6681.58813745537,40.71,2001
40.72,0,40.72,0,40.72,0,40.72,0,40.72,9722,40.72,2107,40.72,7018,40.72,1985,40.72,0,40.72,0,40.72,0,40.72,0,40.72,9674.46926786096,40.72,2001,40.72,6681.58813745537,40.72,2001
40.73,0,40.73,0,40.73,0,40.73,0,40.73,9723,40.73,2139,40.73,6959,40.73,1969,40.73,0,40.73,0,40.73,0,40.73,0,40.73,9629.5479750969,40.73,2001,40.73,6388.89783928953,40.73,2001
40.74,0,40.74,0,40.74,0,40.74,0,40.74,9684,40.74,1980,40.74,6880,40.74,2013,40.74,0,40.74,0,40.74,0,40.74,0,40.74,9629.5479750969,40.74,2001,40.74,6388.89783928953,40.74,2001
40.75,0,40.75,0,40.75,0,40.75,0,40.75,9626,40.75,1994,40.75,6738,40.75,2039,40.75,0,40.75,0,40.75,0,40.75,0,40.75,9516.89379558702,40.75,2001,40.75,5848.78948332164,40.75,2001
40.76,0,40.76,0,40.76,0,40.76,0,40.76,9636,40.76,1961,40.76,6600,40.76,2022,40.76,0,40.76,0,40.76,0,40.76,0,40.76,9471.97250282296,40.76,2001,40.76,5421.33530686361,40.76,2001
40.77,0,40.77,0,40.77,0,40.77,0,40.77,9631,40.77,2013,40.77,6372,40.77,1943,40.77,0,40.77,0,40.77,0,40.77,0,40.77,9404.59056367687,40.77,2001,40.77,5196.02694784387,40.77,2001
40.78,0,40.78,0,40.78,0,40.78,0,40.78,9534,40.78,1994,40.78,6126,40.78,2037,40.78,0,40.78,0,40.78,0,40.78,0,40.78,9404.59056367687,40.78,2001,40.78,5196.02694784387,40.78,2001
40.79,0,40.79,0,40.79,0,40.79,0,40.79,9425,40.79,2005,40.79,5877,40.79,2001,40.79,0,40.79,0,40.79,0,40.79,0,40.79,9111.90026551103,40.79,2001,40.79,4475.88247322001,40.79,2001
40.8,0,40.8,0,40.8,0,40.8,0,40.8,9441,40.8,1968,40.8,5695,40.8,2124,40.8,0,40.8,0,40.8,0,40.8,0,40.8,8842.02156132694,40.8,2001,40.8,4228.46441541795,40.8,2001
40.81,0,40.81,0,40.81,0,40.81,0,40.81,9420,40.81,1996,40.81,5302,40.81,2021,40.81,0,40.81,0,40.81,0,40.81,0,40.81,8842.02156132694,40.81,2001,40.81,4228.46441541795,40.81,2001
40.82,0,40.82,0,40.82,0,40.82,0,40.82,9232,40.82,2012,40.82,4992,40.82,2016,40.82,0,40.82,0,40.82,0,40.82,0,40.82,8526.87061677908,40.82,2001,40.82,3958.23476363414,40.82,2001
40.83,0,40.83,0,40.83,0,40.83,0,40.83,9116,40.83,1962,40.83,4800,40.83,2002,40.83,0,40.83,0,40.83,0,40.83,0,40.83,7356.46037171545,40.83,2001,40.83,2001,40.83,2001
40.84,0,40.84,0,40.84,0,40.84,0,40.84,8985,40.84,2038,40.84,4545,40.84,2028,40.84,0,40.84,0,40.84,0,40.84,0,40.84,5038.45147556993,40.84,2001,40.84,2001,40.84,2001
40.85,0,40.85,0,40.85,0,40.85,0,40.85,8381,40.85,2021,40.85,3455,40.85,2026,40.85,0,40.85,0,40.85,0,40.85,0,40.85,4971.06953642384,40.85,2001,40.85,2001,40.85,2001
40.86,0,40.86,0,40.86,0,40.86,0,40.86,6873,40.86,2013,40.86,3088,40.86,2017,40.86,0,40.86,0,40.86,0,40.86,0,40.86,4341.11859492782,40.86,2001,40.86,2001,40.86,2001
40.87,0,40.87,0,40.87,0,40.87,0,40.87,6219,40.87,2073,40.87,2867,40.87,2015,40.87,0,40.87,0,40.87,0,40.87,0,40.87,4341.11859492782,40.87,2001,40.87,2001,40.87,2001
40.88,0,40.88,0,40.88,0,40.88,0,40.88,5712,40.88,2011,40.88,2687,40.88,2027,40.88,0,40.88,0,40.88,0,40.88,0,40.88,2001,40.88,2001,40.88,2001,40.88,2001
40.89,0,40.89,0,40.89,0,40.89,0,40.89,5316,40.89,2009,40.89,2539,40.89,1978,40.89,0,40.89,0,40.89,0,40.89,0,40.89,2001,40.89,2001,40.89,2001,40.89,2001
40.9,0,40.9,0,40.9,0,40.9,0,40.9,3921,40.9,1967,40.9,2448,40.9,2004,40.9,0,40.9,0,40.9,0,40.9,0,40.9,2001,40.9,2001,40.9,2001,40.9,2001
40.91,0,40.91,0,40.91,0,40.91,0,40.91,3478,40.91,2026,40.91,2349,40.91,2024,40.91,0,40.91,0,40.91,0,40.91,0,40.91,2001,40.91,2001,40.91,2001,40.91,2001
40.92,0,40.92,0,40.92,0,40.92,0,40.92,3234,40.92,2141,40.92,2275,40.92,1996,40.92,0,40.92,0,40.92,0,40.92,0,40.92,2001,40.92,2001,40.92,2001,40.92,2001
40.93,0,40.93,0,40.93,0,40.93,0,40.93,3074,40.93,2129,40.93,2273,40.93,1955,40.93,0,40.93,0,40.93,0,40.93,0,40.93,2001,40.93,2001,40.93,2001,40.93,2001
40.94,0,40.94,0,40.94,0,40.94,0,40.94,2829,40.94,2101,40.94,2192,40.94,2087,40.94,0,40.94,0,40.94,0,40.94,0,40.94,2001,40.94,2001,40.94,2001,40.94,2001
40.95,0,40.95,0,40.95,0,40.95,0,40.95,2752,40.95,1997,40.95,2148,40.95,2075,40.95,0,40.95,0,40.95,0,40.95,0,40.95,2001,40.95,2001,40.95,2001,40.95,2001
40.96,0,40.96,0,40.96,0,40.96,0,40.96,2570,40.96,2002,40.96,2125,40.96,2012,40.96,0,40.96,0,40.96,0,40.96,0,40.96,2001,40.96,2001,40.96,2001,40.96,2001
40.97,0,40.97,0,40.97,0,40.97,0,40.97,2506,40.97,2048,40.97,2070,40.97,1940,40.97,0,40.97,0,40.97,0,40.97,0,40.97,2001,40.97,2001,40.97,2001,40.97,2001
40.98,0,40.98,0,40.98,0,40.98,0,40.98,2420,40.98,1959,40.98,2046,40.98,1981,40.98,0,40.98,0,40.98,0,40.98,0,40.98,2001,40.98,2001,40.98,2001,40.98,2001
40.99,0,40.99,0,40.99,0,40.99,0,40.99,2364,40.99,1949,40.99,2088,40.99,2037,40.99,0,40.99,0,40.99,0,40.99,0,40.99,2001,40.99,2001,40.99,2001,40.99,2001
41,0,41,0,41,0,41,0,41,2414,41,2021,41,2055,41,1999,41,0,41,0,41,0,41,0,41,2001,41,2001,41,2001,41,2001
41.01,0,41.01,0,41.01,0,41.01,0,41.01,2263,41.01,1985,41.01,1991,41.01,1994,41.01,0,41.01,0,41.01,0,41.01,0,41.01,2001,41.01,2001,41.01,2001,41.01,2001
41.02,0,41.02,0,41.02,0,41.02,0,41.02,2224,41.02,1935,41.02,2012,41.02,1994,41.02,0,41.02,0,41.02,0,41.02,0,41.02,2001,41.02,2001,41.02,2001,41.02,2001
41.03,0,41.03,0,41.03,0,41.03,0,41.03,2184,41.03,2003,41.03,1958,41.03,1986,41.03,0,41.03,0,41.03,0,41.03,0,41.03,2001,41.03,2001,41.03,2001,41.03,2001
41.04,0,41.04,0,41.04,0,41.04,0,41.04,2153,41.04,2011,41.04,1967,41.04,1975,41.04,0,41.04,0,41.04,0,41.04,0,41.04,2001,41.04,2001,41.04,2001,41.04,2001
41.05,0,41.05,0,41.05,0,41.05,0,41.05,2087,41.05,1997,41.05,1960,41.05,2013,41.05,0,41.05,0,41.05,0,41.05,0,41.05,2001,41.05,2001,41.05,2001,41.05,2001
41.06,0,41.06,0,41.06,0,41.06,0,41.06,2113,41.06,2007,41.06,1970,41.06,1999,41.06,0,41.06,0,41.06,0,41.06,0,41.06,2001,41.06,2001,41.06,2001,41.06,2001
41.07,0,41.07,0,41.07,0,41.07,0,41.07,2062,41.07,2017,41.07,2007,41.07,1998,41.07,0,41.07,0,41.07,0,41.07,0,41.07,2001,41.07,2001,41.07,2001,41.07,2001
41.08,0,41.08,0,41.08,0,41.08,0,41.08,2069,41.08,2002,41.08,1970,41.08,2012,41.08,0,41.08,0,41.08,0,41.08,0,41.08,2001,41.08,2001,41.08,2001,41.08,2001
41.09,0,41.09,0,41.09,0,41.09,0,41.09,2059,41.09,1982,41.09,2017,41.09,2016,41.09,0,41.09,0,41.09,0,41.09,0,41.09,2001,41.09,2001,41.09,2001,41.09,2001
41.1,0,41.1,0,41.1,0,41.1,0,41.1,2033,41.1,1986,41.1,1918,41.1,1961,41.1,0,41.1,0,41.1,0,41.1,0,41.1,2001,41.1,2001,41.1,2001,41.1,2001
41.11,0,41.11,0,41.11,0,41.11,0,41.11,2040,41.11,1973,41.11,2005,41.11,1999,41.11,0,41.11,0,41.11,0,41.11,0,41.11,2001,41.11,2001,41.11,2001,41.11,2001
41.12,0,41.12,0,41.12,0,41.12,0,41.12,2034,41.12,2004,41.12,1944,41.12,2000,41.12,0,41.12,0,41.12,0,41.12,0,41.12,2001,41.12,2001,41.12,2001,41.12,2001
41.13,0,41.13,0,41.13,0,41.13,0,41.13,2006,41.13,1983,41.13,1955,41.13,2161,41.13,0,41.13,0,41.13,0,41.13,0,41.13,2001,41.13,2001,41.13,2001,41.13,2001
41.14,0,41.14,0,41.14,0,41.14,0,41.14,2031,41.14,1948,41.14,1994,41.14,1994,41.14,0,41.14,0,41.14,0,41.14,0,41.14,2001,41.14,2001,41.14,2001,41.14,2001
41.15,0,41.15,0,41.15,0,41.15,0,41.15,1957,41.15,1993,41.15,2015,41.15,2014,41.15,0,41.15,0,41.15,0,41.15,0,41.15,2001,41.15,2001,41.15,2001,41.15,2001
41.16,0,41.16,0,41.16,0,41.16,0,41.16,1989,41.16,1998,41.16,1978,41.16,1978,41.16,0,41.16,0,41.16,0,41.16,0,41.16,2001,41.16,2001,41.16,2001,41.16,2001
41.17,0,41.17,0,41.17,0,41.17,0,41.17,2009,41.17,2018,41.17,1975,41.17,2039,41.17,0,41.17,0,41.17,0,41.17,0,41.17,2001,41.17,2001,41.17,2001,41.17,2001
41.18,0,41.18,0,41.18,0,41.18,0,41.18,1980,41.18,2013,41.18,2054,41.18,2114,41.18,0,41.18,0,41.18,0,41.18,0,41.18,2001,41.18,2001,41.18,2001,41.18,2001
41.19,0,41.19,0,41.19,0,41.19,0,41.19,2013,41.19,2130,41.19,1996,41.19,1965,41.19,0,41.19,0,41.19,0,41.19,0,41.19,2001,41.19,2001,41.19,2001,41.19,2001
41.2,0,41.2,0,41.2,0,41.2,0,41.2,1987,41.2,1958,41.2,2046,41.2,1997,41.2,0,41.2,0,41.2,0,41.2,0,41.2,2001,41.2,2001,41.2,2001,41.2,2001
41.21,0,41.21,0,41.21,0,41.21,0,41.21,1968,41.21,1947,41.21,2000,41.21,2000,41.21,0,41.21,0,41.21,0,41.21,0,41.21,2001,41.21,2001,41.21,2001,41.21,2001
41.22,0,41.22,0,41.22,0,41.22,0,41.22,2014,41.22,2034,41.22,1978,41.22,1993,41.22,0,41.22,0,41.22,0,41.22,0,41.22,2001,41.22,2001,41.22,2001,41.22,2001
41.23,0,41.23,0,41.23,0,41.23,0,41.23,1991,41.23,1978,41.23,1964,41.23,2006,41.23,0,41.23,0,41.23,0,41.23,0,41.23,2001,41.23,2001,41.23,2001,41.23,2001
41.24,0,41.24,0,41.24,0,41.24,0,41.24,1936,41.24,1943,41.24,1987,41.24,1997,41.24,0,41.24,0,41.24,0,41.24,0,41.24,2001,41.24,2001,41.24,2001,41.24,2001
41.25,0,41.25,0,41.25,0,41.25,0,41.25,1998,41.25,1990,41.25,1906,41.25,1972,41.25,0,41.25,0,41.25,0,41.25,0,41.25,2001,41.25,2001,41.25,2001,41.25,2001
41.26,0,41.26,0,41.26,0,41.26,0,41.26,1957,41.26,2003,41.26,1977,41.26,2045,41.26,0,41.26,0,41.26,0,41.26,0,41.26,2001,41.26,2001,41.26,2001,41.26,2001
41.27,0,41.27,0,41.27,0,41.27,0,41.27,1997,41.27,2135,41.27,1986,41.27,1923,41.27,0,41.27,0,41.27,0,41.27,0,41.27,2001,41.27,2001,41.27,2001,41.27,2001
41.28,0,41.28,0,41.28,0,41.28,0,41.28,1998,41.28,2007,41.28,1991,41.28,1993,41.28,0,41.28,0,41.28,0,41.28,0,41.28,2001,41.28,2001,41.28,2001,41.28,2001
41.29,0,41.29,0,41.29,0,41.29,0,41.29,2106,41.29,2002,41.29,2050,41.29,2050,41.29,0,41.29,0,41.29,0,41.29,0,41.29,2001,41.29,2001,41.29,2001,41.29,2001
41.3,0,41.3,0,41.3,0,41.3,0,41.3,1993,41.3,1960,41.3,2033,41.3,1983,41.3,0,41.3,0,41.3,0,41.3,0,41.3,2001,41.3,2001,41.3,2001,41.3,2001
41.31,0,41.31,0,41.31,0,41.31,0,41.31,2008,41.31,2005,41.31,1996,41.31,2108,41.31,0,41.31,0,41.31,0,41.31,0,41.31,2001,41.31,2001,41.31,2001,41.31,2001
41.32,0,41.32,0,41.32,0,41.32,0,41.32,1997,41.32,2126,41.32,1986,41.32,1992,41.32,0,41.32,0,41.32,0,41.32,0,41.32,2001,41.32,2001,41.32,2001,41.32,2001
41.33,0,41.33,0,41.33,0,41.33,0,41.33,1998,41.33,2032,41.33,2008,41.33,1987,41.33,0,41.33,0,41.33,0,41.33,0,41.33,2001,41.33,2001,41.33,2001,41.33,2001
41.34,0,41.34,0,41.34,0,41.34,0,41.34,2010,41.34,2006,41.34,1942,41.34,1930,41.34,0,41.34,0,41.34,0,41.34,0,41.34,2001,41.34,2001,41.34,2001,41.34,2001
41.35,0,41.35,0,41.35,0,41.35,0,41.35,1997,41.35,1998,41.35,2019,41.35,2088,41.35,0,41.35,0,41.35,0,41.35,0,41.35,2001,41.35,2001,41.35,2001,41.35,2001
41.36,0,41.36,0,41.36,0,41.36,0,41.36,2012,41.36,2014,41.36,2002,41.36,2005,41.36,0,41.36,0,41.36,0,41.36,0,41.36,2001,41.36,2001,41.36,2001,41.36,2001
41.37,0,41.37,0,41.37,0,41.37,0,41.37,1975,41.37,2096,41.37,1996,41.37,1962,41.37,0,41.37,0,41.37,0,41.37,0,41.37,2001,41.37,2001,41.37,2001,41.37,2001
41.38,0,41.38,0,41.38,0,41.38,0,41.38,2012,41.38,1979,41.38,1984,41.38,2004,41.38,0,41.38,0,41.38,0,41.38,0,41.38,2001,41.38,2001,41.38,2001,41.38,2001
41.39,0,41.39,0,41.39,0,41.39,0,41.39,1945,41.39,1998,41.39,1998,41.39,1994,41.39,0,41.39,0,41.39,0,41.39,0,41.39,2001,41.39,2001,41.39,2001,41.39,2001
41.4,0,41.4,0,41.4,0,41.4,0,41.4,1981,41.4,1973,41.4,1992,41.4,1994,41.4,0,41.4,0,41.4,0,41.4,0,41.4,2001,41.4,2001,41.4,2001,41.4,2001
41.41,0,41.41,0,41.41,0,41.41,0,41.41,1962,41.41,1986,41.41,1984,41.41,1991,41.41,0,41.41,0,41.41,0,41.41,0,41.41,2001,41.41,2001,41.41,2001,41.41,2001
41.42,0,41.42,0,41.42,0,41.42,0,41.42,2026,41.42,2122,41.42,1975,41.42,1983,41.42,0,41.42,0,41.42,0,41.42,0,41.42,2001,41.42,2001,41.42,2001,41.42,2001
41.43,0,41.43,0,41.43,0,41.43,0,41.43,1960,41.43,1996,41.43,2032,41.43,2034,41.43,0,41.43,0,41.43,0,41.43,0,41.43,2001,41.43,2001,41.43,2001,41.43,2001
41.44,0,41.44,0,41.44,0,41.44,0,41.44,1960,41.44,2001,41.44,1990,41.44,1989,41.44,0,41.44,0,41.44,0,41.44,0,41.44,2001,41.44,2001,41.44,2001,41.44,2001
41.45,0,41.45,0,41.45,0,41.45,0,41.45,1984,41.45,1961,41.45,1994,41.45,2069,41.45,0,41.45,0,41.45,0,41.45,0,41.45,2001,41.45,2001,41.45,2001,41.45,2001
41.46,0,41.46,0,41.46,0,41.46,0,41.46,1978,41.46,1998,41.46,2006,41.46,1995,41.46,0,41.46,0,41.46,0,41.46,0,41.46,2001,41.46,2001,41.46,2001,41.46,2001
41.47,0,41.47,0,41.47,0,41.47,0,41.47,1944,41.47,1984,41.47,2093,41.47,1944,41.47,0,41.47,0,41.47,0,41.47,0,41.47,2001,41.47,2001,41.47,2001,41.47,2001
41.48,0,41.48,0,41.48,0,41.48,0,41.48,1996,41.48,1981,41.48,1999,41.48,1994,41.48,0,41.48,0,41.48,0,41.48,0,41.48,2001,41.48,2001,41.48,2001,41.48,2001
41.49,0,41.49,0,41.49,0,41.49,0,41.49,1978,41.49,2001,41.49,1994,41.49,2052,41.49,0,41.49,0,41.49,0,41.49,0,41.49,2001,41.49,2001,41.49,2001,41.49,2001
41.5,0,41.5,0,41.5,0,41.5,0,41.5,2017,41.5,1990,41.5,2260,41.5,1999,41.5,0,41.5,0,41.5,0,41.5,0,41.5,2001,41.5,2001,41.5,2001,41.5,2001
41.51,0,41.51,0,41.51,0,41.51,0,41.51,1995,41.51,1995,41.51,1915,41.51,2006,41.51,0,41.51,0,41.51,0,41.51,0,41.51,2001,41.51,2001,41.51,2001,41.51,2001
41.52,0,41.52,0,41.52,0,41.52,0,41.52,2023,41.52,2004,41.52,1991,41.52,1978,41.52,0,41.52,0,41.52,0,41.52,0,41.52,2001,41.52,2001,41.52,2001,41.52,2001
41.53,0,41.53,0,41.53,0,41.53,0,41.53,1991,41.53,1987,41.53,2338,41.53,1986,41.53,0,41.53,0,41.53,0,41.53,0,41.53,2001,41.53,2001,41.53,2001,41.53,2001
41.54,0,41.54,0,41.54,0,41.54,0,41.54,2002,41.54,2013,41.54,1980,41.54,2004,41.54,0,41.54,0,41.54,0,41.54,0,41.54,2001,41.54,2001,41.54,2001,41.54,2001
41.55,0,41.55,0,41.55,0,41.55,0,41.55,2023,41.55,2007,41.55,1971,41.55,2002,41.55,0,41.55,0,41.55,0,41.55,0,41.55,2001,41.55,2001,41.55,2001,41.55,2001
41.56,0,41.56,0,41.56,0,41.56,0,41.56,1990,41.56,1926,41.56,2024,41.56,2010,41.56,0,41.56,0,41.56,0,41.56,0,41.56,2001,41.56,2001,41.56,2001,41.56,2001
41.57,0,41.57,0,41.57,0,41.57,0,41.57,1988,41.57,1995,41.57,2013,41.57,2020,41.57,0,41.57,0,41.57,0,41.57,0,41.57,2001,41.57,2001,41.57,2001,41.57,2001
41.58,0,41.58,0,41.58,0,41.58,0,41.58,1990,41.58,1999,41.58,2049,41.58,1993,41.58,0,41.58,0,41.58,0,41.58,0,41.58,2001,41.58,2001,41.58,2001,41.58,2001
41.59,0,41.59,0,41.59,0,41.59,0,41.59,2002,41.59,1997,41.59,1982,41.59,1932,41.59,0,41.59,0,41.59,0,41.59,0,41.59,2001,41.59,2001,41.59,2001,41.59,2001
41.6,0,41.6,0,41.6,0,41.6,0,41.6,1986,41.6,1983,41.6,1997,41.6,2018,41.6,0,41.6,0,41.6,0,41.6,0,41.6,2001,41.6,2001,41.6,2001,41.6,2001
41.61,0,41.61,0,41.61,0,41.61,0,41.61,2040,41.61,2001,41.61,2112,41.61,1984,41.61,0,41.61,0,41.61,0,41.61,0,41.61,2001,41.61,2001,41.61,2001,41.61,25000
41.62,0,41.62,0,41.62,0,41.62,0,41.62,1979,41.62,2135,41.62,2007,41.62,1980,41.62,0,41.62,0,41.62,0,41.62,0,41.62,2001,41.62,2001,41.62,2001,41.62,25000
41.63,0,41.63,0,41.63,0,41.63,0,41.63,1986,41.63,1968,41.63,1984,41.63,2963,41.63,0,41.63,0,41.63,0,41.63,0,41.63,10372.1530961028,41.63,25000,41.63,15413.1644184698,41.63,25000
41.64,0,41.64,0,41.64,0,41.64,0,41.64,1997,41.64,1983,41.64,2007,41.64,4979,41.64,0,41.64,0,41.64,0,41.64,0,41.64,10372.1530961028,41.64,25000,41.64,15413.1644184698,41.64,25000
41.65,0,41.65,0,41.65,0,41.65,0,41.65,2818,41.65,2775,41.65,2509,41.65,7901,41.65,0,41.65,0,41.65,0,41.65,0,41.65,22929.7601092563,41.65,25000,41.65,25000,41.65,25000
41.66,0,41.66,0,41.66,0,41.66,0,41.66,3911,41.66,3864,41.66,3095,41.66,12895,41.66,0,41.66,0,41.66,0,41.66,0,41.66,22929.7601092563,41.66,25000,41.66,25000,41.66,25000
41.67,0,41.67,0,41.67,0,41.67,0,41.67,6161,41.67,6452,41.67,4248,41.67,16036,41.67,0,41.67,0,41.67,0,41.67,0,41.67,25000,41.67,25000,41.67,25000,41.67,25000
41.68,0,41.68,0,41.68,0,41.68,0,41.68,10235,41.68,10802,41.68,6264,41.68,16676,41.68,0,41.68,0,41.68,0,41.68,0,41.68,25000,41.68,25000,41.68,25000,41.68,25000
41.69,0,41.69,0,41.69,0,41.69,0,41.69,14517,41.69,14539,41.69,9326,41.69,17563,41.69,0,41.69,0,41.69,0,41.69,0,41.69,25000,41.69,25000,41.69,25000,41.69,25000
41.7,0,41.7,0,41.7,0,41.7,0,41.7,16893,41.7,16429,41.7,11305,41.7,18295,41.7,0,41.7,0,41.7,0,41.7,0,41.7,25000,41.7,25000,41.7,25000,41.7,25000
41.71,0,41.71,0,41.71,0,41.71,0,41.71,18137,41.71,17594,41.71,13416,41.71,18849,41.71,0,41.71,0,41.71,0,41.71,0,41.71,25000,41.71,25000,41.71,25000,41.71,25000
41.72,0,41.72,0,41.72,0,41.72,0,41.72,18977,41.72,18465,41.72,14730,41.72,19154,41.72,0,41.72,0,41.72,0,41.72,0,41.72,25000,41.72,25000,41.72,25000,41.72,25000
41.73,0,41.73,0,41.73,0,41.73,0,41.73,19467,41.73,18986,41.73,15762,41.73,19444,41.73,0,41.73,0,41.73,0,41.73,0,41.73,25000,41.73,25000,41.73,25000,41.73,25000
41.74,0,41.74,0,41.74,0,41.74,0,41.74,19792,41.74,19361,41.74,16492,41.74,19573,41.74,0,41.74,0,41.74,0,41.74,0,41.74,25000,41.74,25000,41.74,25000,41.74,25000
41.75,0,41.75,0,41.75,0,41.75,0,41.75,19955,41.75,19572,41.75,16966,41.75,19750,41.75,0,41.75,0,41.75,0,41.75,0,41.75,25000,41.75,25000,41.75,25000,41.75,25000
41.76,0,41.76,0,41.76,0,41.76,0,41.76,20108,41.76,19759,41.76,17285,41.76,19876,41.76,0,41.76,0,41.76,0,41.76,0,41.76,25000,41.76,25000,41.76,25000,41.76,25000
41.77,0,41.77,0,41.77,0,41.77,0,41.77,20121,41.77,19876,41.77,17489,41.77,19870,41.77,0,41.77,0,41.77,0,41.77,0,41.77,25000,41.77,25000,41.77,25000,41.77,25000
41.78,0,41.78,0,41.78,0,41.78,0,41.78,20133,41.78,19902,41.78,17628,41.78,20003,41.78,0,41.78,0,41.78,0,41.78,0,41.78,25000,41.78,25000,41.78,25000,41.78,25000
41.79,0,41.79,0,41.79,0,41.79,0,41.79,20148,41.79,19898,41.79,17739,41.79,20000,41.79,0,41.79,0,41.79,0,41.79,0,41.79,25000,41.79,25000,41.79,25000,41.79,25000
41.8,0,41.8,0,41.8,0,41.8,0,41.8,20189,41.8,19942,41.8,17769,41.8,19992,41.8,0,41.8,0,41.8,0,41.8,0,41.8,25000,41.8,25000,41.8,25000,41.8,25000
41.81,0,41.81,0,41.81,0,41.81,0,41.81,20245,41.81,19928,41.81,17866,41.81,20029,41.81,0,41.81,0,41.81,0,41.81,0,41.81,25000,41.81,25000,41.81,25000,41.81,25000
41.82,0,41.82,0,41.82,0,41.82,0,41.82,20259,41.82,19929,41.82,17895,41.82,20091,41.82,0,41.82,0,41.82,0,41.82,0,41.82,25000,41.82,25000,41.82,25000,41.82,25000
41.83,0,41.83,0,41.83,0,41.83,0,41.83,20201,41.83,19997,41.83,17812,41.83,20109,41.83,0,41.83,0,41.83,0,41.83,0,41.83,25000,41.83,25000,41.83,25000,41.83,25000
41.84,0,41.84,0,41.84,0,41.84,0,41.84,20162,41.84,19939,41.84,17876,41.84,20073,41.84,0,41.84,0,41.84,0,41.84,0,41.84,25000,41.84,25000,41.84,25000,41.84,25000
41.85,0,41.85,0,41.85,0,41.85,0,41.85,20194,41.85,19996,41.85,17901,41.85,20101,41.85,0,41.85,0,41.85,0,41.85,0,41.85,25000,41.85,25000,41.85,25000,41.85,25000
41.86,0,41.86,0,41.86,0,41.86,0,41.86,20168,41.86,20070,41.86,17908,41.86,20090,41.86,0,41.86,0,41.86,0,41.86,0,41.86,25000,41.86,25000,41.86,25000,41.86,25000
41.87,0,41.87,0,41.87,0,41.87,0,41.87,20206,41.87,20078,41.87,17909,41.87,20077,41.87,0,41.87,0,41.87,0,41.87,0,41.87,25000,41.87,25000,41.87,25000,41.87,25000
41.88,0,41.88,0,41.88,0,41.88,0,41.88,20246,41.88,20088,41.88,17892,41.88,20111,41.88,0,41.88,0,41.88,0,41.88,0,41.88,25000,41.88,25000,41.88,25000,41.88,25000
41.89,0,41.89,0,41.89,0,41.89,0,41.89,20223,41.89,20108,41.89,17836,41.89,20078,41.89,0,41.89,0,41.89,0,41.89,0,41.89,25000,41.89,25000,41.89,25000,41.89,25000
41.9,0,41.9,0,41.9,0,41.9,0,41.9,20120,41.9,20150,41.9,17902,41.9,20094,41.9,0,41.9,0,41.9,0,41.9,0,41.9,25000,41.9,25000,41.9,25000,41.9,25000
41.91,0,41.91,0,41.91,0,41.91,0,41.91,20191,41.91,20138,41.91,17861,41.91,20156,41.91,0,41.91,0,41.91,0,41.91,0,41.91,25000,41.91,25000,41.91,25000,41.91,25000
41.92,0,41.92,0,41.92,0,41.92,0,41.92,20227,41.92,20086,41.92,17913,41.92,20163,41.92,0,41.92,0,41.92,0,41.92,0,41.92,25000,41.92,25000,41.92,25000,41.92,25000
41.93,0,41.93,0,41.93,0,41.93,0,41.93,20172,41.93,20059,41.93,17810,41.93,20213,41.93,0,41.93,0,41.93,0,41.93,0,41.93,25000,41.93,25000,41.93,25000,41.93,25000
41.94,0,41.94,0,41.94,0,41.94,0,41.94,20236,41.94,19977,41.94,17934,41.94,20126,41.94,0,41.94,0,41.94,0,41.94,0,41.94,25000,41.94,25000,41.94,25000,41.94,25000
41.95,0,41.95,0,41.95,0,41.95,0,41.95,20227,41.95,19986,41.95,17817,41.95,20145,41.95,0,41.95,0,41.95,0,41.95,0,41.95,25000,41.95,25000,41.95,25000,41.95,25000
41.96,0,41.96,0,41.96,0,41.96,0,41.96,20230,41.96,20048,41.96,17852,41.96,20118,41.96,0,41.96,0,41.96,0,41.96,0,41.96,25000,41.96,25000,41.96,25000,41.96,25000
41.97,0,41.97,0,41.97,0,41.97,0,41.97,20188,41.97,19972,41.97,17782,41.97,20152,41.97,0,41.97,0,41.97,0,41.97,0,41.97,25000,41.97,25000,41.97,25000,41.97,25000
41.98,0,41.98,0,41.98,0,41.98,0,41.98,20188,41.98,19958,41.98,17850,41.98,20145,41.98,0,41.98,0,41.98,0,41.98,0,41.98,25000,41.98,25000,41.98,25000,41.98,25000
41.99,0,41.99,0,41.99,0,41.99,0,41.99,20162,41.99,19880,41.99,17930,41.99,20055,41.99,0,41.99,0,41.99,0,41.99,0,41.99,25000,41.99,25000,41.99,25000,41.99,25000
42,0,42,0,42,0,42,0,42,20187,42,19896,42,17785,42,20066,42,0,42,0,42,0,42,0,42,25000,42,25000,42,25000,42,25000
42.01,0,42.01,0,42.01,0,42.01,0,42.01,20217,42.01,19798,42.01,17892,42.01,20095,42.01,0,42.01,0,42.01,0,42.01,0,42.01,25000,42.01,25000,42.01,25000,42.01,25000
42.02,0,42.02,0,42.02,0,42.02,0,42.02,20208,42.02,19868,42.02,17884,42.02,20064,42.02,0,42.02,0,42.02,0,42.02,0,42.02,25000,42.02,25000,42.02,25000,42.02,25000
42.03,0,42.03,0,42.03,0,42.03,0,42.03,20243,42.03,19762,42.03,17918,42.03,20116,42.03,0,42.03,0,42.03,0,42.03,0,42.03,25000,42.03,25000,42.03,25000,42.03,25000
42.04,0,42.04,0,42.04,0,42.04,0,42.04,20236,42.04,19744,42.04,17895,42.04,20052,42.04,0,42.04,0,42.04,0,42.04,0,42.04,25000,42.04,25000,42.04,25000,42.04,25000
42.05,0,42.05,0,42.05,0,42.05,0,42.05,20142,42.05,19760,42.05,17837,42.05,20018,42.05,0,42.05,0,42.05,0,42.05,0,42.05,25000,42.05,25000,42.05,25000,42.05,25000
42.06,0,42.06,0,42.06,0,42.06,0,42.06,20228,42.06,19830,42.06,17807,42.06,20023,42.06,0,42.06,0,42.06,0,42.06,0,42.06,25000,42.06,25000,42.06,25000,42.06,25000
42.07,0,42.07,0,42.07,0,42.07,0,42.07,20210,42.07,19901,42.07,17852,42.07,20117,42.07,0,42.07,0,42.07,0,42.07,0,42.07,25000,42.07,25000,42.07,25000,42.07,25000
42.08,0,42.08,0,42.08,0,42.08,0,42.08,20224,42.08,19825,42.08,17901,42.08,20084,42.08,0,42.08,0,42.08,0,42.08,0,42.08,25000,42.08,25000,42.08,25000,42.08,25000
42.09,0,42.09,0,42.09,0,42.09,0,42.09,20236,42.09,19802,42.09,17875,42.09,20078,42.09,0,42.09,0,42.09,0,42.09,0,42.09,25000,42.09,25000,42.09,25000,42.09,25000
42.1,0,42.1,0,42.1,0,42.1,0,42.1,20214,42.1,19884,42.1,17863,42.1,20129,42.1,0,42.1,0,42.1,0,42.1,0,42.1,25000,42.1,25000,42.1,25000,42.1,25000
42.11,0,42.11,0,42.11,0,42.11,0,42.11,20268,42.11,19840,42.11,17846,42.11,20148,42.11,0,42.11,0,42.11,0,42.11,0,42.11,25000,42.11,25000,42.11,25000,42.11,25000
42.12,0,42.12,0,42.12,0,42.12,0,42.12,20270,42.12,19878,42.12,17922,42.12,20042,42.12,0,42.12,0,42.12,0,42.12,0,42.12,25000,42.12,25000,42.12,25000,42.12,25000
42.13,0,42.13,0,42.13,0,42.13,0,42.13,20234,42.13,19876,42.13,17788,42.13,20062,42.13,0,42.13,0,42.13,0,42.13,0,42.13,25000,42.13,25000,42.13,23064.8749351482,42.13,25000
42.14,0,42.14,0,42.14,0,42.14,0,42.14,20267,42.14,19924,42.14,17798,42.14,19965,42.14,0,42.14,0,42.14,0,42.14,0,42.14,24279.8555253761,42.14,2001,42.14,18271.2816705832,42.14,25000
42.15,0,42.15,0,42.15,0,42.15,0,42.15,20272,42.15,20001,42.15,17516,42.15,20040,42.15,0,42.15,0,42.15,0,42.15,0,42.15,24279.8555253761,42.15,2001,42.15,18271.2816705832,42.15,25000
42.16,0,42.16,0,42.16,0,42.16,0,42.16,20346,42.16,16900,42.16,16582,42.16,20276,42.16,0,42.16,0,42.16,0,42.16,0,42.16,13117.6161687063,42.16,2001,42.16,7086.58166753136,42.16,2001
42.17,0,42.17,0,42.17,0,42.17,0,42.17,20619,42.17,12672,42.17,15884,42.17,20465,42.17,0,42.17,0,42.17,0,42.17,0,42.17,2001,42.17,2001,42.17,2001,42.17,2001
42.18,0,42.18,0,42.18,0,42.18,0,42.18,17787,42.18,9251,42.18,13111,42.18,17375,42.18,0,42.18,0,42.18,0,42.18,0,42.18,2001,42.18,2001,42.18,2001,42.18,2001
42.19,0,42.19,0,42.19,0,42.19,0,42.19,13271,42.19,6692,42.19,9013,42.19,12963,42.19,0,42.19,0,42.19,0,42.19,0,42.19,2001,42.19,2001,42.19,2001,42.19,2001
42.2,0,42.2,0,42.2,0,42.2,0,42.2,10040,42.2,6062,42.2,6557,42.2,9805,42.2,0,42.2,0,42.2,0,42.2,0,42.2,2001,42.2,2001,42.2,2001,42.2,2001
42.21,0,42.21,0,42.21,0,42.21,0,42.21,7009,42.21,5369,42.21,5559,42.21,6896,42.21,0,42.21,0,42.21,0,42.21,0,42.21,2001,42.21,2001,42.21,2001,42.21,2001
42.22,0,42.22,0,42.22,0,42.22,0,42.22,6086,42.22,4932,42.22,5166,42.22,6091,42.22,0,42.22,0,42.22,0,42.22,0,42.22,2001,42.22,2001,42.22,2001,42.22,2001
42.23,0,42.23,0,42.23,0,42.23,0,42.23,5474,42.23,4528,42.23,4652,42.23,5428,42.23,0,42.23,0,42.23,0,42.23,0,42.23,2001,42.23,2001,42.23,2001,42.23,2001
42.24,0,42.24,0,42.24,0,42.24,0,42.24,5102,42.24,4220,42.24,4313,42.24,5058,42.24,0,42.24,0,42.24,0,42.24,0,42.24,2001,42.24,2001,42.24,2001,42.24,2001
42.25,0,42.25,0,42.25,0,42.25,0,42.25,4604,42.25,3859,42.25,3979,42.25,4640,42.25,0,42.25,0,42.25,0,42.25,0,42.25,2001,42.25,2001,42.25,2001,42.25,2001
42.26,0,42.26,0,42.26,0,42.26,0,42.26,4233,42.26,3577,42.26,3720,42.26,4239,42.26,0,42.26,0,42.26,0,42.26,0,42.26,2001,42.26,2001,42.26,2001,42.26,2001
42.27,0,42.27,0,42.27,0,42.27,0,42.27,3899,42.27,3360,42.27,3404,42.27,3946,42.27,0,42.27,0,42.27,0,42.27,0,42.27,2001,42.27,2001,42.27,2001,42.27,2001
42.28,0,42.28,0,42.28,0,42.28,0,42.28,3620,42.28,3136,42.28,3190,42.28,3686,42.28,0,42.28,0,42.28,0,42.28,0,42.28,2001,42.28,2001,42.28,2001,42.28,2001
42.29,0,42.29,0,42.29,0,42.29,0,42.29,3341,42.29,2942,42.29,2980,42.29,3470,42.29,0,42.29,0,42.29,0,42.29,0,42.29,2001,42.29,2001,42.29,2001,42.29,2001
42.3,0,42.3,0,42.3,0,42.3,0,42.3,3152,42.3,2789,42.3,2831,42.3,3180,42.3,0,42.3,0,42.3,0,42.3,0,42.3,2001,42.3,2001,42.3,2001,42.3,2001
42.31,0,42.31,0,42.31,0,42.31,0,42.31,2932,42.31,2650,42.31,2680,42.31,3005,42.31,0,42.31,0,42.31,0,42.31,0,42.31,2001,42.31,2001,42.31,2001,42.31,2001
42.32,0,42.32,0,42.32,0,42.32,0,42.32,2786,42.32,2624,42.32,2557,42.32,2812,42.32,0,42.32,0,42.32,0,42.32,0,42.32,2001,42.32,2001,42.32,2001,42.32,2001
42.33,0,42.33,0,42.33,0,42.33,0,42.33,2687,42.33,2503,42.33,2468,42.33,2702,42.33,0,42.33,0,42.33,0,42.33,0,42.33,2001,42.33,2001,42.33,2001,42.33,2001
42.34,0,42.34,0,42.34,0,42.34,0,42.34,2549,42.34,2430,42.34,2426,42.34,2594,42.34,0,42.34,0,42.34,0,42.34,0,42.34,2001,42.34,2001,42.34,2001,42.34,2001
42.35,0,42.35,0,42.35,0,42.35,0,42.35,2558,42.35,2341,42.35,2365,42.35,2530,42.35,0,42.35,0,42.35,0,42.35,0,42.35,2001,42.35,2001,42.35,2001,42.35,2001
42.36,0,42.36,0,42.36,0,42.36,0,42.36,2450,42.36,2310,42.36,2274,42.36,2436,42.36,0,42.36,0,42.36,0,42.36,0,42.36,2001,42.36,2001,42.36,2001,42.36,2001
42.37,0,42.37,0,42.37,0,42.37,0,42.37,2411,42.37,2251,42.37,2226,42.37,2259,42.37,0,42.37,0,42.37,0,42.37,0,42.37,2001,42.37,2001,42.37,2001,42.37,2001
42.38,0,42.38,0,42.38,0,42.38,0,42.38,2330,42.38,2231,42.38,2203,42.38,2312,42.38,0,42.38,0,42.38,0,42.38,0,42.38,2001,42.38,2001,42.38,2001,42.38,2001
42.39,0,42.39,0,42.39,0,42.39,0,42.39,2232,42.39,2300,42.39,2136,42.39,2276,42.39,0,42.39,0,42.39,0,42.39,0,42.39,2001,42.39,2001,42.39,2001,42.39,2001
42.4,0,42.4,0,42.4,0,42.4,0,42.4,2266,42.4,2184,42.4,2115,42.4,2230,42.4,0,42.4,0,42.4,0,42.4,0,42.4,2001,42.4,2001,42.4,2001,42.4,2001
42.41,0,42.41,0,42.41,0,42.41,0,42.41,2189,42.41,2146,42.41,2072,42.41,2223,42.41,0,42.41,0,42.41,0,42.41,0,42.41,2001,42.41,2001,42.41,2001,42.41,2001
42.42,0,42.42,0,42.42,0,42.42,0,42.42,2170,42.42,2122,42.42,2070,42.42,2118,42.42,0,42.42,0,42.42,0,42.42,0,42.42,2001,42.42,2001,42.42,2001,42.42,2001
42.43,0,42.43,0,42.43,0,42.43,0,42.43,2177,42.43,2107,42.43,2043,42.43,2141,42.43,0,42.43,0,42.43,0,42.43,0,42.43,2001,42.43,2001,42.43,2001,42.43,2001
42.44,0,42.44,0,42.44,0,42.44,0,42.44,2115,42.44,2077,42.44,1985,42.44,2105,42.44,0,42.44,0,42.44,0,42.44,0,42.44,2001,42.44,2001,42.44,2001,42.44,2001
42.45,0,42.45,0,42.45,0,42.45,0,42.45,2082,42.45,2079,42.45,1990,42.45,2099,42.45,0,42.45,0,42.45,0,42.45,0,42.45,2001,42.45,2001,42.45,2001,42.45,2001
42.46,0,42.46,0,42.46,0,42.46,0,42.46,2057,42.46,2057,42.46,1989,42.46,2074,42.46,0,42.46,0,42.46,0,42.46,0,42.46,2001,42.46,2001,42.46,2001,42.46,2001
42.47,0,42.47,0,42.47,0,42.47,0,42.47,2062,42.47,2004,42.47,1972,42.47,2076,42.47,0,42.47,0,42.47,0,42.47,0,42.47,2001,42.47,2001,42.47,2001,42.47,2001
42.48,0,42.48,0,42.48,0,42.48,0,42.48,2086,42.48,2030,42.48,1986,42.48,2042,42.48,0,42.48,0,42.48,0,42.48,0,42.48,2001,42.48,2001,42.48,2001,42.48,2001
42.49,0,42.49,0,42.49,0,42.49,0,42.49,2040,42.49,2011,42.49,1982,42.49,2065,42.49,0,42.49,0,42.49,0,42.49,0,42.49,2001,42.49,2001,42.49,2001,42.49,2001
42.5,0,42.5,0,42.5,0,42.5,0,42.5,1987,42.5,2035,42.5,1977,42.5,2056,42.5,0,42.5,0,42.5,0,42.5,0,42.5,2001,42.5,2001,42.5,2001,42.5,2001
42.51,0,42.51,0,42.51,0,42.51,0,42.51,2075,42.51,2005,42.51,1983,42.51,2005,42.51,0,42.51,0,42.51,0,42.51,0,42.51,2001,42.51,2001,42.51,2001,42.51,2001
42.52,0,42.52,0,42.52,0,42.52,0,42.52,1989,42.52,2079,42.52,1984,42.52,2027,42.52,0,42.52,0,42.52,0,42.52,0,42.52,2001,42.52,2001,42.52,2001,42.52,2001
42.53,0,42.53,0,42.53,0,42.53,0,42.53,1991,42.53,2024,42.53,2005,42.53,2008,42.53,0,42.53,0,42.53,0,42.53,0,42.53,2001,42.53,2001,42.53,2001,42.53,2001
42.54,0,42.54,0,42.54,0,42.54,0,42.54,2031,42.54,2005,42.54,1977,42.54,2001,42.54,0,42.54,0,42.54,0,42.54,0,42.54,2001,42.54,2001,42.54,2001,42.54,2001
42.55,0,42.55,0,42.55,0,42.55,0,42.55,1971,42.55,2005,42.55,2005,42.55,2040,42.55,0,42.55,0,42.55,0,42.55,0,42.55,2001,42.55,2001,42.55,2001,42.55,2001
42.56,0,42.56,0,42.56,0,42.56,0,42.56,2005,42.56,1983,42.56,2006,42.56,2019,42.56,0,42.56,0,42.56,0,42.56,0,42.56,2001,42.56,2001,42.56,2001,42.56,2001
42.57,0,42.57,0,42.57,0,42.57,0,42.57,2014,42.57,1990,42.57,1890,42.57,1961,42.57,0,42.57,0,42.57,0,42.57,0,42.57,2001,42.57,2001,42.57,2001,42.57,2001
42.58,0,42.58,0,42.58,0,42.58,0,42.58,1970,42.58,2026,42.58,1928,42.58,2023,42.58,0,42.58,0,42.58,0,42.58,0,42.58,2001,42.58,2001,42.58,2001,42.58,2001
42.59,0,42.59,0,42.59,0,42.59,0,42.59,2000,42.59,1986,42.59,1985,42.59,1987,42.59,0,42.59,0,42.59,0,42.59,0,42.59,2001,42.59,2001,42.59,2001,42.59,2001
42.6,0,42.6,0,42.6,0,42.6,0,42.6,2015,42.6,1989,42.6,2052,42.6,1952,42.6,0,42.6,0,42.6,0,42.6,0,42.6,2001,42.6,2001,42.6,2001,42.6,2001
42.61,0,42.61,0,42.61,0,42.61,0,42.61,2049,42.61,1988,42.61,1990,42.61,1987,42.61,0,42.61,0,42.61,0,42.61,0,42.61,2001,42.61,2001,42.61,2001,42.61,2001
42.62,0,42.62,0,42.62,0,42.62,0,42.62,1980,42.62,2002,42.62,1986,42.62,1991,42.62,0,42.62,0,42.62,0,42.62,0,42.62,2001,42.62,2001,42.62,2001,42.62,2001
42.63,0,42.63,0,42.63,0,42.63,0,42.63,1986,42.63,1976,42.63,1982,42.63,1991,42.63,0,42.63,0,42.63,0,42.63,0,42.63,2001,42.63,2001,42.63,2001,42.63,2001
42.64,0,42.64,0,42.64,0,42.64,0,42.64,1996,42.64,2077,42.64,2019,42.64,2014,42.64,0,42.64,0,42.64,0,42.64,0,42.64,2001,42.64,2001,42.64,2001,42.64,2001
42.65,0,42.65,0,42.65,0,42.65,0,42.65,1965,42.65,2064,42.65,2000,42.65,1997,42.65,0,42.65,0,42.65,0,42.65,0,42.65,2001,42.65,2001,42.65,2001,42.65,2001
42.66,0,42.66,0,42.66,0,42.66,0,42.66,2062,42.66,1984,42.66,2010,42.66,2000,42.66,0,42.66,0,42.66,0,42.66,0,42.66,2001,42.66,2001,42.66,2001,42.66,2001
42.67,0,42.67,0,42.67,0,42.67,0,42.67,2002,42.67,2043,42.67,1995,42.67,1976,42.67,0,42.67,0,42.67,0,42.67,0,42.67,2001,42.67,2001,42.67,2001,42.67,2001
42.68,0,42.68,0,42.68,0,42.68,0,42.68,2051,42.68,1989,42.68,1995,42.68,1941,42.68,0,42.68,0,42.68,0,42.68,0,42.68,2001,42.68,2001,42.68,2001,42.68,2001
42.69,0,42.69,0,42.69,0,42.69,0,42.69,1986,42.69,1950,42.69,1983,42.69,1975,42.69,0,42.69,0,42.69,0,42.69,0,42.69,2001,42.69,2001,42.69,2001,42.69,2001
42.7,0,42.7,0,42.7,0,42.7,0,42.7,2044,42.7,2038,42.7,2061,42.7,2026,42.7,0,42.7,0,42.7,0,42.7,0,42.7,2001,42.7,2001,42.7,2001,42.7,2001
42.71,0,42.71,0,42.71,0,42.71,0,42.71,2006,42.71,1952,42.71,1992,42.71,1987,42.71,0,42.71,0,42.71,0,42.71,0,42.71,2001,42.71,2001,42.71,2001,42.71,2001
42.72,0,42.72,0,42.72,0,42.72,0,42.72,1959,42.72,1989,42.72,1974,42.72,1993,42.72,0,42.72,0,42.72,0,42.72,0,42.72,2001,42.72,2001,42.72,2001,42.72,2001
42.73,0,42.73,0,42.73,0,42.73,0,42.73,2055,42.73,2004,42.73,2000,42.73,1998,42.73,0,42.73,0,42.73,0,42.73,0,42.73,2001,42.73,2001,42.73,2001,42.73,2001
42.74,0,42.74,0,42.74,0,42.74,0,42.74,1992,42.74,2010,42.74,1996,42.74,1993,42.74,0,42.74,0,42.74,0,42.74,0,42.74,2001,42.74,2001,42.74,2001,42.74,2001
42.75,0,42.75,0,42.75,0,42.75,0,42.75,1998,42.75,1932,42.75,1978,42.75,2009,42.75,0,42.75,0,42.75,0,42.75,0,42.75,2001,42.75,2001,42.75,2001,42.75,2001
42.76,0,42.76,0,42.76,0,42.76,0,42.76,2004,42.76,2030,42.76,1971,42.76,1934,42.76,0,42.76,0,42.76,0,42.76,0,42.76,2001,42.76,2001,42.76,2001,42.76,2001
42.77,0,42.77,0,42.77,0,42.77,0,42.77,2000,42.77,2098,42.77,1999,42.77,1913,42.77,0,42.77,0,42.77,0,42.77,0,42.77,2001,42.77,2001,42.77,2001,42.77,2001
42.78,0,42.78,0,42.78,0,42.78,0,42.78,2127,42.78,1987,42.78,1974,42.78,1950,42.78,0,42.78,0,42.78,0,42.78,0,42.78,2001,42.78,2001,42.78,2001,42.78,2001
42.79,0,42.79,0,42.79,0,42.79,0,42.79,2018,42.79,2012,42.79,1993,42.79,2010,42.79,0,42.79,0,42.79,0,42.79,0,42.79,2001,42.79,2001,42.79,2001,42.79,2001
42.8,0,42.8,0,42.8,0,42.8,0,42.8,1978,42.8,2012,42.8,1994,42.8,1943,42.8,0,42.8,0,42.8,0,42.8,0,42.8,2001,42.8,2001,42.8,2001,42.8,2001
42.81,0,42.81,0,42.81,0,42.81,0,42.81,2006,42.81,1942,42.81,1983,42.81,1988,42.81,0,42.81,0,42.81,0,42.81,0,42.81,2001,42.81,2001,42.81,2001,42.81,2001
42.82,0,42.82,0,42.82,0,42.82,0,42.82,1991,42.82,1980,42.82,1990,42.82,2026,42.82,0,42.82,0,42.82,0,42.82,0,42.82,2001,42.82,2001,42.82,2001,42.82,2001
42.83,0,42.83,0,42.83,0,42.83,0,42.83,1991,42.83,2022,42.83,1993,42.83,1992,42.83,0,42.83,0,42.83,0,42.83,0,42.83,2001,42.83,2001,42.83,2001,42.83,2001
42.84,0,42.84,0,42.84,0,42.84,0,42.84,2000,42.84,1974,42.84,1994,42.84,1997,42.84,0,42.84,0,42.84,0,42.84,0,42.84,2001,42.84,2001,42.84,2001,42.84,2001
42.85,0,42.85,0,42.85,0,42.85,0,42.85,1987,42.85,1992,42.85,1994,42.85,1999,42.85,0,42.85,0,42.85,0,42.85,0,42.85,2001,42.85,2001,42.85,2001,42.85,2001
42.86,0,42.86,0,42.86,0,42.86,0,42.86,1991,42.86,1989,42.86,2129,42.86,1994,42.86,0,42.86,0,42.86,0,42.86,0,42.86,2001,42.86,2001,42.86,2001,42.86,2001
42.87,0,42.87,0,42.87,0,42.87,0,42.87,2035,42.87,1993,42.87,2012,42.87,1993,42.87,0,42.87,0,42.87,0,42.87,0,42.87,2001,42.87,2001,42.87,2001,42.87,2001
42.88,0,42.88,0,42.88,0,42.88,0,42.88,2016,42.88,2003,42.88,2062,42.88,2011,42.88,0,42.88,0,42.88,0,42.88,0,42.88,2001,42.88,2001,42.88,2001,42.88,2001
42.89,0,42.89,0,42.89,0,42.89,0,42.89,1999,42.89,2003,42.89,1977,42.89,1994,42.89,0,42.89,0,42.89,0,42.89,0,42.89,2001,42.89,2001,42.89,2001,42.89,2001
42.9,0,42.9,0,42.9,0,42.9,0,42.9,2021,42.9,2074,42.9,1987,42.9,1986,42.9,0,42.9,0,42.9,0,42.9,0,42.9,2001,42.9,2001,42.9,2001,42.9,2001
42.91,0,42.91,0,42.91,0,42.91,0,42.91,1998,42.91,2029,42.91,1989,42.91,2017,42.91,0,42.91,0,42.91,0,42.91,0,42.91,2001,42.91,2001,42.91,2001,42.91,2001
42.92,0,42.92,0,42.92,0,42.92,0,42.92,2085,42.92,1996,42.92,2001,42.92,2019,42.92,0,42.92,0,42.92,0,42.92,0,42.92,2001,42.92,2001,42.92,2001,42.92,2001
42.93,0,42.93,0,42.93,0,42.93,0,42.93,1974,42.93,2006,42.93,1997,42.93,1996,42.93,0,42.93,0,42.93,0,42.93,0,42.93,2001,42.93,2001,42.93,2001,42.93,2001
42.94,0,42.94,0,42.94,0,42.94,0,42.94,1991,42.94,1996,42.94,2016,42.94,2096,42.94,0,42.94,0,42.94,0,42.94,0,42.94,2001,42.94,2001,42.94,2001,42.94,2001
42.95,0,42.95,0,42.95,0,42.95,0,42.95,1991,42.95,1931,42.95,2096,42.95,1964,42.95,0,42.95,0,42.95,0,42.95,0,42.95,2001,42.95,2001,42.95,2001,42.95,2001
42.96,0,42.96,0,42.96,0,42.96,0,42.96,2004,42.96,2061,42.96,2007,42.96,1984,42.96,0,42.96,0,42.96,0,42.96,0,42.96,2001,42.96,2001,42.96,2001,42.96,2001
42.97,0,42.97,0,42.97,0,42.97,0,42.97,1987,42.97,1989,42.97,1987,42.97,1988,42.97,0,42.97,0,42.97,0,42.97,0,42.97,2001,42.97,2001,42.97,2001,42.97,2001
42.98,0,42.98,0,42.98,0,42.98,0,42.98,1979,42.98,1971,42.98,2001,42.98,2013,42.98,0,42.98,0,42.98,0,42.98,0,42.98,2001,42.98,2001,42.98,2001,42.98,2001
42.99,0,42.99,0,42.99,0,42.99,0,42.99,1946,42.99,2061,42.99,1934,42.99,1975,42.99,0,42.99,0,42.99,0,42.99,0,42.99,2001,42.99,2001,42.99,2001,42.99,2001
43,0,43,0,43,0,43,0,43,1989,43,1988,43,1955,43,2043,43,0,43,0,43,0,43,0,43,2001,43,2001,43,2001,43,2001
43.01,0,43.01,0,43.01,0,43.01,0,43.01,1988,43.01,1992,43.01,2355,43.01,1990,43.01,0,43.01,0,43.01,0,43.01,0,43.01,2001,43.01,2001,43.01,2001,43.01,2001
43.02,0,43.02,0,43.02,0,43.02,0,43.02,1955,43.02,1986,43.02,1980,43.02,1981,43.02,0,43.02,0,43.02,0,43.02,0,43.02,2001,43.02,2001,43.02,2001,43.02,2001
43.03,0,43.03,0,43.03,0,43.03,0,43.03,2001,43.03,1989,43.03,1990,43.03,2022,43.03,0,43.03,0,43.03,0,43.03,0,43.03,2001,43.03,2001,43.03,2001,43.03,2001
43.04,0,43.04,0,43.04,0,43.04,0,43.04,2052,43.04,2011,43.04,1943,43.04,1990,43.04,0,43.04,0,43.04,0,43.04,0,43.04,2001,43.04,2001,43.04,2001,43.04,2001
43.05,0,43.05,0,43.05,0,43.05,0,43.05,1952,43.05,2009,43.05,1952,43.05,1987,43.05,0,43.05,0,43.05,0,43.05,0,43.05,2001,43.05,2001,43.05,2001,43.05,2001
43.06,0,43.06,0,43.06,0,43.06,0,43.06,1951,43.06,2000,43.06,1980,43.06,2014,43.06,0,43.06,0,43.06,0,43.06,0,43.06,2001,43.06,2001,43.06,2001,43.06,2001
43.07,0,43.07,0,43.07,0,43.07,0,43.07,2033,43.07,2112,43.07,2011,43.07,2029,43.07,0,43.07,0,43.07,0,43.07,0,43.07,2001,43.07,2001,43.07,2001,43.07,2001
43.08,0,43.08,0,43.08,0,43.08,0,43.08,1992,43.08,2021,43.08,2002,43.08,1988,43.08,0,43.08,0,43.08,0,43.08,0,43.08,5916.17142246773,43.08,2001,43.08,2833.09675893429,43.08,25000
43.09,0,43.09,0,43.09,0,43.09,0,43.09,1986,43.09,1977,43.09,1964,43.09,1989,43.09,0,43.09,0,43.09,0,43.09,0,43.09,8954.3247932371,43.09,25000,43.09,6838.81266212958,43.09,25000
43.1,0,43.1,0,43.1,0,43.1,0,43.1,2745,43.1,1989,43.1,2842,43.1,2729,43.1,0,43.1,0,43.1,0,43.1,0,43.1,8954.3247932371,43.1,25000,43.1,6838.81266212958,43.1,25000
43.11,0,43.11,0,43.11,0,43.11,0,43.11,4814,43.11,2587,43.11,3100,43.11,4184,43.11,0,43.11,0,43.11,0,43.11,0,43.11,23289.8323465682,43.11,25000,43.11,17483.7552568133,43.11,25000
43.12,0,43.12,0,43.12,0,43.12,0,43.12,6756,43.12,3773,43.12,4145,43.12,7134,43.12,0,43.12,0,43.12,0,43.12,0,43.12,25000,43.12,25000,43.12,22164.6943418683,43.12,25000
43.13,0,43.13,0,43.13,0,43.13,0,43.13,10821,43.13,5798,43.13,6149,43.13,11734,43.13,0,43.13,0,43.13,0,43.13,0,43.13,25000,43.13,25000,43.13,25000,43.13,25000
43.14,0,43.14,0,43.14,0,43.14,0,43.14,14701,43.14,9442,43.14,9665,43.14,14902,43.14,0,43.14,0,43.14,0,43.14,0,43.14,25000,43.14,25000,43.14,25000,43.14,25000
43.15,0,43.15,0,43.15,0,43.15,0,43.15,16604,43.15,13865,43.15,11158,43.15,16435,43.15,0,43.15,0,43.15,0,43.15,0,43.15,25000,43.15,25000,43.15,25000,43.15,25000
43.16,0,43.16,0,43.16,0,43.16,0,43.16,17862,43.16,16056,43.16,13067,43.16,17704,43.16,0,43.16,0,43.16,0,43.16,0,43.16,25000,43.16,25000,43.16,25000,43.16,25000
43.17,0,43.17,0,43.17,0,43.17,0,43.17,18717,43.17,17256,43.17,14611,43.17,18537,43.17,0,43.17,0,43.17,0,43.17,0,43.17,25000,43.17,25000,43.17,25000,43.17,25000
43.18,0,43.18,0,43.18,0,43.18,0,43.18,19216,43.18,18315,43.18,15609,43.18,19082,43.18,0,43.18,0,43.18,0,43.18,0,43.18,25000,43.18,25000,43.18,25000,43.18,25000
43.19,0,43.19,0,43.19,0,43.19,0,43.19,19579,43.19,18940,43.19,16223,43.19,19321,43.19,0,43.19,0,43.19,0,43.19,0,43.19,25000,43.19,25000,43.19,25000,43.19,25000
43.2,0,43.2,0,43.2,0,43.2,0,43.2,19799,43.2,19373,43.2,16820,43.2,19584,43.2,0,43.2,0,43.2,0,43.2,0,43.2,25000,43.2,25000,43.2,25000,43.2,25000
43.21,0,43.21,0,43.21,0,43.21,0,43.21,19893,43.21,19634,43.21,17110,43.21,19752,43.21,0,43.21,0,43.21,0,43.21,0,43.21,25000,43.21,25000,43.21,25000,43.21,25000
43.22,0,43.22,0,43.22,0,43.22,0,43.22,20072,43.22,19706,43.22,17396,43.22,19867,43.22,0,43.22,0,43.22,0,43.22,0,43.22,25000,43.22,25000,43.22,25000,43.22,25000
43.23,0,43.23,0,43.23,0,43.23,0,43.23,19993,43.23,19829,43.23,17533,43.23,19985,43.23,0,43.23,0,43.23,0,43.23,0,43.23,25000,43.23,25000,43.23,25000,43.23,25000
43.24,0,43.24,0,43.24,0,43.24,0,43.24,20105,43.24,19992,43.24,17570,43.24,19933,43.24,0,43.24,0,43.24,0,43.24,0,43.24,25000,43.24,25000,43.24,25000,43.24,25000
43.25,0,43.25,0,43.25,0,43.25,0,43.25,20068,43.25,19986,43.25,17620,43.25,19981,43.25,0,43.25,0,43.25,0,43.25,0,43.25,25000,43.25,25000,43.25,25000,43.25,25000
43.26,0,43.26,0,43.26,0,43.26,0,43.26,20164,43.26,19950,43.26,17722,43.26,20014,43.26,0,43.26,0,43.26,0,43.26,0,43.26,25000,43.26,25000,43.26,25000,43.26,25000
43.27,0,43.27,0,43.27,0,43.27,0,43.27,20090,43.27,19982,43.27,17786,43.27,19958,43.27,0,43.27,0,43.27,0,43.27,0,43.27,25000,43.27,25000,43.27,25000,43.27,25000
43.28,0,43.28,0,43.28,0,43.28,0,43.28,20172,43.28,20040,43.28,17720,43.28,20022,43.28,0,43.28,0,43.28,0,43.28,0,43.28,25000,43.28,25000,43.28,25000,43.28,25000
43.29,0,43.29,0,43.29,0,43.29,0,43.29,20213,43.29,19987,43.29,17806,43.29,20056,43.29,0,43.29,0,43.29,0,43.29,0,43.29,25000,43.29,25000,43.29,25000,43.29,25000
43.3,0,43.3,0,43.3,0,43.3,0,43.3,20201,43.3,20036,43.3,17802,43.3,20072,43.3,0,43.3,0,43.3,0,43.3,0,43.3,25000,43.3,25000,43.3,25000,43.3,25000
43.31,0,43.31,0,43.31,0,43.31,0,43.31,20269,43.31,19997,43.31,17840,43.31,20026,43.31,0,43.31,0,43.31,0,43.31,0,43.31,25000,43.31,25000,43.31,25000,43.31,25000
43.32,0,43.32,0,43.32,0,43.32,0,43.32,20261,43.32,20034,43.32,17870,43.32,20076,43.32,0,43.32,0,43.32,0,43.32,0,43.32,25000,43.32,25000,43.32,25000,43.32,25000
43.33,0,43.33,0,43.33,0,43.33,0,43.33,20282,43.33,20018,43.33,17874,43.33,20034,43.33,0,43.33,0,43.33,0,43.33,0,43.33,25000,43.33,25000,43.33,25000,43.33,25000
43.34,0,43.34,0,43.34,0,43.34,0,43.34,20205,43.34,20009,43.34,17835,43.34,20130,43.34,0,43.34,0,43.34,0,43.34,0,43.34,25000,43.34,25000,43.34,25000,43.34,25000
43.35,0,43.35,0,43.35,0,43.35,0,43.35,20273,43.35,19974,43.35,17744,43.35,20144,43.35,0,43.35,0,43.35,0,43.35,0,43.35,25000,43.35,25000,43.35,25000,43.35,25000
43.36,0,43.36,0,43.36,0,43.36,0,43.36,20226,43.36,19987,43.36,17835,43.36,20070,43.36,0,43.36,0,43.36,0,43.36,0,43.36,25000,43.36,25000,43.36,25000,43.36,25000
43.37,0,43.37,0,43.37,0,43.37,0,43.37,20145,43.37,19925,43.37,17860,43.37,20064,43.37,0,43.37,0,43.37,0,43.37,0,43.37,25000,43.37,25000,43.37,25000,43.37,25000
43.38,0,43.38,0,43.38,0,43.38,0,43.38,20194,43.38,20028,43.38,17890,43.38,20061,43.38,0,43.38,0,43.38,0,43.38,0,43.38,25000,43.38,25000,43.38,25000,43.38,25000
43.39,0,43.39,0,43.39,0,43.39,0,43.39,20186,43.39,20058,43.39,17911,43.39,20039,43.39,0,43.39,0,43.39,0,43.39,0,43.39,25000,43.39,25000,43.39,25000,43.39,25000
43.4,0,43.4,0,43.4,0,43.4,0,43.4,20128,43.4,20057,43.4,17862,43.4,20019,43.4,0,43.4,0,43.4,0,43.4,0,43.4,25000,43.4,25000,43.4,25000,43.4,25000
43.41,0,43.41,0,43.41,0,43.41,0,43.41,20116,43.41,20029,43.41,17857,43.41,19982,43.41,0,43.41,0,43.41,0,43.41,0,43.41,25000,43.41,25000,43.41,25000,43.41,25000
43.42,0,43.42,0,43.42,0,43.42,0,43.42,20147,43.42,20026,43.42,17865,43.42,19935,43.42,0,43.42,0,43.42,0,43.42,0,43.42,25000,43.42,25000,43.42,25000,43.42,25000
43.43,0,43.43,0,43.43,0,43.43,0,43.43,20185,43.43,20036,43.43,17874,43.43,19990,43.43,0,43.43,0,43.43,0,43.43,0,43.43,25000,43.43,25000,43.43,25000,43.43,25000
43.44,0,43.44,0,43.44,0,43.44,0,43.44,20156,43.44,19950,43.44,17877,43.44,19989,43.44,0,43.44,0,43.44,0,43.44,0,43.44,25000,43.44,25000,43.44,25000,43.44,25000
43.45,0,43.45,0,43.45,0,43.45,0,43.45,20144,43.45,19951,43.45,17887,43.45,20008,43.45,0,43.45,0,43.45,0,43.45,0,43.45,25000,43.45,25000,43.45,25000,43.45,25000
43.46,0,43.46,0,43.46,0,43.46,0,43.46,20178,43.46,19967,43.46,17863,43.46,20070,43.46,0,43.46,0,43.46,0,43.46,0,43.46,25000,43.46,25000,43.46,25000,43.46,25000
43.47,0,43.47,0,43.47,0,43.47,0,43.47,20113,43.47,19994,43.47,17949,43.47,20088,43.47,0,43.47,0,43.47,0,43.47,0,43.47,25000,43.47,25000,43.47,25000,43.47,25000
43.48,0,43.48,0,43.48,0,43.48,0,43.48,20188,43.48,20049,43.48,17831,43.48,20118,43.48,0,43.48,0,43.48,0,43.48,0,43.48,25000,43.48,25000,43.48,25000,43.48,25000
43.49,0,43.49,0,43.49,0,43.49,0,43.49,20164,43.49,20049,43.49,17944,43.49,20138,43.49,0,43.49,0,43.49,0,43.49,0,43.49,25000,43.49,25000,43.49,25000,43.49,25000
43.5,0,43.5,0,43.5,0,43.5,0,43.5,20080,43.5,20081,43.5,17877,43.5,20061,43.5,0,43.5,0,43.5,0,43.5,0,43.5,25000,43.5,25000,43.5,25000,43.5,25000
43.51,0,43.51,0,43.51,0,43.51,0,43.51,20129,43.51,20087,43.51,17942,43.51,20108,43.51,0,43.51,0,43.51,0,43.51,0,43.51,25000,43.51,25000,43.51,25000,43.51,25000
43.52,0,43.52,0,43.52,0,43.52,0,43.52,20145,43.52,20038,43.52,17874,43.52,20081,43.52,0,43.52,0,43.52,0,43.52,0,43.52,25000,43.52,25000,43.52,25000,43.52,25000
43.53,0,43.53,0,43.53,0,43.53,0,43.53,20134,43.53,19999,43.53,17878,43.53,20066,43.53,0,43.53,0,43.53,0,43.53,0,43.53,25000,43.53,25000,43.53,25000,43.53,25000
43.54,0,43.54,0,43.54,0,43.54,0,43.54,20156,43.54,20043,43.54,17859,43.54,20004,43.54,0,43.54,0,43.54,0,43.54,0,43.54,25000,43.54,25000,43.54,25000,43.54,25000
43.55,0,43.55,0,43.55,0,43.55,0,43.55,20133,43.55,20028,43.55,17783,43.55,19963,43.55,0,43.55,0,43.55,0,43.55,0,43.55,25000,43.55,25000,43.55,25000,43.55,25000
43.56,0,43.56,0,43.56,0,43.56,0,43.56,20179,43.56,20071,43.56,17786,43.56,19987,43.56,0,43.56,0,43.56,0,43.56,0,43.56,25000,43.56,25000,43.56,25000,43.56,25000
43.57,0,43.57,0,43.57,0,43.57,0,43.57,20188,43.57,20072,43.57,17751,43.57,19964,43.57,0,43.57,0,43.57,0,43.57,0,43.57,25000,43.57,25000,43.57,25000,43.57,25000
43.58,0,43.58,0,43.58,0,43.58,0,43.58,20148,43.58,20014,43.58,17738,43.58,19931,43.58,0,43.58,0,43.58,0,43.58,0,43.58,25000,43.58,25000,43.58,25000,43.58,25000
43.59,0,43.59,0,43.59,0,43.59,0,43.59,20197,43.59,20060,43.59,17695,43.59,19970,43.59,0,43.59,0,43.59,0,43.59,0,43.59,25000,43.59,25000,43.59,25000,43.59,25000
43.6,0,43.6,0,43.6,0,43.6,0,43.6,20261,43.6,20005,43.6,17795,43.6,20086,43.6,0,43.6,0,43.6,0,43.6,0,43.6,25000,43.6,25000,43.6,25000,43.6,25000
43.61,0,43.61,0,43.61,0,43.61,0,43.61,20184,43.61,20038,43.61,17806,43.61,20090,43.61,0,43.61,0,43.61,0,43.61,0,43.61,25000,43.61,25000,43.61,25000,43.61,25000
43.62,0,43.62,0,43.62,0,43.62,0,43.62,20200,43.62,20089,43.62,17794,43.62,20106,43.62,0,43.62,0,43.62,0,43.62,0,43.62,25000,43.62,25000,43.62,25000,43.62,25000
43.63,0,43.63,0,43.63,0,43.63,0,43.63,20218,43.63,20075,43.63,17773,43.63,20114,43.63,0,43.63,0,43.63,0,43.63,0,43.63,25000,43.63,25000,43.63,25000,43.63,25000
43.64,0,43.64,0,43.64,0,43.64,0,43.64,20174,43.64,20030,43.64,17767,43.64,20138,43.64,0,43.64,0,43.64,0,43.64,0,43.64,25000,43.64,25000,43.64,25000,43.64,25000
43.65,0,43.65,0,43.65,0,43.65,0,43.65,20151,43.65,20022,43.65,17750,43.65,20152,43.65,0,43.65,0,43.65,0,43.65,0,43.65,25000,43.65,25000,43.65,25000,43.65,25000
43.66,0,43.66,0,43.66,0,43.66,0,43.66,20215,43.66,20065,43.66,17809,43.66,20094,43.66,0,43.66,0,43.66,0,43.66,0,43.66,25000,43.66,25000,43.66,25000,43.66,25000
43.67,0,43.67,0,43.67,0,43.67,0,43.67,20214,43.67,19899,43.67,17857,43.67,20012,43.67,0,43.67,0,43.67,0,43.67,0,43.67,25000,43.67,25000,43.67,25000,43.67,25000
43.68,0,43.68,0,43.68,0,43.68,0,43.68,20155,43.68,19914,43.68,17837,43.68,20027,43.68,0,43.68,0,43.68,0,43.68,0,43.68,25000,43.68,25000,43.68,25000,43.68,25000
43.69,0,43.69,0,43.69,0,43.69,0,43.69,20170,43.69,19964,43.69,17816,43.69,19959,43.69,0,43.69,0,43.69,0,43.69,0,43.69,25000,43.69,25000,43.69,25000,43.69,25000
43.7,0,43.7,0,43.7,0,43.7,0,43.7,20194,43.7,19947,43.7,17771,43.7,20063,43.7,0,43.7,0,43.7,0,43.7,0,43.7,25000,43.7,25000,43.7,25000,43.7,25000
43.71,0,43.71,0,43.71,0,43.71,0,43.71,20197,43.71,19925,43.71,17723,43.71,20034,43.71,0,43.71,0,43.71,0,43.71,0,43.71,25000,43.71,25000,43.71,25000,43.71,25000
43.72,0,43.72,0,43.72,0,43.72,0,43.72,20135,43.72,19953,43.72,17722,43.72,20105,43.72,0,43.72,0,43.72,0,43.72,0,43.72,25000,43.72,25000,43.72,25000,43.72,25000
43.73,0,43.73,0,43.73,0,43.73,0,43.73,20216,43.73,19949,43.73,17761,43.73,20052,43.73,0,43.73,0,43.73,0,43.73,0,43.73,25000,43.73,25000,43.73,25000,43.73,25000
43.74,0,43.74,0,43.74,0,43.74,0,43.74,20166,43.74,19988,43.74,17791,43.74,20110,43.74,0,43.74,0,43.74,0,43.74,0,43.74,25000,43.74,25000,43.74,25000,43.74,25000
43.75,0,43.75,0,43.75,0,43.75,0,43.75,20166,43.75,20027,43.75,17802,43.75,20106,43.75,0,43.75,0,43.75,0,43.75,0,43.75,25000,43.75,25000,43.75,25000,43.75,25000
43.76,0,43.76,0,43.76,0,43.76,0,43.76,20129,43.76,20018,43.76,17762,43.76,20070,43.76,0,43.76,0,43.76,0,43.76,0,43.76,25000,43.76,25000,43.76,25000,43.76,25000
43.77,0,43.77,0,43.77,0,43.77,0,43.77,20143,43.77,20030,43.77,17829,43.77,20098,43.77,0,43.77,0,43.77,0,43.77,0,43.77,25000,43.77,25000,43.77,25000,43.77,25000
43.78,0,43.78,0,43.78,0,43.78,0,43.78,20123,43.78,20032,43.78,17838,43.78,20088,43.78,0,43.78,0,43.78,0,43.78,0,43.78,25000,43.78,25000,43.78,25000,43.78,25000
43.79,0,43.79,0,43.79,0,43.79,0,43.79,20142,43.79,20026,43.79,17876,43.79,20100,43.79,0,43.79,0,43.79,0,43.79,0,43.79,25000,43.79,25000,43.79,25000,43.79,25000
43.8,0,43.8,0,43.8,0,43.8,0,43.8,20174,43.8,19976,43.8,17872,43.8,20083,43.8,0,43.8,0,43.8,0,43.8,0,43.8,25000,43.8,25000,43.8,25000,43.8,25000
43.81,0,43.81,0,43.81,0,43.81,0,43.81,20145,43.81,19971,43.81,17851,43.81,20034,43.81,0,43.81,0,43.81,0,43.81,0,43.81,25000,43.81,25000,43.81,25000,43.81,25000
43.82,0,43.82,0,43.82,0,43.82,0,43.82,20121,43.82,19995,43.82,17798,43.82,19990,43.82,0,43.82,0,43.82,0,43.82,0,43.82,25000,43.82,25000,43.82,25000,43.82,25000
43.83,0,43.83,0,43.83,0,43.83,0,43.83,20096,43.83,19999,43.83,17767,43.83,20046,43.83,0,43.83,0,43.83,0,43.83,0,43.83,25000,43.83,25000,43.83,25000,43.83,25000
43.84,0,43.84,0,43.84,0,43.84,0,43.84,20105,43.84,20010,43.84,17834,43.84,20039,43.84,0,43.84,0,43.84,0,43.84,0,43.84,25000,43.84,25000,43.84,25000,43.84,25000
43.85,0,43.85,0,43.85,0,43.85,0,43.85,20082,43.85,19993,43.85,17811,43.85,20097,43.85,0,43.85,0,43.85,0,43.85,0,43.85,25000,43.85,25000,43.85,25000,43.85,25000
43.86,0,43.86,0,43.86,0,43.86,0,43.86,20090,43.86,19971,43.86,17799,43.86,20087,43.86,0,43.86,0,43.86,0,43.86,0,43.86,25000,43.86,25000,43.86,25000,43.86,25000
43.87,0,43.87,0,43.87,0,43.87,0,43.87,20079,43.87,19965,43.87,17737,43.87,20016,43.87,0,43.87,0,43.87,0,43.87,0,43.87,25000,43.87,25000,43.87,25000,43.87,25000
43.88,0,43.88,0,43.88,0,43.88,0,43.88,20143,43.88,19973,43.88,17750,43.88,20015,43.88,0,43.88,0,43.88,0,43.88,0,43.88,25000,43.88,25000,43.88,25000,43.88,25000
43.89,0,43.89,0,43.89,0,43.89,0,43.89,20090,43.89,19922,43.89,17824,43.89,19989,43.89,0,43.89,0,43.89,0,43.89,0,43.89,25000,43.89,25000,43.89,25000,43.89,25000
43.9,0,43.9,0,43.9,0,43.9,0,43.9,20116,43.9,19951,43.9,17873,43.9,20048,43.9,0,43.9,0,43.9,0,43.9,0,43.9,25000,43.9,25000,43.9,25000,43.9,25000
43.91,0,43.91,0,43.91,0,43.91,0,43.91,20062,43.91,20016,43.91,17784,43.91,20052,43.91,0,43.91,0,43.91,0,43.91,0,43.91,25000,43.91,25000,43.91,25000,43.91,25000
43.92,0,43.92,0,43.92,0,43.92,0,43.92,20079,43.92,20001,43.92,17800,43.92,20108,43.92,0,43.92,0,43.92,0,43.92,0,43.92,25000,43.92,25000,43.92,25000,43.92,25000
43.93,0,43.93,0,43.93,0,43.93,0,43.93,20077,43.93,20059,43.93,17780,43.93,20041,43.93,0,43.93,0,43.93,0,43.93,0,43.93,25000,43.93,25000,43.93,25000,43.93,25000
43.94,0,43.94,0,43.94,0,43.94,0,43.94,20056,43.94,20028,43.94,17741,43.94,20012,43.94,0,43.94,0,43.94,0,43.94,0,43.94,25000,43.94,25000,43.94,25000,43.94,25000
43.95,0,43.95,0,43.95,0,43.95,0,43.95,20099,43.95,19977,43.95,17770,43.95,20064,43.95,0,43.95,0,43.95,0,43.95,0,43.95,25000,43.95,25000,43.95,25000,43.95,25000
43.96,0,43.96,0,43.96,0,43.96,0,43.96,20083,43.96,19966,43.96,17773,43.96,20059,43.96,0,43.96,0,43.96,0,43.96,0,43.96,25000,43.96,25000,43.96,25000,43.96,25000
43.97,0,43.97,0,43.97,0,43.97,0,43.97,20107,43.97,19902,43.97,17745,43.97,19967,43.97,0,43.97,0,43.97,0,43.97,0,43.97,25000,43.97,25000,43.97,25000,43.97,25000
43.98,0,43.98,0,43.98,0,43.98,0,43.98,20158,43.98,19812,43.98,17703,43.98,19950,43.98,0,43.98,0,43.98,0,43.98,0,43.98,25000,43.98,25000,43.98,25000,43.98,25000
43.99,0,43.99,0,43.99,0,43.99,0,43.99,20047,43.99,19768,43.99,17767,43.99,20022,43.99,0,43.99,0,43.99,0,43.99,0,43.99,25000,43.99,25000,43.99,25000,43.99,25000
44,0,44,0,44,0,44,0,44,20055,44,19759,44,17813,44,19975,44,0,44,0,44,0,44,0,44,25000,44,25000,44,25000,44,25000
44.01,0,44.01,0,44.01,0,44.01,0,44.01,20037,44.01,19729,44.01,17772,44.01,19964,44.01,0,44.01,0,44.01,0,44.01,0,44.01,25000,44.01,25000,44.01,25000,44.01,25000
44.02,0,44.02,0,44.02,0,44.02,0,44.02,20093,44.02,19723,44.02,17697,44.02,19939,44.02,0,44.02,0,44.02,0,44.02,0,44.02,25000,44.02,25000,44.02,25000,44.02,25000
44.03,0,44.03,0,44.03,0,44.03,0,44.03,20111,44.03,19846,44.03,17715,44.03,20004,44.03,0,44.03,0,44.03,0,44.03,0,44.03,25000,44.03,25000,44.03,25000,44.03,25000
44.04,0,44.04,0,44.04,0,44.04,0,44.04,20086,44.04,19822,44.04,17726,44.04,20045,44.04,0,44.04,0,44.04,0,44.04,0,44.04,25000,44.04,25000,44.04,25000,44.04,25000
44.05,0,44.05,0,44.05,0,44.05,0,44.05,20132,44.05,19879,44.05,17776,44.05,20051,44.05,0,44.05,0,44.05,0,44.05,0,44.05,25000,44.05,25000,44.05,25000,44.05,25000
44.06,0,44.06,0,44.06,0,44.06,0,44.06,20132,44.06,19937,44.06,17734,44.06,20063,44.06,0,44.06,0,44.06,0,44.06,0,44.06,25000,44.06,25000,44.06,25000,44.06,25000
44.07,0,44.07,0,44.07,0,44.07,0,44.07,20094,44.07,19921,44.07,17749,44.07,20063,44.07,0,44.07,0,44.07,0,44.07,0,44.07,25000,44.07,25000,44.07,25000,44.07,25000
44.08,0,44.08,0,44.08,0,44.08,0,44.08,20100,44.08,19864,44.08,17744,44.08,20133,44.08,0,44.08,0,44.08,0,44.08,0,44.08,25000,44.08,25000,44.08,25000,44.08,25000
44.09,0,44.09,0,44.09,0,44.09,0,44.09,20086,44.09,19889,44.09,17729,44.09,20088,44.09,0,44.09,0,44.09,0,44.09,0,44.09,25000,44.09,25000,44.09,25000,44.09,25000
44.1,0,44.1,0,44.1,0,44.1,0,44.1,20118,44.1,19858,44.1,17792,44.1,20037,44.1,0,44.1,0,44.1,0,44.1,0,44.1,25000,44.1,25000,44.1,25000,44.1,25000
44.11,0,44.11,0,44.11,0,44.11,0,44.11,20178,44.11,19876,44.11,17824,44.11,20075,44.11,0,44.11,0,44.11,0,44.11,0,44.11,25000,44.11,25000,44.11,25000,44.11,25000
44.12,0,44.12,0,44.12,0,44.12,0,44.12,20175,44.12,19878,44.12,17827,44.12,19991,44.12,0,44.12,0,44.12,0,44.12,0,44.12,25000,44.12,25000,44.12,25000,44.12,25000
44.13,0,44.13,0,44.13,0,44.13,0,44.13,20132,44.13,19994,44.13,17816,44.13,20114,44.13,0,44.13,0,44.13,0,44.13,0,44.13,25000,44.13,25000,44.13,25000,44.13,25000
44.14,0,44.14,0,44.14,0,44.14,0,44.14,20133,44.14,20020,44.14,17811,44.14,20086,44.14,0,44.14,0,44.14,0,44.14,0,44.14,25000,44.14,25000,44.14,25000,44.14,25000
44.15,0,44.15,0,44.15,0,44.15,0,44.15,20200,44.15,20002,44.15,17854,44.15,20132,44.15,0,44.15,0,44.15,0,44.15,0,44.15,25000,44.15,25000,44.15,25000,44.15,25000
44.16,0,44.16,0,44.16,0,44.16,0,44.16,20172,44.16,19992,44.16,17825,44.16,20111,44.16,0,44.16,0,44.16,0,44.16,0,44.16,25000,44.16,25000,44.16,25000,44.16,25000
44.17,0,44.17,0,44.17,0,44.17,0,44.17,20147,44.17,19999,44.17,17801,44.17,20100,44.17,0,44.17,0,44.17,0,44.17,0,44.17,25000,44.17,25000,44.17,25000,44.17,25000
44.18,0,44.18,0,44.18,0,44.18,0,44.18,20124,44.18,19941,44.18,17771,44.18,20082,44.18,0,44.18,0,44.18,0,44.18,0,44.18,25000,44.18,25000,44.18,25000,44.18,25000
44.19,0,44.19,0,44.19,0,44.19,0,44.19,20082,44.19,19942,44.19,17757,44.19,20060,44.19,0,44.19,0,44.19,0,44.19,0,44.19,25000,44.19,25000,44.19,25000,44.19,25000
44.2,0,44.2,0,44.2,0,44.2,0,44.2,20088,44.2,19917,44.2,17764,44.2,20100,44.2,0,44.2,0,44.2,0,44.2,0,44.2,25000,44.2,25000,44.2,25000,44.2,25000
44.21,0,44.21,0,44.21,0,44.21,0,44.21,20061,44.21,19941,44.21,17754,44.21,20105,44.21,0,44.21,0,44.21,0,44.21,0,44.21,25000,44.21,25000,44.21,25000,44.21,25000
44.22,0,44.22,0,44.22,0,44.22,0,44.22,20094,44.22,19928,44.22,17738,44.22,20130,44.22,0,44.22,0,44.22,0,44.22,0,44.22,25000,44.22,25000,44.22,25000,44.22,25000
44.23,0,44.23,0,44.23,0,44.23,0,44.23,20089,44.23,19864,44.23,17752,44.23,20025,44.23,0,44.23,0,44.23,0,44.23,0,44.23,25000,44.23,25000,44.23,25000,44.23,25000
44.24,0,44.24,0,44.24,0,44.24,0,44.24,20117,44.24,19864,44.24,17769,44.24,20015,44.24,0,44.24,0,44.24,0,44.24,0,44.24,25000,44.24,25000,44.24,25000,44.24,25000
44.25,0,44.25,0,44.25,0,44.25,0,44.25,20135,44.25,19860,44.25,17772,44.25,20012,44.25,0,44.25,0,44.25,0,44.25,0,44.25,25000,44.25,25000,44.25,25000,44.25,25000
44.26,0,44.26,0,44.26,0,44.26,0,44.26,20111,44.26,19901,44.26,17756,44.26,20022,44.26,0,44.26,0,44.26,0,44.26,0,44.26,25000,44.26,25000,44.26,25000,44.26,25000
44.27,0,44.27,0,44.27,0,44.27,0,44.27,20111,44.27,19838,44.27,17790,44.27,20132,44.27,0,44.27,0,44.27,0,44.27,0,44.27,25000,44.27,25000,44.27,25000,44.27,25000
44.28,0,44.28,0,44.28,0,44.28,0,44.28,20084,44.28,19888,44.28,17799,44.28,20064,44.28,0,44.28,0,44.28,0,44.28,0,44.28,25000,44.28,25000,44.28,25000,44.28,25000
44.29,0,44.29,0,44.29,0,44.29,0,44.29,20168,44.29,19825,44.29,17814,44.29,20099,44.29,0,44.29,0,44.29,0,44.29,0,44.29,25000,44.29,25000,44.29,25000,44.29,25000
44.3,0,44.3,0,44.3,0,44.3,0,44.3,20122,44.3,19854,44.3,17827,44.3,20081,44.3,0,44.3,0,44.3,0,44.3,0,44.3,25000,44.3,25000,44.3,25000,44.3,25000
44.31,0,44.31,0,44.31,0,44.31,0,44.31,20122,44.31,19837,44.31,17858,44.31,20070,44.31,0,44.31,0,44.31,0,44.31,0,44.31,25000,44.31,25000,44.31,25000,44.31,25000
44.32,0,44.32,0,44.32,0,44.32,0,44.32,20117,44.32,19922,44.32,17747,44.32,20095,44.32,0,44.32,0,44.32,0,44.32,0,44.32,25000,44.32,25000,44.32,25000,44.32,25000
44.33,0,44.33,0,44.33,0,44.33,0,44.33,20147,44.33,19876,44.33,17769,44.33,20087,44.33,0,44.33,0,44.33,0,44.33,0,44.33,25000,44.33,25000,44.33,25000,44.33,25000
44.34,0,44.34,0,44.34,0,44.34,0,44.34,20104,44.34,19876,44.34,17759,44.34,20054,44.34,0,44.34,0,44.34,0,44.34,0,44.34,25000,44.34,25000,44.34,25000,44.34,25000
44.35,0,44.35,0,44.35,0,44.35,0,44.35,20131,44.35,19914,44.35,17762,44.35,20155,44.35,0,44.35,0,44.35,0,44.35,0,44.35,25000,44.35,25000,44.35,25000,44.35,25000
44.36,0,44.36,0,44.36,0,44.36,0,44.36,19993,44.36,19946,44.36,17774,44.36,20151,44.36,0,44.36,0,44.36,0,44.36,0,44.36,25000,44.36,25000,44.36,25000,44.36,25000
44.37,0,44.37,0,44.37,0,44.37,0,44.37,19991,44.37,19867,44.37,17788,44.37,20075,44.37,0,44.37,0,44.37,0,44.37,0,44.37,25000,44.37,25000,44.37,25000,44.37,25000
44.38,0,44.38,0,44.38,0,44.38,0,44.38,20036,44.38,19852,44.38,17774,44.38,20071,44.38,0,44.38,0,44.38,0,44.38,0,44.38,25000,44.38,25000,44.38,25000,44.38,25000
44.39,0,44.39,0,44.39,0,44.39,0,44.39,20121,44.39,19817,44.39,17773,44.39,20117,44.39,0,44.39,0,44.39,0,44.39,0,44.39,25000,44.39,25000,44.39,25000,44.39,25000
44.4,0,44.4,0,44.4,0,44.4,0,44.4,20055,44.4,19808,44.4,17798,44.4,20143,44.4,0,44.4,0,44.4,0,44.4,0,44.4,25000,44.4,25000,44.4,25000,44.4,25000
44.41,0,44.41,0,44.41,0,44.41,0,44.41,20021,44.41,19831,44.41,17844,44.41,20081,44.41,0,44.41,0,44.41,0,44.41,0,44.41,25000,44.41,25000,44.41,25000,44.41,25000
44.42,0,44.42,0,44.42,0,44.42,0,44.42,20029,44.42,19796,44.42,17824,44.42,20055,44.42,0,44.42,0,44.42,0,44.42,0,44.42,25000,44.42,25000,44.42,25000,44.42,25000
44.43,0,44.43,0,44.43,0,44.43,0,44.43,20063,44.43,19788,44.43,17760,44.43,20072,44.43,0,44.43,0,44.43,0,44.43,0,44.43,25000,44.43,25000,44.43,25000,44.43,25000
44.44,0,44.44,0,44.44,0,44.44,0,44.44,20066,44.44,19782,44.44,17805,44.44,20132,44.44,0,44.44,0,44.44,0,44.44,0,44.44,25000,44.44,25000,44.44,25000,44.44,25000
44.45,0,44.45,0,44.45,0,44.45,0,44.45,20020,44.45,19784,44.45,17778,44.45,20101,44.45,0,44.45,0,44.45,0,44.45,0,44.45,25000,44.45,25000,44.45,25000,44.45,25000
44.46,0,44.46,0,44.46,0,44.46,0,44.46,20033,44.46,19718,44.46,17755,44.46,20105,44.46,0,44.46,0,44.46,0,44.46,0,44.46,25000,44.46,25000,44.46,25000,44.46,25000
44.47,0,44.47,0,44.47,0,44.47,0,44.47,20025,44.47,19739,44.47,17742,44.47,19977,44.47,0,44.47,0,44.47,0,44.47,0,44.47,25000,44.47,25000,44.47,25000,44.47,25000
44.48,0,44.48,0,44.48,0,44.48,0,44.48,20002,44.48,19773,44.48,17680,44.48,20115,44.48,0,44.48,0,44.48,0,44.48,0,44.48,25000,44.48,25000,44.48,25000,44.48,25000
44.49,0,44.49,0,44.49,0,44.49,0,44.49,20005,44.49,19803,44.49,17711,44.49,20081,44.49,0,44.49,0,44.49,0,44.49,0,44.49,25000,44.49,25000,44.49,25000,44.49,25000
44.5,0,44.5,0,44.5,0,44.5,0,44.5,20032,44.5,19794,44.5,17683,44.5,19975,44.5,0,44.5,0,44.5,0,44.5,0,44.5,25000,44.5,25000,44.5,25000,44.5,25000
44.51,0,44.51,0,44.51,0,44.51,0,44.51,20047,44.51,19740,44.51,17687,44.51,20061,44.51,0,44.51,0,44.51,0,44.51,0,44.51,25000,44.51,25000,44.51,25000,44.51,25000
44.52,0,44.52,0,44.52,0,44.52,0,44.52,20041,44.52,19781,44.52,17741,44.52,20029,44.52,0,44.52,0,44.52,0,44.52,0,44.52,25000,44.52,25000,44.52,25000,44.52,25000
44.53,0,44.53,0,44.53,0,44.53,0,44.53,20106,44.53,19830,44.53,17686,44.53,20029,44.53,0,44.53,0,44.53,0,44.53,0,44.53,25000,44.53,25000,44.53,25000,44.53,25000
44.54,0,44.54,0,44.54,0,44.54,0,44.54,20101,44.54,19874,44.54,17778,44.54,19998,44.54,0,44.54,0,44.54,0,44.54,0,44.54,25000,44.54,25000,44.54,25000,44.54,25000
44.55,0,44.55,0,44.55,0,44.55,0,44.55,20038,44.55,19796,44.55,17760,44.55,20058,44.55,0,44.55,0,44.55,0,44.55,0,44.55,25000,44.55,25000,44.55,25000,44.55,25000
44.56,0,44.56,0,44.56,0,44.56,0,44.56,20005,44.56,19797,44.56,17722,44.56,20036,44.56,0,44.56,0,44.56,0,44.56,0,44.56,25000,44.56,25000,44.56,25000,44.56,25000
44.57,0,44.57,0,44.57,0,44.57,0,44.57,20015,44.57,19744,44.57,17735,44.57,20024,44.57,0,44.57,0,44.57,0,44.57,0,44.57,25000,44.57,25000,44.57,25000,44.57,25000
44.58,0,44.58,0,44.58,0,44.58,0,44.58,20004,44.58,19742,44.58,17723,44.58,20085,44.58,0,44.58,0,44.58,0,44.58,0,44.58,25000,44.58,25000,44.58,25000,44.58,25000
44.59,0,44.59,0,44.59,0,44.59,0,44.59,19974,44.59,19672,44.59,17674,44.59,20038,44.59,0,44.59,0,44.59,0,44.59,0,44.59,25000,44.59,25000,44.59,25000,44.59,25000
44.6,0,44.6,0,44.6,0,44.6,0,44.6,20069,44.6,19663,44.6,17728,44.6,20082,44.6,0,44.6,0,44.6,0,44.6,0,44.6,25000,44.6,25000,44.6,25000,44.6,25000
44.61,0,44.61,0,44.61,0,44.61,0,44.61,20113,44.61,19719,44.61,17704,44.61,20070,44.61,0,44.61,0,44.61,0,44.61,0,44.61,25000,44.61,25000,44.61,25000,44.61,25000
44.62,0,44.62,0,44.62,0,44.62,0,44.62,20069,44.62,19652,44.62,17764,44.62,20049,44.62,0,44.62,0,44.62,0,44.62,0,44.62,25000,44.62,25000,44.62,25000,44.62,25000
44.63,0,44.63,0,44.63,0,44.63,0,44.63,20057,44.63,19671,44.63,17715,44.63,19937,44.63,0,44.63,0,44.63,0,44.63,0,44.63,25000,44.63,25000,44.63,25000,44.63,25000
44.64,0,44.64,0,44.64,0,44.64,0,44.64,20089,44.64,19647,44.64,17686,44.64,19974,44.64,0,44.64,0,44.64,0,44.64,0,44.64,25000,44.64,25000,44.64,25000,44.64,25000
44.65,0,44.65,0,44.65,0,44.65,0,44.65,20126,44.65,19659,44.65,17702,44.65,19994,44.65,0,44.65,0,44.65,0,44.65,0,44.65,25000,44.65,25000,44.65,25000,44.65,25000
44.66,0,44.66,0,44.66,0,44.66,0,44.66,20128,44.66,19712,44.66,17690,44.66,20036,44.66,0,44.66,0,44.66,0,44.66,0,44.66,25000,44.66,25000,44.66,25000,44.66,25000
44.67,0,44.67,0,44.67,0,44.67,0,44.67,20041,44.67,19675,44.67,17716,44.67,20029,44.67,0,44.67,0,44.67,0,44.67,0,44.67,25000,44.67,25000,44.67,25000,44.67,25000
44.68,0,44.68,0,44.68,0,44.68,0,44.68,20041,44.68,19705,44.68,17673,44.68,20020,44.68,0,44.68,0,44.68,0,44.68,0,44.68,25000,44.68,25000,44.68,25000,44.68,25000
44.69,0,44.69,0,44.69,0,44.69,0,44.69,20058,44.69,19685,44.69,17686,44.69,20034,44.69,0,44.69,0,44.69,0,44.69,0,44.69,25000,44.69,25000,44.69,25000,44.69,25000
44.7,0,44.7,0,44.7,0,44.7,0,44.7,19973,44.7,19695,44.7,17742,44.7,20006,44.7,0,44.7,0,44.7,0,44.7,0,44.7,25000,44.7,25000,44.7,25000,44.7,25000
44.71,0,44.71,0,44.71,0,44.71,0,44.71,20006,44.71,19686,44.71,17776,44.71,19996,44.71,0,44.71,0,44.71,0,44.71,0,44.71,25000,44.71,25000,44.71,25000,44.71,25000
44.72,0,44.72,0,44.72,0,44.72,0,44.72,20074,44.72,19785,44.72,17733,44.72,20030,44.72,0,44.72,0,44.72,0,44.72,0,44.72,25000,44.72,25000,44.72,25000,44.72,25000
44.73,0,44.73,0,44.73,0,44.73,0,44.73,20112,44.73,19771,44.73,17709,44.73,20041,44.73,0,44.73,0,44.73,0,44.73,0,44.73,25000,44.73,25000,44.73,25000,44.73,25000
44.74,0,44.74,0,44.74,0,44.74,0,44.74,20098,44.74,19794,44.74,17761,44.74,20027,44.74,0,44.74,0,44.74,0,44.74,0,44.74,25000,44.74,25000,44.74,25000,44.74,25000
44.75,0,44.75,0,44.75,0,44.75,0,44.75,20027,44.75,19775,44.75,17750,44.75,19982,44.75,0,44.75,0,44.75,0,44.75,0,44.75,25000,44.75,25000,44.75,25000,44.75,25000
44.76,0,44.76,0,44.76,0,44.76,0,44.76,20060,44.76,19758,44.76,17809,44.76,20028,44.76,0,44.76,0,44.76,0,44.76,0,44.76,25000,44.76,25000,44.76,25000,44.76,25000
44.77,0,44.77,0,44.77,0,44.77,0,44.77,20063,44.77,19745,44.77,17787,44.77,19967,44.77,0,44.77,0,44.77,0,44.77,0,44.77,25000,44.77,25000,44.77,25000,44.77,25000
44.78,0,44.78,0,44.78,0,44.78,0,44.78,19984,44.78,19719,44.78,17788,44.78,20024,44.78,0,44.78,0,44.78,0,44.78,0,44.78,25000,44.78,25000,44.78,25000,44.78,25000
44.79,0,44.79,0,44.79,0,44.79,0,44.79,19991,44.79,19782,44.79,17758,44.79,20014,44.79,0,44.79,0,44.79,0,44.79,0,44.79,25000,44.79,25000,44.79,25000,44.79,25000
44.8,0,44.8,0,44.8,0,44.8,0,44.8,20029,44.8,19800,44.8,17734,44.8,19998,44.8,0,44.8,0,44.8,0,44.8,0,44.8,25000,44.8,25000,44.8,25000,44.8,25000
44.81,0,44.81,0,44.81,0,44.81,0,44.81,20023,44.81,19806,44.81,17777,44.81,19978,44.81,0,44.81,0,44.81,0,44.81,0,44.81,25000,44.81,25000,44.81,25000,44.81,25000
44.82,0,44.82,0,44.82,0,44.82,0,44.82,19977,44.82,19827,44.82,17770,44.82,19975,44.82,0,44.82,0,44.82,0,44.82,0,44.82,25000,44.82,25000,44.82,25000,44.82,25000
44.83,0,44.83,0,44.83,0,44.83,0,44.83,20057,44.83,19834,44.83,17765,44.83,20046,44.83,0,44.83,0,44.83,0,44.83,0,44.83,25000,44.83,25000,44.83,25000,44.83,25000
44.84,0,44.84,0,44.84,0,44.84,0,44.84,20113,44.84,19842,44.84,17718,44.84,20022,44.84,0,44.84,0,44.84,0,44.84,0,44.84,25000,44.84,25000,44.84,25000,44.84,25000
44.85,0,44.85,0,44.85,0,44.85,0,44.85,20137,44.85,19850,44.85,17706,44.85,20058,44.85,0,44.85,0,44.85,0,44.85,0,44.85,25000,44.85,25000,44.85,25000,44.85,25000
44.86,0,44.86,0,44.86,0,44.86,0,44.86,20076,44.86,19906,44.86,17735,44.86,20023,44.86,0,44.86,0,44.86,0,44.86,0,44.86,25000,44.86,25000,44.86,25000,44.86,25000
44.87,0,44.87,0,44.87,0,44.87,0,44.87,19990,44.87,19917,44.87,17732,44.87,19992,44.87,0,44.87,0,44.87,0,44.87,0,44.87,25000,44.87,25000,44.87,25000,44.87,25000
44.88,0,44.88,0,44.88,0,44.88,0,44.88,20070,44.88,19932,44.88,17707,44.88,20058,44.88,0,44.88,0,44.88,0,44.88,0,44.88,25000,44.88,25000,44.88,25000,44.88,25000
44.89,0,44.89,0,44.89,0,44.89,0,44.89,20049,44.89,19881,44.89,17756,44.89,20049,44.89,0,44.89,0,44.89,0,44.89,0,44.89,25000,44.89,25000,44.89,25000,44.89,25000
44.9,0,44.9,0,44.9,0,44.9,0,44.9,20104,44.9,19832,44.9,17717,44.9,20117,44.9,0,44.9,0,44.9,0,44.9,0,44.9,25000,44.9,25000,44.9,25000,44.9,25000
44.91,0,44.91,0,44.91,0,44.91,0,44.91,20103,44.91,19936,44.91,17664,44.91,20094,44.91,0,44.91,0,44.91,0,44.91,0,44.91,25000,44.91,25000,44.91,25000,44.91,25000
44.92,0,44.92,0,44.92,0,44.92,0,44.92,20122,44.92,19933,44.92,17727,44.92,20013,44.92,0,44.92,0,44.92,0,44.92,0,44.92,25000,44.92,25000,44.92,25000,44.92,25000
44.93,0,44.93,0,44.93,0,44.93,0,44.93,20125,44.93,19820,44.93,17664,44.93,19902,44.93,0,44.93,0,44.93,0,44.93,0,44.93,25000,44.93,25000,44.93,25000,44.93,25000
44.94,0,44.94,0,44.94,0,44.94,0,44.94,20088,44.94,19950,44.94,17703,44.94,19934,44.94,0,44.94,0,44.94,0,44.94,0,44.94,25000,44.94,25000,44.94,25000,44.94,25000
44.95,0,44.95,0,44.95,0,44.95,0,44.95,20035,44.95,19927,44.95,17728,44.95,19790,44.95,0,44.95,0,44.95,0,44.95,0,44.95,25000,44.95,25000,44.95,25000,44.95,25000
44.96,0,44.96,0,44.96,0,44.96,0,44.96,20061,44.96,19926,44.96,17706,44.96,19825,44.96,0,44.96,0,44.96,0,44.96,0,44.96,25000,44.96,25000,44.96,25000,44.96,25000
44.97,0,44.97,0,44.97,0,44.97,0,44.97,20088,44.97,19951,44.97,17732,44.97,19927,44.97,0,44.97,0,44.97,0,44.97,0,44.97,25000,44.97,25000,44.97,25000,44.97,25000
44.98,0,44.98,0,44.98,0,44.98,0,44.98,20041,44.98,19869,44.98,17687,44.98,19950,44.98,0,44.98,0,44.98,0,44.98,0,44.98,25000,44.98,25000,44.98,25000,44.98,25000
44.99,0,44.99,0,44.99,0,44.99,0,44.99,20031,44.99,19851,44.99,17728,44.99,19956,44.99,0,44.99,0,44.99,0,44.99,0,44.99,25000,44.99,25000,44.99,25000,44.99,25000
45,0,45,0,45,0,45,0,45,19970,45,19955,45,17641,45,19937,45,0,45,0,45,0,45,0,45,25000,45,25000,45,25000,45,25000
45.01,0,45.01,0,45.01,0,45.01,0,45.01,20056,45.01,19929,45.01,17735,45.01,19946,45.01,0,45.01,0,45.01,0,45.01,0,45.01,25000,45.01,25000,45.01,25000,45.01,25000
45.02,0,45.02,0,45.02,0,45.02,0,45.02,20050,45.02,19960,45.02,17656,45.02,19895,45.02,0,45.02,0,45.02,0,45.02,0,45.02,25000,45.02,25000,45.02,25000,45.02,25000
45.03,0,45.03,0,45.03,0,45.03,0,45.03,20019,45.03,19960,45.03,17683,45.03,19986,45.03,0,45.03,0,45.03,0,45.03,0,45.03,25000,45.03,25000,45.03,25000,45.03,25000
45.04,0,45.04,0,45.04,0,45.04,0,45.04,20001,45.04,19964,45.04,17800,45.04,19969,45.04,0,45.04,0,45.04,0,45.04,0,45.04,25000,45.04,25000,45.04,25000,45.04,25000
45.05,0,45.05,0,45.05,0,45.05,0,45.05,20005,45.05,19918,45.05,17704,45.05,19936,45.05,0,45.05,0,45.05,0,45.05,0,45.05,25000,45.05,25000,45.05,25000,45.05,25000
45.06,0,45.06,0,45.06,0,45.06,0,45.06,19926,45.06,19809,45.06,17715,45.06,19914,45.06,0,45.06,0,45.06,0,45.06,0,45.06,25000,45.06,25000,45.06,25000,45.06,25000
45.07,0,45.07,0,45.07,0,45.07,0,45.07,19989,45.07,19799,45.07,17735,45.07,19934,45.07,0,45.07,0,45.07,0,45.07,0,45.07,25000,45.07,25000,45.07,25000,45.07,25000
45.08,0,45.08,0,45.08,0,45.08,0,45.08,20005,45.08,19810,45.08,17756,45.08,19891,45.08,0,45.08,0,45.08,0,45.08,0,45.08,25000,45.08,25000,45.08,25000,45.08,25000
45.09,0,45.09,0,45.09,0,45.09,0,45.09,20028,45.09,19817,45.09,17694,45.09,19984,45.09,0,45.09,0,45.09,0,45.09,0,45.09,25000,45.09,25000,45.09,25000,45.09,25000
45.1,0,45.1,0,45.1,0,45.1,0,45.1,20002,45.1,19836,45.1,17696,45.1,20012,45.1,0,45.1,0,45.1,0,45.1,0,45.1,25000,45.1,25000,45.1,25000,45.1,25000
45.11,0,45.11,0,45.11,0,45.11,0,45.11,20063,45.11,19854,45.11,17679,45.11,20080,45.11,0,45.11,0,45.11,0,45.11,0,45.11,25000,45.11,25000,45.11,25000,45.11,25000
45.12,0,45.12,0,45.12,0,45.12,0,45.12,20031,45.12,19813,45.12,17674,45.12,20046,45.12,0,45.12,0,45.12,0,45.12,0,45.12,25000,45.12,25000,45.12,25000,45.12,25000
45.13,0,45.13,0,45.13,0,45.13,0,45.13,20034,45.13,19848,45.13,17714,45.13,20044,45.13,0,45.13,0,45.13,0,45.13,0,45.13,25000,45.13,25000,45.13,25000,45.13,25000
45.14,0,45.14,0,45.14,0,45.14,0,45.14,20034,45.14,19792,45.14,17691,45.14,19971,45.14,0,45.14,0,45.14,0,45.14,0,45.14,25000,45.14,25000,45.14,25000,45.14,25000
45.15,0,45.15,0,45.15,0,45.15,0,45.15,19998,45.15,19873,45.15,17675,45.15,19990,45.15,0,45.15,0,45.15,0,45.15,0,45.15,25000,45.15,25000,45.15,25000,45.15,25000
45.16,0,45.16,0,45.16,0,45.16,0,45.16,20010,45.16,19834,45.16,17691,45.16,19872,45.16,0,45.16,0,45.16,0,45.16,0,45.16,25000,45.16,25000,45.16,25000,45.16,25000
45.17,0,45.17,0,45.17,0,45.17,0,45.17,20034,45.17,19784,45.17,17684,45.17,19929,45.17,0,45.17,0,45.17,0,45.17,0,45.17,25000,45.17,25000,45.17,25000,45.17,25000
45.18,0,45.18,0,45.18,0,45.18,0,45.18,19978,45.18,19752,45.18,17714,45.18,19904,45.18,0,45.18,0,45.18,0,45.18,0,45.18,25000,45.18,25000,45.18,25000,45.18,25000
45.19,0,45.19,0,45.19,0,45.19,0,45.19,19963,45.19,19770,45.19,17641,45.19,19811,45.19,0,45.19,0,45.19,0,45.19,0,45.19,25000,45.19,25000,45.19,25000,45.19,25000
45.2,0,45.2,0,45.2,0,45.2,0,45.2,19966,45.2,19732,45.2,17708,45.2,19772,45.2,0,45.2,0,45.2,0,45.2,0,45.2,25000,45.2,25000,45.2,25000,45.2,25000
45.21,0,45.21,0,45.21,0,45.21,0,45.21,20016,45.21,19631,45.21,17693,45.21,19744,45.21,0,45.21,0,45.21,0,45.21,0,45.21,25000,45.21,25000,45.21,25000,45.21,25000
45.22,0,45.22,0,45.22,0,45.22,0,45.22,19907,45.22,19596,45.22,17706,45.22,19801,45.22,0,45.22,0,45.22,0,45.22,0,45.22,25000,45.22,25000,45.22,25000,45.22,25000
45.23,0,45.23,0,45.23,0,45.23,0,45.23,20042,45.23,19669,45.23,17780,45.23,19841,45.23,0,45.23,0,45.23,0,45.23,0,45.23,25000,45.23,25000,45.23,25000,45.23,25000
45.24,0,45.24,0,45.24,0,45.24,0,45.24,19992,45.24,19699,45.24,17726,45.24,19850,45.24,0,45.24,0,45.24,0,45.24,0,45.24,25000,45.24,25000,45.24,25000,45.24,25000
45.25,0,45.25,0,45.25,0,45.25,0,45.25,20003,45.25,19731,45.25,17659,45.25,19842,45.25,0,45.25,0,45.25,0,45.25,0,45.25,25000,45.25,25000,45.25,25000,45.25,25000
45.26,0,45.26,0,45.26,0,45.26,0,45.26,19991,45.26,19758,45.26,17700,45.26,19828,45.26,0,45.26,0,45.26,0,45.26,0,45.26,25000,45.26,25000,45.26,25000,45.26,25000
45.27,0,45.27,0,45.27,0,45.27,0,45.27,19973,45.27,19740,45.27,17713,45.27,19926,45.27,0,45.27,0,45.27,0,45.27,0,45.27,25000,45.27,25000,45.27,25000,45.27,25000
45.28,0,45.28,0,45.28,0,45.28,0,45.28,19963,45.28,19764,45.28,17707,45.28,19928,45.28,0,45.28,0,45.28,0,45.28,0,45.28,25000,45.28,25000,45.28,25000,45.28,25000
45.29,0,45.29,0,45.29,0,45.29,0,45.29,19922,45.29,19761,45.29,17671,45.29,19893,45.29,0,45.29,0,45.29,0,45.29,0,45.29,25000,45.29,25000,45.29,25000,45.29,25000
45.3,0,45.3,0,45.3,0,45.3,0,45.3,19906,45.3,19756,45.3,17754,45.3,19855,45.3,0,45.3,0,45.3,0,45.3,0,45.3,25000,45.3,25000,45.3,25000,45.3,25000
45.31,0,45.31,0,45.31,0,45.31,0,45.31,20002,45.31,19742,45.31,17668,45.31,19912,45.31,0,45.31,0,45.31,0,45.31,0,45.31,25000,45.31,25000,45.31,25000,45.31,25000
45.32,0,45.32,0,45.32,0,45.32,0,45.32,19966,45.32,19736,45.32,17654,45.32,19941,45.32,0,45.32,0,45.32,0,45.32,0,45.32,25000,45.32,25000,45.32,25000,45.32,25000
45.33,0,45.33,0,45.33,0,45.33,0,45.33,19946,45.33,19846,45.33,17691,45.33,19982,45.33,0,45.33,0,45.33,0,45.33,0,45.33,25000,45.33,25000,45.33,25000,45.33,25000
45.34,0,45.34,0,45.34,0,45.34,0,45.34,19991,45.34,19802,45.34,17700,45.34,19872,45.34,0,45.34,0,45.34,0,45.34,0,45.34,25000,45.34,25000,45.34,25000,45.34,25000
45.35,0,45.35,0,45.35,0,45.35,0,45.35,19945,45.35,19800,45.35,17668,45.35,19904,45.35,0,45.35,0,45.35,0,45.35,0,45.35,25000,45.35,25000,45.35,25000,45.35,25000
45.36,0,45.36,0,45.36,0,45.36,0,45.36,19956,45.36,19780,45.36,17691,45.36,19989,45.36,0,45.36,0,45.36,0,45.36,0,45.36,25000,45.36,25000,45.36,25000,45.36,25000
45.37,0,45.37,0,45.37,0,45.37,0,45.37,19912,45.37,19755,45.37,17720,45.37,19985,45.37,0,45.37,0,45.37,0,45.37,0,45.37,25000,45.37,2001,45.37,25000,45.37,25000
45.38,0,45.38,0,45.38,0,45.38,0,45.38,19954,45.38,19759,45.38,17730,45.38,19901,45.38,0,45.38,0,45.38,0,45.38,0,45.38,25000,45.38,2001,45.38,25000,45.38,25000
45.39,0,45.39,0,45.39,0,45.39,0,45.39,20120,45.39,16384,45.39,17820,45.39,20091,45.39,0,45.39,0,45.39,0,45.39,0,45.39,25000,45.39,2001,45.39,25000,45.39,25000
45.4,0,45.4,0,45.4,0,45.4,0,45.4,20165,45.4,12394,45.4,17855,45.4,20147,45.4,0,45.4,0,45.4,0,45.4,0,45.4,25000,45.4,2001,45.4,20161.8363902707,45.4,2001
45.41,0,45.41,0,45.41,0,45.41,0,45.41,20285,45.41,8675,45.41,17921,45.41,20296,45.41,0,45.41,0,45.41,0,45.41,0,45.41,17641.3307290872,45.41,2001,45.41,7784.26549577319,45.41,2001
45.42,0,45.42,0,45.42,0,45.42,0,45.42,20570,45.42,6548,45.42,16945,45.42,16959,45.42,0,45.42,0,45.42,0,45.42,0,45.42,12082.6716971343,45.42,2001,45.42,2675.52128666036,45.42,2001
45.43,0,45.43,0,45.43,0,45.43,0,45.43,18240,45.43,5737,45.43,13420,45.43,12878,45.43,0,45.43,0,45.43,0,45.43,0,45.43,2248.06711020234,45.43,2001,45.43,2001,45.43,2001
45.44,0,45.44,0,45.44,0,45.44,0,45.44,14989,45.44,5198,45.44,9685,45.44,9230,45.44,0,45.44,0,45.44,0,45.44,0,45.44,2248.06711020234,45.44,2001,45.44,2001,45.44,2001
45.45,0,45.45,0,45.45,0,45.45,0,45.45,11782,45.45,4918,45.45,6749,45.45,7006,45.45,0,45.45,0,45.45,0,45.45,0,45.45,2001,45.45,2001,45.45,2001,45.45,2001
45.46,0,45.46,0,45.46,0,45.46,0,45.46,8354,45.46,4528,45.46,5337,45.46,6132,45.46,0,45.46,0,45.46,0,45.46,0,45.46,2001,45.46,2001,45.46,2001,45.46,2001
45.47,0,45.47,0,45.47,0,45.47,0,45.47,6198,45.47,4093,45.47,4891,45.47,5565,45.47,0,45.47,0,45.47,0,45.47,0,45.47,2001,45.47,2001,45.47,2001,45.47,2001
45.48,0,45.48,0,45.48,0,45.48,0,45.48,5523,45.48,3836,45.48,4478,45.48,4996,45.48,0,45.48,0,45.48,0,45.48,0,45.48,2001,45.48,2001,45.48,2001,45.48,2001
45.49,0,45.49,0,45.49,0,45.49,0,45.49,5001,45.49,3567,45.49,4273,45.49,4566,45.49,0,45.49,0,45.49,0,45.49,0,45.49,2001,45.49,2001,45.49,2001,45.49,2001
45.5,0,45.5,0,45.5,0,45.5,0,45.5,4631,45.5,3316,45.5,3943,45.5,4211,45.5,0,45.5,0,45.5,0,45.5,0,45.5,2001,45.5,2001,45.5,2001,45.5,2001
45.51,0,45.51,0,45.51,0,45.51,0,45.51,4499,45.51,3082,45.51,3514,45.51,4087,45.51,0,45.51,0,45.51,0,45.51,0,45.51,2001,45.51,2001,45.51,2001,45.51,2001
45.52,0,45.52,0,45.52,0,45.52,0,45.52,3844,45.52,2905,45.52,3270,45.52,3618,45.52,0,45.52,0,45.52,0,45.52,0,45.52,2001,45.52,2001,45.52,2001,45.52,2001
45.53,0,45.53,0,45.53,0,45.53,0,45.53,3587,45.53,2873,45.53,3007,45.53,3552,45.53,0,45.53,0,45.53,0,45.53,0,45.53,2001,45.53,2001,45.53,2001,45.53,2001
45.54,0,45.54,0,45.54,0,45.54,0,45.54,3336,45.54,2657,45.54,3031,45.54,3132,45.54,0,45.54,0,45.54,0,45.54,0,45.54,2001,45.54,2001,45.54,2001,45.54,2001
45.55,0,45.55,0,45.55,0,45.55,0,45.55,3129,45.55,2451,45.55,2760,45.55,3008,45.55,0,45.55,0,45.55,0,45.55,0,45.55,2001,45.55,2001,45.55,2001,45.55,2001
45.56,0,45.56,0,45.56,0,45.56,0,45.56,2987,45.56,2549,45.56,2615,45.56,2930,45.56,0,45.56,0,45.56,0,45.56,0,45.56,2001,45.56,2001,45.56,2001,45.56,2001
45.57,0,45.57,0,45.57,0,45.57,0,45.57,2780,45.57,2473,45.57,2586,45.57,2706,45.57,0,45.57,0,45.57,0,45.57,0,45.57,2001,45.57,2001,45.57,2001,45.57,2001
45.58,0,45.58,0,45.58,0,45.58,0,45.58,2741,45.58,2386,45.58,2458,45.58,2749,45.58,0,45.58,0,45.58,0,45.58,0,45.58,2001,45.58,2001,45.58,2001,45.58,2001
45.59,0,45.59,0,45.59,0,45.59,0,45.59,2640,45.59,2278,45.59,2424,45.59,2494,45.59,0,45.59,0,45.59,0,45.59,0,45.59,2001,45.59,2001,45.59,2001,45.59,2001
45.6,0,45.6,0,45.6,0,45.6,0,45.6,2516,45.6,2277,45.6,2326,45.6,2430,45.6,0,45.6,0,45.6,0,45.6,0,45.6,2001,45.6,2001,45.6,2001,45.6,2001
45.61,0,45.61,0,45.61,0,45.61,0,45.61,2495,45.61,2163,45.61,2263,45.61,2377,45.61,0,45.61,0,45.61,0,45.61,0,45.61,2001,45.61,2001,45.61,2001,45.61,2001
45.62,0,45.62,0,45.62,0,45.62,0,45.62,2285,45.62,2175,45.62,2202,45.62,2330,45.62,0,45.62,0,45.62,0,45.62,0,45.62,2001,45.62,2001,45.62,2001,45.62,2001
45.63,0,45.63,0,45.63,0,45.63,0,45.63,2347,45.63,2186,45.63,2144,45.63,2299,45.63,0,45.63,0,45.63,0,45.63,0,45.63,2001,45.63,2001,45.63,2001,45.63,2001
45.64,0,45.64,0,45.64,0,45.64,0,45.64,2251,45.64,2115,45.64,2103,45.64,2228,45.64,0,45.64,0,45.64,0,45.64,0,45.64,2001,45.64,2001,45.64,2001,45.64,2001
45.65,0,45.65,0,45.65,0,45.65,0,45.65,2217,45.65,2040,45.65,2055,45.65,2232,45.65,0,45.65,0,45.65,0,45.65,0,45.65,2001,45.65,2001,45.65,2001,45.65,2001
45.66,0,45.66,0,45.66,0,45.66,0,45.66,2204,45.66,2066,45.66,2062,45.66,2172,45.66,0,45.66,0,45.66,0,45.66,0,45.66,2001,45.66,2001,45.66,2001,45.66,2001
45.67,0,45.67,0,45.67,0,45.67,0,45.67,2169,45.67,2091,45.67,1989,45.67,2153,45.67,0,45.67,0,45.67,0,45.67,0,45.67,2001,45.67,2001,45.67,2001,45.67,2001
45.68,0,45.68,0,45.68,0,45.68,0,45.68,2186,45.68,2068,45.68,2099,45.68,2055,45.68,0,45.68,0,45.68,0,45.68,0,45.68,2001,45.68,2001,45.68,2001,45.68,2001
45.69,0,45.69,0,45.69,0,45.69,0,45.69,2034,45.69,2057,45.69,2022,45.69,2086,45.69,0,45.69,0,45.69,0,45.69,0,45.69,2001,45.69,2001,45.69,2001,45.69,2001
45.7,0,45.7,0,45.7,0,45.7,0,45.7,2079,45.7,2063,45.7,1943,45.7,2065,45.7,0,45.7,0,45.7,0,45.7,0,45.7,2001,45.7,2001,45.7,2001,45.7,2001
45.71,0,45.71,0,45.71,0,45.71,0,45.71,2073,45.71,2027,45.71,1995,45.71,2100,45.71,0,45.71,0,45.71,0,45.71,0,45.71,2001,45.71,2001,45.71,2001,45.71,2001
45.72,0,45.72,0,45.72,0,45.72,0,45.72,2070,45.72,2045,45.72,2000,45.72,2056,45.72,0,45.72,0,45.72,0,45.72,0,45.72,2001,45.72,2001,45.72,2001,45.72,2001
45.73,0,45.73,0,45.73,0,45.73,0,45.73,2026,45.73,2028,45.73,1960,45.73,2042,45.73,0,45.73,0,45.73,0,45.73,0,45.73,2001,45.73,2001,45.73,2001,45.73,2001
45.74,0,45.74,0,45.74,0,45.74,0,45.74,2051,45.74,1936,45.74,2068,45.74,1974,45.74,0,45.74,0,45.74,0,45.74,0,45.74,2001,45.74,2001,45.74,2001,45.74,2001
45.75,0,45.75,0,45.75,0,45.75,0,45.75,2043,45.75,2013,45.75,1961,45.75,2042,45.75,0,45.75,0,45.75,0,45.75,0,45.75,2001,45.75,2001,45.75,2001,45.75,2001
45.76,0,45.76,0,45.76,0,45.76,0,45.76,2016,45.76,2018,45.76,1959,45.76,2006,45.76,0,45.76,0,45.76,0,45.76,0,45.76,2001,45.76,2001,45.76,2001,45.76,2001
45.77,0,45.77,0,45.77,0,45.77,0,45.77,2058,45.77,2036,45.77,1960,45.77,2008,45.77,0,45.77,0,45.77,0,45.77,0,45.77,2001,45.77,2001,45.77,2001,45.77,2001
45.78,0,45.78,0,45.78,0,45.78,0,45.78,2014,45.78,2042,45.78,1987,45.78,2017,45.78,0,45.78,0,45.78,0,45.78,0,45.78,2001,45.78,2001,45.78,2001,45.78,2001
45.79,0,45.79,0,45.79,0,45.79,0,45.79,1986,45.79,1999,45.79,1988,45.79,2048,45.79,0,45.79,0,45.79,0,45.79,0,45.79,2001,45.79,2001,45.79,2001,45.79,2001
45.8,0,45.8,0,45.8,0,45.8,0,45.8,1988,45.8,2018,45.8,1983,45.8,2056,45.8,0,45.8,0,45.8,0,45.8,0,45.8,2001,45.8,2001,45.8,2001,45.8,2001
45.81,0,45.81,0,45.81,0,45.81,0,45.81,1979,45.81,1979,45.81,1994,45.81,2010,45.81,0,45.81,0,45.81,0,45.81,0,45.81,2001,45.81,2001,45.81,2001,45.81,2001
45.82,0,45.82,0,45.82,0,45.82,0,45.82,1994,45.82,2003,45.82,2014,45.82,2047,45.82,0,45.82,0,45.82,0,45.82,0,45.82,2001,45.82,2001,45.82,2001,45.82,2001
45.83,0,45.83,0,45.83,0,45.83,0,45.83,1996,45.83,2018,45.83,1994,45.83,1976,45.83,0,45.83,0,45.83,0,45.83,0,45.83,2001,45.83,2001,45.83,2001,45.83,2001
45.84,0,45.84,0,45.84,0,45.84,0,45.84,2011,45.84,2026,45.84,1995,45.84,2005,45.84,0,45.84,0,45.84,0,45.84,0,45.84,2001,45.84,2001,45.84,2001,45.84,2001
45.85,0,45.85,0,45.85,0,45.85,0,45.85,2018,45.85,2018,45.85,1985,45.85,2014,45.85,0,45.85,0,45.85,0,45.85,0,45.85,2001,45.85,2001,45.85,2001,45.85,2001
45.86,0,45.86,0,45.86,0,45.86,0,45.86,1984,45.86,1981,45.86,2068,45.86,1922,45.86,0,45.86,0,45.86,0,45.86,0,45.86,2001,45.86,2001,45.86,2001,45.86,2001
45.87,0,45.87,0,45.87,0,45.87,0,45.87,2017,45.87,2125,45.87,1984,45.87,1941,45.87,0,45.87,0,45.87,0,45.87,0,45.87,2001,45.87,2001,45.87,2001,45.87,2001
45.88,0,45.88,0,45.88,0,45.88,0,45.88,2007,45.88,1974,45.88,1988,45.88,1993,45.88,0,45.88,0,45.88,0,45.88,0,45.88,2001,45.88,2001,45.88,2001,45.88,2001
45.89,0,45.89,0,45.89,0,45.89,0,45.89,2016,45.89,2004,45.89,1979,45.89,1980,45.89,0,45.89,0,45.89,0,45.89,0,45.89,2001,45.89,2001,45.89,2001,45.89,2001
45.9,0,45.9,0,45.9,0,45.9,0,45.9,1991,45.9,2002,45.9,1995,45.9,1938,45.9,0,45.9,0,45.9,0,45.9,0,45.9,2001,45.9,2001,45.9,2001,45.9,2001
45.91,0,45.91,0,45.91,0,45.91,0,45.91,1987,45.91,1998,45.91,2005,45.91,1996,45.91,0,45.91,0,45.91,0,45.91,0,45.91,2001,45.91,2001,45.91,2001,45.91,2001
45.92,0,45.92,0,45.92,0,45.92,0,45.92,2040,45.92,1972,45.92,1978,45.92,2030,45.92,0,45.92,0,45.92,0,45.92,0,45.92,2001,45.92,2001,45.92,2001,45.92,2001
45.93,0,45.93,0,45.93,0,45.93,0,45.93,2000,45.93,2009,45.93,1980,45.93,2078,45.93,0,45.93,0,45.93,0,45.93,0,45.93,2001,45.93,2001,45.93,2001,45.93,2001
45.94,0,45.94,0,45.94,0,45.94,0,45.94,1990,45.94,2004,45.94,2020,45.94,2010,45.94,0,45.94,0,45.94,0,45.94,0,45.94,2001,45.94,2001,45.94,2001,45.94,2001
45.95,0,45.95,0,45.95,0,45.95,0,45.95,1993,45.95,1996,45.95,1966,45.95,1996,45.95,0,45.95,0,45.95,0,45.95,0,45.95,2001,45.95,2001,45.95,2001,45.95,2001
45.96,0,45.96,0,45.96,0,45.96,0,45.96,1997,45.96,2013,45.96,1991,45.96,1994,45.96,0,45.96,0,45.96,0,45.96,0,45.96,2001,45.96,2001,45.96,2001,45.96,2001
45.97,0,45.97,0,45.97,0,45.97,0,45.97,1974,45.97,1994,45.97,1995,45.97,2024,45.97,0,45.97,0,45.97,0,45.97,0,45.97,2001,45.97,2001,45.97,2001,45.97,2001
45.98,0,45.98,0,45.98,0,45.98,0,45.98,2002,45.98,1989,45.98,2021,45.98,2006,45.98,0,45.98,0,45.98,0,45.98,0,45.98,2001,45.98,2001,45.98,2001,45.98,2001
45.99,0,45.99,0,45.99,0,45.99,0,45.99,1994,45.99,1960,45.99,2009,45.99,1978,45.99,0,45.99,0,45.99,0,45.99,0,45.99,2001,45.99,2001,45.99,2001,45.99,2001
46,0,46,0,46,0,46,0,46,1994,46,2036,46,2012,46,1994,46,0,46,0,46,0,46,0,46,2001,46,2001,46,2001,46,2001
46.01,0,46.01,0,46.01,0,46.01,0,46.01,2000,46.01,1976,46.01,1991,46.01,2012,46.01,0,46.01,0,46.01,0,46.01,0,46.01,2001,46.01,2001,46.01,2001,46.01,2001
46.02,0,46.02,0,46.02,0,46.02,0,46.02,2024,46.02,1991,46.02,1992,46.02,1983,46.02,0,46.02,0,46.02,0,46.02,0,46.02,2001,46.02,2001,46.02,2001,46.02,2001
46.03,0,46.03,0,46.03,0,46.03,0,46.03,2007,46.03,1999,46.03,2047,46.03,1947,46.03,0,46.03,0,46.03,0,46.03,0,46.03,2001,46.03,2001,46.03,2001,46.03,2001
46.04,0,46.04,0,46.04,0,46.04,0,46.04,1998,46.04,1978,46.04,1984,46.04,1956,46.04,0,46.04,0,46.04,0,46.04,0,46.04,2001,46.04,2001,46.04,2001,46.04,2001
46.05,0,46.05,0,46.05,0,46.05,0,46.05,2005,46.05,2004,46.05,2035,46.05,1971,46.05,0,46.05,0,46.05,0,46.05,0,46.05,2001,46.05,2001,46.05,2001,46.05,2001
46.06,0,46.06,0,46.06,0,46.06,0,46.06,2007,46.06,1992,46.06,2015,46.06,1986,46.06,0,46.06,0,46.06,0,46.06,0,46.06,2001,46.06,2001,46.06,2001,46.06,2001
46.07,0,46.07,0,46.07,0,46.07,0,46.07,1955,46.07,1994,46.07,2020,46.07,1975,46.07,0,46.07,0,46.07,0,46.07,0,46.07,2001,46.07,2001,46.07,2001,46.07,2001
46.08,0,46.08,0,46.08,0,46.08,0,46.08,1984,46.08,2107,46.08,1998,46.08,2004,46.08,0,46.08,0,46.08,0,46.08,0,46.08,2001,46.08,2001,46.08,2001,46.08,2001
46.09,0,46.09,0,46.09,0,46.09,0,46.09,1989,46.09,1988,46.09,1999,46.09,2005,46.09,0,46.09,0,46.09,0,46.09,0,46.09,2001,46.09,2001,46.09,2001,46.09,2001
46.1,0,46.1,0,46.1,0,46.1,0,46.1,2034,46.1,1989,46.1,1981,46.1,1977,46.1,0,46.1,0,46.1,0,46.1,0,46.1,2001,46.1,2001,46.1,2001,46.1,2001
46.11,0,46.11,0,46.11,0,46.11,0,46.11,1994,46.11,2015,46.11,1992,46.11,1966,46.11,0,46.11,0,46.11,0,46.11,0,46.11,2001,46.11,2001,46.11,2001,46.11,2001
46.12,0,46.12,0,46.12,0,46.12,0,46.12,1990,46.12,2002,46.12,2040,46.12,1981,46.12,0,46.12,0,46.12,0,46.12,0,46.12,2001,46.12,2001,46.12,2001,46.12,2001
46.13,0,46.13,0,46.13,0,46.13,0,46.13,2016,46.13,1986,46.13,1981,46.13,2002,46.13,0,46.13,0,46.13,0,46.13,0,46.13,2001,46.13,2001,46.13,2001,46.13,2001
46.14,0,46.14,0,46.14,0,46.14,0,46.14,2003,46.14,2012,46.14,1987,46.14,1994,46.14,0,46.14,0,46.14,0,46.14,0,46.14,2001,46.14,2001,46.14,2001,46.14,2001
46.15,0,46.15,0,46.15,0,46.15,0,46.15,2018,46.15,2001,46.15,2011,46.15,1973,46.15,0,46.15,0,46.15,0,46.15,0,46.15,2001,46.15,2001,46.15,2001,46.15,2001
46.16,0,46.16,0,46.16,0,46.16,0,46.16,1995,46.16,1987,46.16,1966,46.16,2014,46.16,0,46.16,0,46.16,0,46.16,0,46.16,2001,46.16,2001,46.16,2001,46.16,2001
46.17,0,46.17,0,46.17,0,46.17,0,46.17,1976,46.17,1965,46.17,1993,46.17,2005,46.17,0,46.17,0,46.17,0,46.17,0,46.17,2001,46.17,2001,46.17,2001,46.17,2001
46.18,0,46.18,0,46.18,0,46.18,0,46.18,1984,46.18,1973,46.18,1991,46.18,2001,46.18,0,46.18,0,46.18,0,46.18,0,46.18,2001,46.18,2001,46.18,2001,46.18,2001
46.19,0,46.19,0,46.19,0,46.19,0,46.19,1994,46.19,1992,46.19,1924,46.19,2000,46.19,0,46.19,0,46.19,0,46.19,0,46.19,2001,46.19,2001,46.19,2001,46.19,2001
46.2,0,46.2,0,46.2,0,46.2,0,46.2,1974,46.2,1970,46.2,2004,46.2,1995,46.2,0,46.2,0,46.2,0,46.2,0,46.2,2001,46.2,2001,46.2,2001,46.2,2001
46.21,0,46.21,0,46.21,0,46.21,0,46.21,1978,46.21,1936,46.21,1962,46.21,2008,46.21,0,46.21,0,46.21,0,46.21,0,46.21,2001,46.21,2001,46.21,2001,46.21,2001
46.22,0,46.22,0,46.22,0,46.22,0,46.22,1961,46.22,1973,46.22,2006,46.22,2089,46.22,0,46.22,0,46.22,0,46.22,0,46.22,2001,46.22,2001,46.22,2001,46.22,2001
46.23,0,46.23,0,46.23,0,46.23,0,46.23,1973,46.23,2104,46.23,2003,46.23,1986,46.23,0,46.23,0,46.23,0,46.23,0,46.23,2001,46.23,2001,46.23,2001,46.23,2001
46.24,0,46.24,0,46.24,0,46.24,0,46.24,2002,46.24,1982,46.24,1943,46.24,1984,46.24,0,46.24,0,46.24,0,46.24,0,46.24,2001,46.24,2001,46.24,2001,46.24,2001
46.25,0,46.25,0,46.25,0,46.25,0,46.25,1949,46.25,1986,46.25,1982,46.25,2006,46.25,0,46.25,0,46.25,0,46.25,0,46.25,2001,46.25,2001,46.25,2001,46.25,2001
46.26,0,46.26,0,46.26,0,46.26,0,46.26,1987,46.26,1994,46.26,1982,46.26,1975,46.26,0,46.26,0,46.26,0,46.26,0,46.26,2001,46.26,2001,46.26,2001,46.26,2001
46.27,0,46.27,0,46.27,0,46.27,0,46.27,2039,46.27,1980,46.27,2063,46.27,1992,46.27,0,46.27,0,46.27,0,46.27,0,46.27,2001,46.27,2001,46.27,2001,46.27,2001
46.28,0,46.28,0,46.28,0,46.28,0,46.28,1997,46.28,1977,46.28,2000,46.28,1989,46.28,0,46.28,0,46.28,0,46.28,0,46.28,2001,46.28,2001,46.28,2001,46.28,2001
46.29,0,46.29,0,46.29,0,46.29,0,46.29,2010,46.29,1976,46.29,1997,46.29,1980,46.29,0,46.29,0,46.29,0,46.29,0,46.29,2001,46.29,2001,46.29,2001,46.29,2001
46.3,0,46.3,0,46.3,0,46.3,0,46.3,2018,46.3,1993,46.3,1953,46.3,2042,46.3,0,46.3,0,46.3,0,46.3,0,46.3,2001,46.3,2001,46.3,2001,46.3,2001
46.31,0,46.31,0,46.31,0,46.31,0,46.31,2031,46.31,1992,46.31,1970,46.31,2001,46.31,0,46.31,0,46.31,0,46.31,0,46.31,2001,46.31,2001,46.31,2001,46.31,2001
46.32,0,46.32,0,46.32,0,46.32,0,46.32,1932,46.32,1997,46.32,1983,46.32,2124,46.32,0,46.32,0,46.32,0,46.32,0,46.32,2001,46.32,2001,46.32,2001,46.32,2001
46.33,0,46.33,0,46.33,0,46.33,0,46.33,1982,46.33,2074,46.33,1982,46.33,1995,46.33,0,46.33,0,46.33,0,46.33,0,46.33,2001,46.33,2001,46.33,2001,46.33,2001
46.34,0,46.34,0,46.34,0,46.34,0,46.34,1977,46.34,1999,46.34,1989,46.34,1997,46.34,0,46.34,0,46.34,0,46.34,0,46.34,2001,46.34,2001,46.34,2001,46.34,2001
46.35,0,46.35,0,46.35,0,46.35,0,46.35,1996,46.35,1995,46.35,2033,46.35,1993,46.35,0,46.35,0,46.35,0,46.35,0,46.35,2001,46.35,2001,46.35,2001,46.35,2001
