X1;Y6;Y8;Y16
0;1965;1987;2001
0,01;0;0;2001
0,02;0;0;2001
0,03;0;524;2001
0,04;0;995;2001
0,05;0;1371;2001
0,06;0;1385;2001
0,07;0;1415;2001
0,08;0;1461;2001
0,09;0;1503;2001
0,1;0;1516;2001
0,11;32;1543;2001
0,12;619;1575;2001
0,13;872;1784;2001
0,14;1232;2215;2001
0,15;1277;2309;2001
0,16;1310;2321;2001
0,17;1346;2315;2001
0,18;1343;2273;2001
0,19;1360;2353;2001
0,2;1383;2224;2001
0,21;1328;2166;2001
0,22;1386;2180;2001
0,23;1485;2291;2001
0,24;1681;2149;2001
0,25;2176;2144;2001
0,26;2544;2175;2001
0,27;3051;2076;2001
0,28;3742;2098;2001
0,29;4122;2093;2001
0,3;4207;2099;2001
0,31;3884;2052;2001
0,32;3802;2053;2001
0,33;3544;2030;2001
0,34;3334;2052;2001
0,35;3136;1981;2001
0,36;3018;1995;2001
0,37;2890;1989;2001
0,38;2766;2012;2001
0,39;2661;1993;2001
0,4;2626;2111;2001
0,41;2534;1990;2001
0,42;2482;2003;2001
0,43;2407;2033;2001
0,44;2338;1961;2001
0,45;2401;1999;2001
0,46;2252;1996;2001
0,47;2203;2016;2001
0,48;2182;2004;2001
0,49;2132;2011;2001
0,5;2114;1993;2001
0,51;2066;1963;2001
0,52;2087;2035;2001
0,53;2061;1989;2001
0,54;2015;2000;2001
0,55;2026;1997;2001
0,56;2007;1990;2001
0,57;2017;1982;2001
0,58;2005;1974;2001
0,59;1928;2033;2001
0,6;1993;2007;2001
0,61;2004;2029;2001
0,62;1982;2004;2001
0,63;1991;1989;2001
0,64;2006;2012;2001
0,65;1988;1954;2001
0,66;1989;1994;2001
0,67;2016;2010;2001
0,68;2014;1936;2001
0,69;1992;1996;2001
0,7;1974;2014;2001
0,71;2030;2100;2001
0,72;1992;1997;2001
0,73;2082;2012;2001
0,74;2010;1995;2001
0,75;1950;1972;2001
0,76;2011;1970;2001
0,77;2010;1940;2001
0,78;2000;1973;2001
0,79;2025;2021;2001
0,8;2056;1989;2001
0,81;1959;2015;2001
0,82;2018;1996;2001
0,83;2018;1999;2001
0,84;1983;1991;2001
0,85;2004;2018;2001
0,86;1944;2008;2001
0,87;1949;1996;2001
0,88;2137;2019;2001
0,89;1989;1976;2001
0,9;2012;1975;2001
0,91;2005;1999;2001
0,92;1970;1983;2001
0,93;1980;1994;2001
0,94;2000;2004;2001
0,95;2007;1999;2001
0,96;1966;2115;2001
0,97;2002;2004;2001
0,98;2043;1957;2001
0,99;1993;1986;2001
1;2011;2015;2001
1,01;2000;2002;2001
1,02;1996;2041;2001
1,03;1999;2004;2001
1,04;1998;2006;2001
1,05;1998;1988;2001
1,06;2031;2007;2001
1,07;2024;1993;2001
1,08;2025;2041;2001
1,09;2000;2018;2001
1,1;1976;2027;2001
1,11;1982;2028;2001
1,12;1988;1986;2001
1,13;2017;1980;2001
1,14;1989;1998;2001
1,15;1998;2004;2001
1,16;2014;1968;2001
1,17;1992;2036;2001
1,18;2055;2094;2001
1,19;2002;2252;2001
1,2;2017;1974;2001
1,21;1992;1980;2001
1,22;1991;1989;2001
1,23;2014;1939;2001
1,24;2007;1998;2001
1,25;2010;2003;2001
1,26;1988;1997;2001
1,27;2063;1996;2001
1,28;2016;2010;2001
1,29;1985;2003;2001
1,3;2002;2066;2001
1,31;1994;1995;2001
1,32;2015;2010;2001
1,33;1992;1977;2001
1,34;1994;1980;2001
1,35;1987;1995;2001
1,36;2008;2011;2001
1,37;2010;1966;2001
1,38;1990;2001;2001
1,39;2018;1982;2001
1,4;2018;1985;2001
1,41;1988;1990;2001
1,42;2096;2000;2001
1,43;1983;1952;2001
1,44;1999;2015;2001
1,45;1964;1996;2001
1,46;1956;1998;2001
1,47;1997;1980;2001
1,48;1987;1998;2001
1,49;2006;2016;2001
1,5;1973;1985;2001
1,51;1980;1989;2001
1,52;2000;2010;2001
1,53;1996;1954;2001
1,54;1986;1965;2001
1,55;2021;1988;2001
1,56;2025;2022;2001
1,57;1945;2027;2001
1,58;2004;2030;2001
1,59;1928;1995;2001
1,6;2005;2000;2001
1,61;1983;1996;2001
1,62;1998;1991;2001
1,63;1989;2002;2001
1,64;2029;1994;2001
1,65;1998;1981;2001
1,66;1975;2015;2001
1,67;1996;1957;2001
1,68;2001;2006;2001
1,69;1966;2001;2001
1,7;2022;1968;2001
1,71;2016;1995;2001
1,72;1992;1999;2001
1,73;2120;2001;2001
1,74;2025;1973;2001
1,75;1989;1986;2001
1,76;1994;2028;2001
1,77;1990;1957;2001
1,78;1983;1987;2001
1,79;2004;2004;2001
1,8;2009;2028;2001
1,81;1983;1964;2001
1,82;2014;2010;2001
1,83;2003;1986;2001
1,84;2010;1989;2001
1,85;2296;2014;2001
1,86;2010;1999;2001
1,87;1969;1964;2001
1,88;2001;1943;2001
1,89;2006;2126;2001
1,9;1982;1991;2001
1,91;2050;1975;2001
1,92;2005;1987;2001
1,93;1995;1984;2001
1,94;2011;1962;2001
1,95;1993;1996;2001
1,96;1988;2003;2001
1,97;1966;2018;2001
1,98;2003;2005;2001
1,99;1971;1970;2001
2;2019;1982;2001
2,01;1992;1952;2001
2,02;1966;1986;2001
2,03;2021;2006;2001
2,04;2019;1990;2001
2,05;1962;2003;2001
2,06;2004;2011;2001
2,07;1990;1967;2001
2,08;1984;1982;2001
2,09;2004;2005;2001
2,1;2016;1978;2001
2,11;1986;1957;2001
2,12;1999;1978;2001
2,13;1963;2008;2001
2,14;1992;1997;2001
2,15;1994;2013;2001
2,16;2014;2011;2001
2,17;1993;2100;2001
2,18;1988;1986;2001
2,19;1998;1996;2001
2,2;1992;1990;2001
2,21;1985;2004;2001
2,22;2018;2019;2001
2,23;1991;1989;2001
2,24;2004;1960;2001
2,25;2094;1999;2001
2,26;1989;1996;2001
2,27;1980;1988;2001
2,28;1991;2008;2001
2,29;1979;1991;2001
2,3;1992;2020;2001
2,31;1976;1955;2001
2,32;1998;1991;2001
2,33;2008;1993;2001
2,34;2108;1991;2001
2,35;2010;1990;2001
2,36;2033;1993;2001
2,37;2015;1998;2001
2,38;1987;1978;2001
2,39;1998;2002;2001
2,4;1984;1996;2001
2,41;1990;1986;2001
2,42;1987;1958;2001
2,43;1992;2000;2001
2,44;1990;1984;2001
2,45;1996;1988;2001
2,46;1976;1992;2001
2,47;2072;1999;2001
2,48;2010;2072;2001
2,49;2008;1996;2001
2,5;1997;1992;2001
2,51;2017;1993;2001
2,52;2034;1991;2001
2,53;1992;1969;2001
2,54;2063;1985;2001
2,55;2003;2001;2001
2,56;1988;2020;2001
2,57;1992;1974;2001
2,58;2019;1982;2001
2,59;2014;2009;2001
2,6;2008;1992;2001
2,61;1984;1992;2001
2,62;1993;1942;2001
2,63;1978;1945;2001
2,64;2017;2036;2001
2,65;1979;1980;2001
2,66;2048;1956;2001
2,67;2003;1978;2001
2,68;1996;1981;2001
2,69;2031;2097;2001
2,7;2000;1987;2001
2,71;1977;1974;2001
2,72;2003;2003;2001
2,73;2012;2122;2001
2,74;2004;1976;2001
2,75;1980;1963;2001
2,76;2013;2081;2001
2,77;1994;1988;2001
2,78;2004;1993;2001
2,79;2001;1996;2001
2,8;1989;1993;2001
2,81;1988;2016;2001
2,82;1976;2008;2001
2,83;2005;1999;2001
2,84;1984;1989;2001
2,85;2023;1973;2001
2,86;2004;2011;2001
2,87;1997;2001;2001
2,88;2017;1973;2001
2,89;1996;1992;2001
2,9;1958;1976;2001
2,91;2012;1977;2001
2,92;1990;2080;2001
2,93;2000;1974;2001
2,94;2015;1959;2001
2,95;1986;1990;2001
2,96;1988;1991;2001
2,97;1997;1985;2001
2,98;2023;1994;2001
2,99;2029;2011;2001
3;2005;2016;2001
3,01;2014;1985;2001
3,02;1989;2122;2001
3,03;2012;1998;2001
3,04;2047;1999;2001
3,05;1968;1962;2001
3,06;2023;1991;2001
3,07;1999;2000;2001
3,08;2036;1977;2001
3,09;1994;1998;2001
3,1;2004;2112;2001
3,11;1990;1986;2001
3,12;2009;1992;2001
3,13;2001;2008;2001
3,14;1996;2018;2001
3,15;1998;2042;2001
3,16;1997;1984;2001
3,17;1982;1979;2001
3,18;2009;2020;2001
3,19;1998;2007;2001
3,2;1979;1985;2001
3,21;1989;1966;2001
3,22;2004;2000;2001
3,23;1998;1994;2001
3,24;2024;1970;2001
3,25;2010;1967;2001
3,26;1997;1990;2001
3,27;2044;1995;2001
3,28;1986;2053;2001
3,29;1989;1966;2001
3,3;2001;1992;2001
3,31;1998;2009;2001
3,32;2018;1995;2001
3,33;2074;2141;2001
3,34;2011;1992;2001
3,35;1977;2013;2001
3,36;1997;1948;2001
3,37;2010;1990;2001
3,38;1979;1986;2001
3,39;2040;2002;2001
3,4;1998;2000;2001
3,41;2004;2002;2001
3,42;1998;1962;2001
3,43;2010;2017;2001
3,44;2003;2104;2001
3,45;1990;1996;2001
3,46;2186;2000;2001
3,47;2004;1990;2001
3,48;1995;1906;2001
3,49;2071;1985;2001
3,5;2006;1982;2001
3,51;1994;1936;2001
3,52;2002;1988;2001
3,53;2000;1999;2001
3,54;1994;1985;2001
3,55;2000;2048;2001
3,56;1989;2040;2001
3,57;1990;2023;2001
3,58;1987;2012;2001
3,59;1988;2007;2001
3,6;1992;1982;2001
3,61;2057;2023;2001
3,62;1982;1986;2001
3,63;2015;2003;2001
3,64;2038;2013;2001
3,65;1988;1939;2001
3,66;2000;1999;2001
3,67;1964;2052;2001
3,68;1993;2023;2001
3,69;1995;1949;2001
3,7;2002;2084;2001
3,71;1995;2011;2001
3,72;1986;1977;2001
3,73;1992;2152;2001
3,74;1999;1979;2001
3,75;2042;1996;2001
3,76;2025;1968;2001
3,77;2000;1994;2001
3,78;1958;2002;2001
3,79;2122;2020;2001
3,8;1998;2017;2001
3,81;1975;1997;2001
3,82;2019;2011;2001
3,83;1991;2131;2001
3,84;1988;1984;2001
3,85;2000;1969;2001
3,86;2064;2029;2001
3,87;1982;1981;2001
3,88;2011;1984;2001
3,89;2010;1969;2001
3,9;1987;2008;2001
3,91;1997;2023;2001
3,92;1996;1999;2001
3,93;1985;1962;2001
3,94;1998;2084;2001
3,95;2025;2254;2001
3,96;1979;1965;2001
3,97;2012;1950;2001
3,98;2003;2033;2001
3,99;2178;1996;2001
4;2028;1962;2001
4,01;1992;1997;2001
4,02;1994;1976;2001
4,03;1994;2027;2001
4,04;1989;1990;2001
4,05;1980;2102;2001
4,06;2005;1984;2001
4,07;2004;2052;2001
4,08;2021;1993;2001
4,09;1999;2006;2001
4,1;2004;2002;2001
4,11;1989;1952;2001
4,12;1960;2000;2001
4,13;1997;2002;2001
4,14;2036;1988;2001
4,15;1965;1989;2001
4,16;2030;1985;2001
4,17;2008;1971;
4,18;2038;1978;
4,19;2021;2061;
4,2;2011;2163;
4,21;2016;2139;
4,22;1988;2604;
4,23;1975;2889;
4,24;1975;3455;
4,25;1993;3487;
4,26;1934;3574;
4,27;1994;4492;
4,28;1995;5435;
4,29;1984;6891;
4,3;2001;8348;
4,31;2003;9064;
4,32;1982;9599;
4,33;2003;10145;
4,34;1991;10359;
4,35;2022;10598;
4,36;1993;7927;
4,37;2010;5718;2001
4,38;1996;5048;2001
4,39;1993;4252;2001
4,4;2023;3808;2001
4,41;1962;3570;2001
4,42;1982;3329;2001
4,43;1994;3280;2001
4,44;1987;3011;2001
4,45;2001;2846;2001
4,46;1998;2782;2001
4,47;2004;2722;2001
4,48;1967;2611;2001
4,49;2010;2723;2001
4,5;1990;2474;2001
4,51;1992;2372;2001
4,52;2033;2369;2001
4,53;1984;2312;2001
4,54;1974;2269;2001
4,55;1985;2215;2001
4,56;1994;2213;2001
4,57;1986;2174;2001
4,58;1996;2157;2001
4,59;1986;2143;2001
4,6;1983;2151;2001
4,61;2004;2084;2001
4,62;2003;2087;2001
4,63;1996;2123;2001
4,64;1985;2093;2001
4,65;2053;2045;2001
4,66;1996;2060;2001
4,67;2026;2047;2001
4,68;1980;2032;2001
4,69;1988;1988;2001
4,7;1995;2012;2001
4,71;1990;2022;2001
4,72;2034;1998;2001
4,73;2001;1996;2001
4,74;1990;2012;2001
4,75;2046;2006;2001
4,76;2005;2011;2001
4,77;1956;2029;2001
4,78;1993;2000;2001
4,79;1995;1999;2001
4,8;1984;1990;2001
4,81;2018;2000;2001
4,82;1985;1997;2001
4,83;1989;1994;2001
4,84;1976;2029;2001
4,85;1985;1991;2001
4,86;1978;1988;2001
4,87;1982;1999;2001
4,88;2040;1970;2001
4,89;1995;1992;2001
4,9;1998;2094;2001
4,91;2009;1988;2001
4,92;2018;2015;2001
4,93;1950;2008;2001
4,94;1984;1961;2001
4,95;1994;1998;2001
4,96;2006;2002;2001
4,97;1996;2033;2001
4,98;2017;1981;2001
4,99;1971;1982;2001
5;1992;1989;2001
5,01;1992;1979;2001
5,02;2002;2012;2001
5,03;2011;1992;2001
5,04;2023;1976;2001
5,05;1982;2048;2001
5,06;1985;1972;2001
5,07;1997;1976;2001
5,08;1989;1998;2001
5,09;2056;1989;2001
5,1;2019;2001;2001
5,11;1989;2071;2001
5,12;1991;1976;2001
5,13;2008;2005;2001
5,14;1993;2008;2001
5,15;2025;1986;2001
5,16;2015;1991;2001
5,17;1986;2036;2001
5,18;1991;1985;2001
5,19;1960;2007;2001
5,2;1986;2119;2001
5,21;2033;1994;2001
5,22;2012;1985;2001
5,23;2319;2001;2001
5,24;2635;2002;2001
5,25;3108;1998;2001
5,26;3826;2033;2001
5,27;4590;2003;2001
5,28;6594;1987;2001
5,29;9775;1918;2001
5,3;11864;1966;2001
5,31;13352;1946;2001
5,32;14108;1973;2001
5,33;12008;1965;2001
5,34;9789;1982;2001
5,35;6230;2068;2001
5,36;4831;2008;2001
5,37;4403;1998;2001
5,38;4096;2005;2001
5,39;3812;2005;2001
5,4;3597;2002;2001
5,41;3342;1992;2001
5,42;3176;2012;2001
5,43;2976;2090;2001
5,44;3161;2006;2001
5,45;2944;2015;2001
5,46;2732;1987;2001
5,47;2583;1985;2001
5,48;2512;1984;2001
5,49;2479;1997;2001
5,5;2418;2027;2001
5,51;2370;2019;2001
5,52;2270;1980;2001
5,53;2266;1945;2001
5,54;2228;1985;2001
5,55;2144;1994;2001
5,56;2203;1998;2001
5,57;2097;1989;2001
5,58;2083;1982;2001
5,59;2081;2026;2001
5,6;2112;2007;2001
5,61;2056;2005;2001
5,62;2030;2004;2001
5,63;2001;1986;2001
5,64;2000;1997;2001
5,65;2005;2040;2001
5,66;1994;2059;2001
5,67;2027;1991;2001
5,68;2010;2022;2001
5,69;1988;2085;2001
5,7;2044;1986;2001
5,71;1993;1937;2001
5,72;1948;1996;2001
5,73;2007;2046;2001
5,74;1994;1999;2001
5,75;1983;2007;2001
5,76;1967;1995;2001
5,77;2001;1998;2001
5,78;1998;2017;2001
5,79;2001;2008;2001
5,8;2000;1947;2001
5,81;2004;2028;2001
5,82;1985;1974;2001
5,83;1997;1985;2001
5,84;1985;2012;2001
5,85;2014;2017;2001
5,86;1951;2006;2001
5,87;1978;2012;2001
5,88;1998;1976;2001
5,89;2006;1993;2001
5,9;1990;1968;2001
5,91;1995;2034;2001
5,92;2000;2000;2001
5,93;2108;1983;2001
5,94;2006;2022;2001
5,95;1991;1965;2001
5,96;2028;2034;2001
5,97;1994;1991;2001
5,98;2010;1980;2001
5,99;2003;2015;2001
6;2014;1998;2001
6,01;1999;1986;2001
6,02;1988;2003;2001
6,03;2009;2005;2001
6,04;2023;1987;2001
6,05;2028;2006;2001
6,06;1984;2053;2001
6,07;2001;1996;2001
6,08;1986;2019;2001
6,09;1992;2029;2001
6,1;1974;1938;2001
6,11;1977;1971;2001
6,12;2015;1963;2001
6,13;1972;1998;2001
6,14;1950;2015;2001
6,15;2063;1967;2001
6,16;2044;1998;2001
6,17;1965;2006;2001
6,18;1984;2017;2001
6,19;1994;1990;2001
6,2;2014;2027;2001
6,21;2017;1986;2001
6,22;1986;1956;2001
6,23;1988;1994;2001
6,24;2063;2023;2001
6,25;2004;1967;2001
6,26;1987;2012;2001
6,27;1999;1964;2001
6,28;1995;1973;2001
6,29;1991;1973;2001
6,3;1994;1991;2001
6,31;1994;2056;2001
6,32;1936;1999;2001
6,33;2032;2008;2001
6,34;1992;1989;2001
6,35;1999;1994;2001
6,36;1976;2136;2001
6,37;2027;1975;2001
6,38;2050;2019;2001
6,39;2003;2024;2001
6,4;2013;1994;2001
6,41;1988;1995;2001
6,42;2046;1995;2001
6,43;2024;2176;2001
6,44;1990;1964;2001
6,45;1988;1974;2001
6,46;2018;1976;2001
6,47;1987;1981;2001
6,48;1997;2025;2001
6,49;2045;1996;2001
6,5;1986;1958;2001
6,51;1989;1995;2001
6,52;2003;2012;2001
6,53;1993;1992;2001
6,54;2000;1964;2001
6,55;2029;1981;2001
6,56;1993;1982;2001
6,57;1999;2008;2001
6,58;2013;1982;2001
6,59;2054;1984;2001
6,6;1984;2022;2001
6,61;2022;2014;2001
6,62;1965;2023;2001
6,63;1977;1990;2001
6,64;1995;1891;2001
6,65;1977;1986;2001
6,66;1966;2004;2001
6,67;2008;1990;2001
6,68;2009;1969;2001
6,69;1995;1974;2001
6,7;2025;1975;2001
6,71;1972;2048;2001
6,72;2009;2016;2001
6,73;2017;1990;2001
6,74;2005;2046;2001
6,75;1994;2002;2001
6,76;2006;2025;2001
6,77;1989;1983;2001
6,78;2011;2015;2001
6,79;2021;1978;2001
6,8;1982;1993;2001
6,81;1988;2022;2001
6,82;2019;1911;2001
6,83;1989;1977;2001
6,84;1976;1974;2001
6,85;2010;1952;2001
6,86;1988;2081;2001
6,87;1982;1992;2001
6,88;2038;2038;2001
6,89;2009;2006;2001
6,9;1993;2298;2001
6,91;2015;1976;2001
6,92;1981;2003;2001
6,93;1935;2003;2001
6,94;2022;2002;2001
6,95;2023;1980;2001
6,96;1987;2031;2001
6,97;2000;2008;2001
6,98;1985;1997;2001
6,99;1971;2016;2001
7;2015;1997;2001
7,01;1998;2005;2001
7,02;2018;2052;2001
7,03;2039;1995;2001
7,04;2012;1991;2001
7,05;1950;2004;2001
7,06;2013;1997;2001
7,07;1989;2187;2001
7,08;1980;1947;2001
7,09;2012;2026;2001
7,1;1998;1965;2001
7,11;2034;2022;2001
7,12;2008;2012;2001
7,13;1998;2016;2001
7,14;1960;2135;2001
7,15;2001;1955;2001
7,16;2036;2031;2001
7,17;1999;1996;2001
7,18;1985;2008;2001
7,19;2004;1990;2001
7,2;2039;2001;2001
7,21;1980;1998;2001
7,22;2017;1994;2001
7,23;1995;1975;2001
7,24;2005;2069;2001
7,25;2016;2004;2001
7,26;1964;1964;2001
7,27;2349;2048;2001
7,28;2031;1980;2001
7,29;1995;2007;2001
7,3;1991;2011;2001
7,31;1981;1982;2001
7,32;1995;1997;2001
7,33;1941;2111;2001
7,34;2008;1986;2001
7,35;1969;1990;2001
7,36;2006;1999;2001
7,37;1990;1992;2001
7,38;1989;2072;2001
7,39;2003;2009;2001
7,4;2004;2001;2001
7,41;1999;1999;2001
7,42;1978;2008;2001
7,43;2004;1988;2001
7,44;1998;1899;2001
7,45;2081;1997;2001
7,46;1999;2014;2001
7,47;1996;1967;2001
7,48;1985;2021;2001
7,49;1991;1976;2001
7,5;1994;2004;2001
7,51;2013;2000;2001
7,52;2006;2058;2001
7,53;1980;2039;2001
7,54;1986;1996;2001
7,55;1938;1998;2001
7,56;2013;1991;2001
7,57;2011;2008;2001
7,58;2017;1972;2001
7,59;2004;2000;2001
7,6;1981;1995;2001
7,61;1992;2012;2001
7,62;2039;2029;2001
7,63;1980;2014;2001
7,64;1995;2034;2001
7,65;1967;1992;2001
7,66;1993;1983;2001
7,67;2016;1991;2001
7,68;1995;1954;2001
7,69;1990;1957;2001
7,7;2009;1972;2001
7,71;1989;1977;2001
7,72;1996;2137;2001
7,73;2011;2018;2001
7,74;1974;1994;2001
7,75;1981;2036;2001
7,76;2062;2015;2001
7,77;2014;1985;2001
7,78;1939;2014;2001
7,79;1984;1963;2001
7,8;2010;1963;2001
7,81;1972;2015;2001
7,82;1988;1986;2001
7,83;1976;1994;2001
7,84;1985;2001;2001
7,85;1957;2001;2001
7,86;1990;1987;2001
7,87;1992;1974;2001
7,88;2005;1925;2001
7,89;1986;1989;2001
7,9;1992;1975;2001
7,91;2006;2064;2001
7,92;1999;2009;2001
7,93;1944;2016;2001
7,94;2022;1948;2001
7,95;2007;1986;2001
7,96;1984;2010;2001
7,97;1990;1998;2001
7,98;2002;2006;2001
7,99;2019;2002;2001
8;2027;1991;2001
8,01;1981;2003;2001
8,02;1982;2007;2001
8,03;1990;1970;2001
8,04;1982;2012;2001
8,05;1943;2054;2001
8,06;1986;2009;2001
8,07;1988;2030;2001
8,08;2028;2019;2001
8,09;1989;2004;2001
8,1;2000;1966;2001
8,11;2007;1985;2001
8,12;1995;1983;2001
8,13;2004;1997;2001
8,14;1972;2023;2001
8,15;1986;2086;2001
8,16;2002;1960;2001
8,17;1983;1999;2001
8,18;1948;2088;2001
8,19;2006;1970;2001
8,2;2024;1998;2001
8,21;2126;2009;2001
8,22;1999;2002;2001
8,23;1998;2002;2001
8,24;1956;2081;2001
8,25;2009;2051;2001
8,26;1982;2005;2001
8,27;1946;2047;2001
8,28;2005;1987;2001
8,29;1987;2056;2001
8,3;2029;1992;2001
8,31;1992;1999;2001
8,32;2025;2060;2001
8,33;2010;2012;2001
8,34;2030;1982;2001
8,35;2012;1974;2001
8,36;2004;2010;2001
8,37;1987;1994;2001
8,38;1976;2011;2001
8,39;1964;2009;2001
8,4;2003;1994;2001
8,41;2023;1997;2001
8,42;2029;1992;2001
8,43;2003;1973;2001
8,44;1995;1993;2001
8,45;2006;2006;2001
8,46;2025;2085;2001
8,47;1982;1984;2001
8,48;1955;2001;2001
8,49;2007;1993;2001
8,5;1987;1989;2001
8,51;2014;2022;2001
8,52;1976;1998;2001
8,53;1983;1990;2001
8,54;1960;1998;2001
8,55;2004;2026;2001
8,56;2014;1973;2001
8,57;2002;1996;2001
8,58;1982;1992;2001
8,59;2041;2008;2001
8,6;2025;2027;2001
8,61;2005;1988;2001
8,62;1994;1999;2001
8,63;1995;2008;2001
8,64;2038;1998;2001
8,65;1988;1990;2001
8,66;1988;1983;2001
8,67;1995;1992;2001
8,68;1986;1991;2001
8,69;2038;1979;2001
8,7;2037;1993;2001
8,71;1974;2023;2001
8,72;1997;2006;2001
8,73;2026;1996;2001
8,74;1992;2006;2001
8,75;2000;1957;2001
8,76;2050;1983;2001
8,77;2067;1997;2001
8,78;2019;2155;2001
8,79;2052;1938;2001
8,8;1988;1994;2001
8,81;1936;2111;2001
8,82;2078;1993;2001
8,83;1996;1945;2001
8,84;1988;2017;2001
8,85;2006;1960;2001
8,86;2001;1991;2001
8,87;2009;2008;2001
8,88;1998;1977;2001
8,89;1979;2103;2001
8,9;1996;1975;2001
8,91;2011;1988;2001
8,92;1991;1992;2001
8,93;1980;2003;2001
8,94;1998;1986;2001
8,95;1983;1993;2001
8,96;2051;2060;2001
8,97;2051;1996;2001
8,98;2030;1994;2001
8,99;1994;2004;2001
9;2108;2007;2001
9,01;1962;2005;2001
9,02;1987;2010;2001
9,03;2001;1992;2001
9,04;1920;1980;2001
9,05;1982;2095;2001
9,06;2026;2035;2001
9,07;1997;1987;2001
9,08;1988;1978;2001
9,09;2003;1983;2001
9,1;2001;2068;2001
9,11;2000;2007;2001
9,12;2005;2006;2001
9,13;1975;1958;2001
9,14;1990;1944;2001
9,15;2039;1996;2001
9,16;1957;1954;2001
9,17;1961;2011;2001
9,18;2016;2000;2001
9,19;2064;2125;2001
9,2;1958;2006;2001
9,21;2016;1999;2001
9,22;1998;1996;2001
9,23;1992;2024;2001
9,24;2019;2022;2001
9,25;2037;2066;2001
9,26;1978;2006;2001
9,27;2015;1964;2001
9,28;1966;2031;2001
9,29;1986;2145;2001
9,3;1964;1984;2001
9,31;2028;1982;2001
9,32;2006;2058;2001
9,33;2016;1970;2001
9,34;1982;1997;2001
9,35;1989;2007;2001
9,36;2013;1984;2001
9,37;1985;1982;2001
9,38;2005;2028;2001
9,39;2012;1998;2001
9,4;2000;1971;2001
9,41;1951;1981;2001
9,42;2004;1980;2001
9,43;1996;1943;2001
9,44;2008;1974;2001
9,45;2023;2003;2001
9,46;2009;2010;2001
9,47;1987;2337;2001
9,48;2018;1924;2001
9,49;1999;1996;2001
9,5;1976;1985;2001
9,51;2012;1997;2001
9,52;2022;2000;2001
9,53;1977;1995;2001
9,54;1999;1991;2001
9,55;2007;1990;2001
9,56;1997;1990;2001
9,57;2003;2009;2001
9,58;2021;1965;2001
9,59;1974;1966;2001
9,6;2039;1986;2001
9,61;2000;2007;2001
9,62;1994;1988;2001
9,63;1992;1990;2001
9,64;1962;1982;2001
9,65;2068;1985;2001
9,66;1999;1960;2001
9,67;2007;1948;2001
9,68;1979;1971;2001
9,69;1970;1994;2001
9,7;2062;1954;2001
9,71;1996;1980;2001
9,72;2021;2013;2001
9,73;1996;1968;2001
9,74;1961;1983;2001
9,75;2008;1990;2001
9,76;2025;1998;2001
9,77;1966;1946;2001
9,78;2018;2047;2001
9,79;1997;1967;2001
9,8;1987;1978;2001
9,81;2019;1990;2001
9,82;2003;2005;2001
9,83;2015;2001;2001
9,84;2010;1978;2001
9,85;2009;1967;2001
9,86;1981;1975;2001
9,87;2007;1983;2001
9,88;2003;2000;2001
9,89;1983;1971;2001
9,9;1994;2005;2001
9,91;2015;1978;2001
9,92;2016;2023;2001
9,93;1992;2035;2001
9,94;2024;1996;2001
9,95;1970;1984;2001
9,96;2002;1983;2001
9,97;2023;1961;2001
9,98;1993;1991;2001
9,99;1985;2002;2001
10;2017;2022;2001
10,01;2005;2001;2001
10,02;1947;2029;2001
10,03;2012;1990;2001
10,04;2002;2079;2001
10,05;1992;2001;2001
10,06;1958;1989;2001
10,07;2016;1981;2001
10,08;1995;1981;2001
10,09;2018;2006;2001
10,1;1994;1999;2001
10,11;1965;2034;2001
10,12;2007;1989;2001
10,13;1994;1995;2001
10,14;1958;2002;2001
10,15;2013;1936;2001
10,16;1987;1994;2001
10,17;1974;2034;2001
10,18;2024;1998;2001
10,19;2003;2112;2001
10,2;1983;1974;2001
10,21;2026;2020;2001
10,22;2035;1987;2001
10,23;2012;2034;2001
10,24;2010;1987;2001
10,25;1987;1987;2001
10,26;2001;2013;2001
10,27;1984;1988;2001
10,28;1985;1981;2001
10,29;2006;1999;2001
10,3;1988;1997;2001
10,31;2002;2001;2001
10,32;2008;1983;2001
10,33;2012;1984;2001
10,34;2003;1996;2001
10,35;1998;1983;2001
10,36;1992;1975;2001
10,37;2097;1994;2001
10,38;1988;1990;2001
10,39;2029;1986;2001
10,4;2004;1982;2001
10,41;2014;2016;2001
10,42;2018;2024;2001
10,43;2012;1954;2001
10,44;2008;1966;2001
10,45;2062;2112;2001
10,46;1990;1931;2001
10,47;1946;2018;2001
10,48;2013;1948;2001
10,49;1991;1975;2001
10,5;1990;1981;2001
10,51;1996;1955;2001
10,52;1991;2020;2001
10,53;2107;1996;2001
10,54;1972;2002;2001
10,55;1994;1987;2001
10,56;2016;1979;2001
10,57;2006;1980;2001
10,58;2055;1968;2001
10,59;1996;1966;2001
10,6;2004;1997;2001
10,61;1983;2043;2001
10,62;2002;2015;2001
10,63;2013;1996;2001
10,64;1992;1999;2001
10,65;1993;2016;2001
10,66;2010;2001;2001
10,67;1989;1960;2001
10,68;1981;1945;2001
10,69;1980;2026;2001
10,7;2099;1980;2001
10,71;1995;1996;2001
10,72;1986;1963;2001
10,73;2005;1994;2001
10,74;1985;1968;2001
10,75;1972;2020;2001
10,76;2002;2001;2001
10,77;1981;1992;2001
10,78;2028;2016;2001
10,79;1991;2000;2001
10,8;2015;1944;2001
10,81;2022;1995;2001
10,82;2028;2010;2001
10,83;1977;1958;2001
10,84;2019;1999;2001
10,85;1998;1963;2001
10,86;1980;1995;2001
10,87;2006;2012;2001
10,88;1999;2003;2001
10,89;1989;2054;2001
10,9;2008;2021;2001
10,91;2007;1996;2001
10,92;1989;2011;2001
10,93;2094;2042;2001
10,94;1988;1996;2001
10,95;1987;1994;2001
10,96;2001;2024;2001
10,97;2018;1984;2001
10,98;2056;1991;2001
10,99;1950;2004;2001
11;2010;1976;2001
11,01;1988;1986;2001
11,02;1982;1971;2001
11,03;1957;1991;2001
11,04;1968;2008;2001
11,05;2017;2125;2001
11,06;2039;1989;2001
11,07;1997;2016;2001
11,08;1978;2015;2001
11,09;1990;1988;2001
11,1;2004;1935;2001
11,11;2073;2000;2001
11,12;1998;1991;2001
11,13;1989;1979;2001
11,14;1982;2028;2001
11,15;1964;2011;2001
11,16;1983;2019;2001
11,17;1999;2040;2001
11,18;2008;2006;2001
11,19;2039;1994;2001
11,2;1989;2036;2001
11,21;1981;1954;2001
11,22;1991;1954;2001
11,23;1966;2026;2001
11,24;2005;1991;2001
11,25;2058;2001;2001
11,26;1997;1940;2001
11,27;2029;2000;2001
11,28;2033;1990;2001
11,29;2011;1994;2001
11,3;2040;1997;2001
11,31;1949;1989;2001
11,32;1989;1980;2001
11,33;2005;1993;2001
11,34;1997;2070;2001
11,35;1980;1981;2001
11,36;2020;1988;2001
11,37;1983;2013;2001
11,38;2004;2041;2001
11,39;2008;2003;2001
11,4;1981;1991;2001
11,41;1978;2007;2001
11,42;2061;1999;2001
11,43;1998;1989;2001
11,44;1990;1986;2001
11,45;1960;1953;2001
11,46;2003;1929;2001
11,47;1999;1998;2001
11,48;2019;1988;2001
11,49;2021;2057;2001
11,5;1984;2086;2001
11,51;2033;1991;2001
11,52;1989;1991;2001
11,53;2001;2162;2001
11,54;2009;1967;2001
11,55;1998;2086;2001
11,56;1973;1970;2001
11,57;2009;1962;2001
11,58;2010;1961;2001
11,59;1976;1986;2001
11,6;1950;2042;2001
11,61;1993;1997;2001
11,62;1997;1947;2001
11,63;2068;1997;2001
11,64;1981;2015;2001
11,65;1960;1974;2001
11,66;2014;1956;2001
11,67;1955;2077;2001
11,68;1982;1995;2001
11,69;2029;1951;2001
11,7;2036;2094;2001
11,71;1991;2103;2001
11,72;1995;1985;2001
11,73;1994;1990;2001
11,74;1974;1975;2001
11,75;2014;2149;2001
11,76;1998;1989;2001
11,77;1976;1987;2001
11,78;2006;2004;2001
11,79;2008;2000;2001
11,8;1983;1975;2001
11,81;1997;1964;2001
11,82;1997;1993;2001
11,83;1950;1998;2001
11,84;2010;1999;2001
11,85;1995;2000;2001
11,86;1977;1981;2001
11,87;1946;1984;2001
11,88;2026;2009;2001
11,89;1988;1988;2001
11,9;2006;1999;2001
11,91;2015;2004;2001
11,92;1976;1996;2001
11,93;1974;2046;2001
11,94;2018;1974;2001
11,95;2010;2005;2001
11,96;2016;1997;2001
11,97;2013;2003;2001
11,98;1970;2112;2001
11,99;2069;1984;2001
12;1997;1966;2001
12,01;1990;1986;2001
12,02;1988;1935;2001
12,03;2240;2039;2001
12,04;2058;1986;2001
12,05;2023;2005;2001
12,06;2006;1999;2001
12,07;1965;1928;2001
12,08;2030;1984;2001
12,09;2074;1986;2001
12,1;1975;2004;2001
12,11;1991;1987;2001
12,12;1991;1983;2001
12,13;1978;2003;2001
12,14;1985;2011;2001
12,15;1969;1985;2001
12,16;1989;2014;2001
12,17;1995;2027;2001
12,18;1996;2007;2001
12,19;1990;2010;2001
12,2;2023;1976;2001
12,21;1996;1985;2001
12,22;1985;1993;2001
12,23;1993;2011;2001
12,24;1993;1986;2001
12,25;2016;1975;2001
12,26;2005;1995;2001
12,27;2007;2002;2001
12,28;1988;2002;2001
12,29;2038;1980;2001
12,3;2006;1995;2001
12,31;1986;2104;2001
12,32;1987;1984;2001
12,33;1998;1991;2001
12,34;2031;1998;2001
12,35;2000;2114;2001
12,36;2024;1992;2001
12,37;2018;1996;2001
12,38;1996;2017;2001
12,39;1965;1996;2001
12,4;1979;1995;2001
12,41;2049;2004;2001
12,42;2038;2036;2001
12,43;1980;2024;2001
12,44;2034;1972;2001
12,45;2017;1948;2001
12,46;1997;1984;2001
12,47;2017;1990;2001
12,48;2127;2004;2001
12,49;1996;1951;2001
12,5;2005;1967;2001
12,51;2001;1965;2001
12,52;1984;2083;2001
12,53;1987;1996;2001
12,54;2000;2026;2001
12,55;1992;1960;2001
12,56;1971;2008;2001
12,57;2013;2002;2001
12,58;2002;1992;2001
12,59;2013;2064;2001
12,6;1994;2011;2001
12,61;1994;1966;2001
12,62;2005;2047;2001
12,63;2051;2005;2001
12,64;1974;1977;2001
12,65;1983;1975;2001
12,66;2020;2079;2001
12,67;1995;1995;2001
12,68;2003;1988;2001
12,69;2019;1994;2001
12,7;1972;2009;2001
12,71;1988;1999;
12,72;1954;2070;
12,73;2213;2017;
12,74;2001;1987;
12,75;2002;1963;
12,76;1987;2022;
12,77;1977;2002;
12,78;2008;2023;
12,79;1990;2018;
12,8;1988;2061;
12,81;2004;2091;
12,82;1989;2168;
12,83;1999;2128;
12,84;2008;2207;
12,85;2095;2213;
12,86;2042;2261;
12,87;1992;2224;
12,88;1985;2305;
12,89;1978;2260;
12,9;2092;2351;
12,91;2059;2357;
12,92;1993;2508;
12,93;2040;2402;
12,94;1996;2472;
12,95;1974;2599;
12,96;1990;2645;
12,97;2050;2694;
12,98;1972;2768;
12,99;1983;2768;
13;2004;2844;
13,01;1992;2815;
13,02;1978;2859;
13,03;2012;2871;
13,04;1986;3015;
13,05;2011;2902;
13,06;1980;2929;
13,07;1999;2929;
13,08;1965;2947;
13,09;2030;2999;
13,1;1987;2978;
13,11;1988;2942;
13,12;2017;3061;
13,13;1967;2916;
13,14;1952;3185;
13,15;2008;2923;
13,16;1998;2933;
13,17;2006;2970;
13,18;2128;2974;
13,19;2024;2980;
13,2;2010;2972;
13,21;2018;2997;
13,22;1991;2982;
13,23;2002;2975;
13,24;2010;2976;
13,25;1972;3070;
13,26;1991;3108;
13,27;2003;2993;
13,28;1953;2969;
13,29;1992;2991;
13,3;1986;2975;
13,31;1971;2969;
13,32;2007;2971;
13,33;2017;3106;
13,34;2028;3127;
13,35;1978;2966;
13,36;1991;2933;
13,37;1977;2990;
13,38;2016;2988;
13,39;1992;2986;
13,4;1983;3011;
13,41;2036;2972;
13,42;2023;3136;
13,43;1980;3034;
13,44;2032;3078;
13,45;2001;3018;
13,46;1992;3031;
13,47;1958;3055;
13,48;2031;3080;
13,49;1983;3076;
13,5;2007;3032;
13,51;2000;3136;
13,52;1979;3038;
13,53;1986;3070;
13,54;2010;3080;
13,55;2022;3084;
13,56;1964;3112;
13,57;1997;3051;
13,58;1993;3055;
13,59;1973;3075;
13,6;2037;3037;
13,61;1979;3263;
13,62;1984;3085;
13,63;1994;3100;
13,64;1982;3092;
13,65;1994;3034;
13,66;2007;3008;
13,67;2012;3082;
13,68;1973;3092;
13,69;1948;3064;
13,7;1992;3203;
13,71;2001;3067;
13,72;2113;3003;
13,73;1947;3082;
13,74;1980;3071;
13,75;2016;3191;
13,76;1978;3106;
13,77;1987;3132;
13,78;1996;3142;
13,79;1994;3108;
13,8;1992;3233;
13,81;2049;3204;
13,82;1982;3139;
13,83;1986;3192;
13,84;1944;3290;
13,85;1986;3218;
13,86;2005;3127;
13,87;1943;3233;
13,88;2003;3336;
13,89;1947;3203;
13,9;2002;3216;
13,91;2003;3289;
13,92;1978;3166;
13,93;2006;3176;
13,94;1985;3307;
13,95;1988;3221;
13,96;1993;3256;
13,97;1993;3407;
13,98;1992;3290;
13,99;1993;3308;
14;1994;3321;
14,01;1986;3392;
14,02;2015;3336;
14,03;1991;3418;
14,04;1985;3395;
14,05;2013;3398;
14,06;1969;3381;
14,07;1984;3418;
14,08;1992;3482;
14,09;1974;3444;
14,1;2019;3504;
14,11;2050;3505;
14,12;2015;3528;
14,13;1985;3460;
14,14;2026;3620;
14,15;1998;3562;
14,16;1993;3754;
14,17;2028;3615;
14,18;2111;3803;
14,19;1991;3626;
14,2;1956;3642;
14,21;2009;3662;
14,22;1997;3653;
14,23;1994;3683;
14,24;2025;3826;
14,25;2030;3700;
14,26;2018;3725;
14,27;1991;3722;
14,28;1982;3864;
14,29;2007;3732;
14,3;2017;3720;
14,31;2028;3848;
14,32;2012;3753;
14,33;1998;3785;
14,34;2018;3782;
14,35;1970;4002;
14,36;1994;3735;
14,37;2012;3678;
14,38;2017;4246;
14,39;1968;3733;
14,4;1945;3747;
14,41;1986;3714;
14,42;1985;3763;
14,43;1971;3754;
14,44;1994;3762;
14,45;1999;3748;
14,46;1986;3826;
14,47;2038;3762;
14,48;1993;3788;
14,49;1991;3759;
14,5;2012;3833;
14,51;2004;3891;
14,52;1968;3808;
14,53;1950;3810;
14,54;2004;3829;
14,55;1960;3898;
14,56;1996;3858;
14,57;1911;3906;
14,58;2044;3814;
14,59;2005;3806;
14,6;2016;3822;
14,61;2029;3854;
14,62;1987;3834;
14,63;2006;3879;
14,64;1989;3842;
14,65;1982;3906;
14,66;2077;3912;
14,67;2007;3914;
14,68;1983;4001;
14,69;1997;3953;
14,7;2017;3956;
14,71;1990;4062;
14,72;2000;3975;
14,73;2004;4083;
14,74;1979;4148;
14,75;1948;4052;
14,76;2022;4070;
14,77;2009;4002;
14,78;2057;3994;
14,79;2004;4007;
14,8;1981;4070;
14,81;1991;4037;
14,82;1997;3994;
14,83;1959;4098;
14,84;2006;4054;
14,85;2004;4004;
14,86;1996;4037;
14,87;1999;3979;
14,88;2056;3965;
14,89;2046;4130;
14,9;2023;4005;
14,91;1994;3987;
14,92;2168;3986;
14,93;2003;3982;
14,94;2001;4001;
14,95;2003;4128;
14,96;1987;4104;
14,97;1975;3954;
14,98;1952;4018;
14,99;2127;3969;
15;2016;4027;
15,01;1983;4236;
15,02;2015;4166;
15,03;2029;4202;
15,04;1982;4165;
15,05;2012;4193;
15,06;1952;4235;
15,07;2028;4252;
15,08;2002;4276;
15,09;1994;4268;
15,1;1982;4314;
15,11;2063;4275;
15,12;2011;4282;
15,13;1993;4261;
15,14;2040;4254;
15,15;1998;4258;
15,16;2004;4290;
15,17;1993;4477;
15,18;1989;4300;
15,19;1989;4320;
15,2;1995;4356;
15,21;2031;4334;
15,22;1984;4473;
15,23;2034;4397;
15,24;2000;4409;
15,25;1985;4381;
15,26;2018;4400;
15,27;2017;4449;
15,28;2025;4402;
15,29;2011;4452;
15,3;2030;4458;
15,31;1975;4471;
15,32;2149;4471;
15,33;2010;4512;
15,34;1987;4556;
15,35;2007;4570;
15,36;2014;4587;
15,37;1998;4620;
15,38;1955;4752;
15,39;2004;4562;
15,4;1985;4620;
15,41;1992;4644;
15,42;2082;4716;
15,43;1992;4664;
15,44;2005;4672;
15,45;2012;4687;
15,46;1991;4697;
15,47;1996;4626;
15,48;2000;4799;
15,49;1938;4674;
15,5;1969;4662;
15,51;1996;4677;
15,52;1996;4692;
15,53;1989;4673;
15,54;2009;4684;
15,55;2046;4706;
15,56;2057;4692;
15,57;2018;4702;
15,58;2004;4729;
15,59;2017;4674;
15,6;2014;4674;
15,61;1991;4673;
15,62;1996;4693;
15,63;2003;4652;
15,64;2020;4687;
15,65;2007;4693;
15,66;2010;4684;
15,67;1994;4642;
15,68;2029;4702;
15,69;1991;4659;
15,7;1978;4665;
15,71;1990;4710;
15,72;2026;4678;
15,73;2014;4660;
15,74;1983;4644;
15,75;1992;4656;
15,76;1980;4649;
15,77;1992;4646;
15,78;2022;5296;
15,79;1960;4688;
15,8;1960;4730;
15,81;1979;4759;
15,82;2045;4853;
15,83;2121;4925;
15,84;2004;4902;
15,85;1998;4970;
15,86;2019;4956;
15,87;1991;5013;
15,88;2002;5041;
15,89;2022;5107;
15,9;2027;5014;
15,91;1995;5042;
15,92;1988;5074;
15,93;1968;5024;
15,94;2021;5069;
15,95;1978;5163;
15,96;2000;5077;
15,97;1989;5101;
15,98;2005;5101;
15,99;2001;5078;
16;1986;5078;
16,01;2007;5103;
16,02;2015;5095;
16,03;1998;5115;
16,04;1980;5081;
16,05;2012;5062;
16,06;1962;5113;
16,07;1996;5103;
16,08;2048;5103;
16,09;1974;5054;
16,1;1997;5112;
16,11;2041;5128;
16,12;1976;5071;
16,13;2054;5071;
16,14;1993;5090;
16,15;1993;5096;
16,16;1980;5122;
16,17;2053;5117;
16,18;1992;5092;
16,19;1979;5090;
16,2;2017;5110;
16,21;2018;5119;
16,22;1995;5170;
16,23;2008;5073;
16,24;1984;5074;
16,25;1974;5105;
16,26;2006;5118;
16,27;2010;5119;
16,28;1971;5168;
16,29;2061;5202;
16,3;2008;5151;
16,31;2008;5162;
16,32;2028;5236;
16,33;1991;5204;
16,34;1956;5196;
16,35;1994;5239;
16,36;1983;5214;
16,37;1974;5214;
16,38;1991;5257;
16,39;2001;5256;
16,4;1966;5270;
16,41;1990;5282;
16,42;1993;5319;
16,43;1942;5592;
16,44;2128;5303;
16,45;2008;5375;
16,46;1978;5354;
16,47;2013;5356;
16,48;2023;5392;
16,49;1978;5418;
16,5;2013;5367;
16,51;1997;5465;
16,52;1996;5480;
16,53;2124;5465;
16,54;2001;5515;
16,55;1980;5585;
16,56;2000;5589;
16,57;2000;5574;
16,58;1984;5640;
16,59;1999;5651;
16,6;1992;5674;
16,61;1971;5690;
16,62;1989;5705;
16,63;2015;5744;
16,64;1980;5721;
16,65;1979;5712;
16,66;2019;5748;
16,67;1981;5769;
16,68;2012;5792;
16,69;2006;5784;
16,7;2001;5807;
16,71;1998;5831;
16,72;1984;5890;
16,73;1955;5930;
16,74;2028;5988;
16,75;1996;6037;
16,76;2001;6065;
16,77;2093;6072;
16,78;1975;6061;
16,79;1992;6147;
16,8;2033;6160;
16,81;2056;6229;
16,82;1982;6171;
16,83;2004;6229;
16,84;2026;6159;
16,85;1964;6226;
16,86;2020;6240;
16,87;2012;6262;
16,88;1963;6286;
16,89;1989;6307;
16,9;1999;6249;
16,91;2022;6325;
16,92;2001;6315;
16,93;2001;6268;
16,94;1987;6320;
16,95;2003;6353;
16,96;1993;6324;
16,97;1966;6355;
16,98;2002;6269;
16,99;2023;6363;
17;1986;6327;
17,01;2031;6343;
17,02;2009;6338;
17,03;1981;6347;
17,04;1986;6331;
17,05;2058;6344;
17,06;2044;6336;
17,07;2054;6315;
17,08;2014;6330;
17,09;1999;6338;
17,1;1989;6327;
17,11;2014;6364;
17,12;1995;6338;
17,13;2003;6344;
17,14;1974;6324;
17,15;1965;6332;
17,16;1984;6322;
17,17;2022;6328;
17,18;1976;6352;
17,19;1994;6329;
17,2;1998;6354;
17,21;1994;6327;
17,22;1929;6344;
17,23;1999;6356;
17,24;2001;6343;
17,25;1990;6312;
17,26;2001;6357;
17,27;1979;6341;
17,28;1976;6324;
17,29;2070;6358;
17,3;2043;6360;
17,31;1991;6312;
17,32;2043;6330;
17,33;2014;6361;
17,34;1989;6390;
17,35;2020;6369;
17,36;1996;6412;
17,37;1996;6442;
17,38;2003;6434;
17,39;2012;6446;
17,4;1990;6477;
17,41;1993;6492;
17,42;2025;6618;
17,43;1992;6495;
17,44;2003;6475;
17,45;2001;6503;
17,46;1985;6521;
17,47;1994;6536;
17,48;2001;6527;
17,49;1995;6577;
17,5;2023;6613;
17,51;2021;6532;
17,52;1978;6614;
17,53;2008;6643;
17,54;2005;6665;
17,55;1987;6704;
17,56;2006;6692;
17,57;1976;6777;
17,58;2045;6788;
17,59;2006;6752;
17,6;1996;6780;
17,61;1987;6803;
17,62;1997;6821;
17,63;2018;6854;
17,64;2132;6865;
17,65;2020;6865;
17,66;2009;6892;
17,67;2029;6866;
17,68;2006;6888;
17,69;2020;6871;
17,7;1986;6851;
17,71;2010;6898;
17,72;2008;6861;
17,73;1990;6885;
17,74;2009;6877;
17,75;2016;6900;
17,76;1914;6907;
17,77;1999;6903;
17,78;1986;6908;
17,79;2027;6890;
17,8;2022;6893;
17,81;1994;6878;
17,82;1987;6898;
17,83;2008;6889;
17,84;2018;6927;
17,85;1987;6924;
17,86;2001;6890;
17,87;2019;6909;
17,88;2015;6888;
17,89;2007;6914;
17,9;2018;6881;
17,91;1982;6899;
17,92;2018;6862;
17,93;2032;6929;
17,94;2010;6997;
17,95;2112;6980;
17,96;1976;7042;
17,97;1969;7028;
17,98;2046;7120;
17,99;1998;7097;
18;1992;7123;
18,01;1998;7179;
18,02;2002;7190;
18,03;2033;7155;
18,04;2004;7200;
18,05;2021;7244;
18,06;2013;7245;
18,07;2006;7304;
18,08;2018;7335;
18,09;1988;7318;
18,1;2020;7351;
18,11;1928;7428;
18,12;2019;7396;
18,13;2028;7410;
18,14;2014;7511;
18,15;1977;7522;
18,16;1967;7540;
18,17;1978;7571;
18,18;1988;7616;
18,19;1989;7623;
18,2;1953;7594;
18,21;1989;7649;
18,22;1992;7700;
18,23;2117;7709;
18,24;2048;7663;
18,25;2098;7682;
18,26;1957;7714;
18,27;2011;7730;
18,28;1977;7656;
18,29;2021;7712;
18,3;1997;7714;
18,31;2028;7714;
18,32;2000;7681;
18,33;1994;7758;
18,34;1965;7733;
18,35;1995;7711;
18,36;2011;7708;
18,37;2028;7744;
18,38;2027;7693;
18,39;1993;7689;
18,4;1964;7651;
18,41;2051;7701;
18,42;1997;7706;
18,43;1984;7764;
18,44;2028;7702;
18,45;1998;7725;
18,46;1975;7753;
18,47;2136;7705;
18,48;2019;7680;
18,49;1985;7656;
18,5;1987;7677;
18,51;1994;7716;
18,52;1971;7754;
18,53;1999;7770;
18,54;2006;7725;
18,55;1981;7794;
18,56;2006;7760;
18,57;1985;7818;
18,58;2010;7732;
18,59;1962;7766;
18,6;2005;7709;
18,61;1975;7794;
18,62;1998;7835;
18,63;2033;7769;
18,64;1978;7802;
18,65;2005;7745;
18,66;1996;7752;
18,67;1961;7780;
18,68;1953;7900;
18,69;2014;7959;
18,7;1979;8034;
18,71;2030;8247;
18,72;2029;8241;
18,73;1967;8362;
18,74;2000;8568;
18,75;2036;8633;
18,76;1988;8742;
18,77;1973;8854;
18,78;1979;8877;
18,79;2006;8955;
18,8;2023;8975;
18,81;1981;9033;
18,82;2018;9087;
18,83;1985;9065;
18,84;2020;9075;
18,85;2009;9084;
18,86;1992;9092;
18,87;1985;9119;
18,88;1992;9032;
18,89;1956;8997;
18,9;2038;9027;
18,91;2002;8906;
18,92;1988;8845;
18,93;1999;8770;
18,94;1998;8717;
18,95;1963;8709;
18,96;2000;8642;
18,97;1989;8586;
18,98;1983;8535;
18,99;1978;8527;
19;2008;8485;
19,01;1999;8465;
19,02;2016;8427;
19,03;2004;8444;
19,04;1998;8446;
19,05;2012;8361;
19,06;1984;8416;
19,07;1996;8390;
19,08;2011;8334;
19,09;1975;8327;
19,1;1961;8388;
19,11;2024;8350;
19,12;2002;8425;
19,13;2030;8289;
19,14;2019;8328;
19,15;2000;8374;
19,16;1992;8403;
19,17;2003;8393;
19,18;2000;8392;
19,19;1982;8400;
19,2;2013;8371;
19,21;1996;8396;
19,22;1992;8368;
19,23;1985;8566;
19,24;1982;8316;
19,25;1984;8342;
19,26;2013;8396;
19,27;2005;8381;
19,28;1998;8415;
19,29;2035;8392;
19,3;2005;8429;
19,31;1982;8432;
19,32;1986;8406;
19,33;2050;8441;
19,34;2003;8516;
19,35;1994;8505;
19,36;1997;8443;
19,37;2009;8442;
19,38;1988;8437;
19,39;1996;8472;
19,4;1985;8494;
19,41;1971;8487;
19,42;2071;8507;
19,43;1948;8498;
19,44;1906;8567;
19,45;1982;8536;
19,46;1992;8546;
19,47;1961;8555;
19,48;1998;8590;
19,49;1965;8601;
19,5;1994;8634;
19,51;2021;8692;
19,52;1979;8688;
19,53;2003;8652;
19,54;1997;8734;
19,55;1967;8740;
19,56;2008;8771;
19,57;1942;8846;
19,58;2000;8836;
19,59;1955;8900;
19,6;1985;8876;
19,61;1987;8906;
19,62;2020;8923;
19,63;2001;8946;
19,64;1946;8959;
19,65;1998;8947;
19,66;1996;8953;
19,67;1980;8954;
19,68;2023;8938;
19,69;1989;8985;
19,7;2023;8945;
19,71;2007;8947;
19,72;2009;8992;
19,73;1976;8992;
19,74;2014;8996;
19,75;1980;8975;
19,76;1950;9008;
19,77;2038;8972;
19,78;1976;8978;
19,79;1977;9019;
19,8;2003;8972;
19,81;2002;9020;
19,82;1908;9016;
19,83;2010;8997;
19,84;1984;9001;
19,85;2089;8955;
19,86;1998;8938;
19,87;2026;8988;
19,88;1989;8996;
19,89;1961;9009;
19,9;2012;9022;
19,91;1968;9048;
19,92;2004;9079;
19,93;2000;9040;
19,94;1995;9030;
19,95;1992;9089;
19,96;1979;9102;
19,97;1972;9097;
19,98;1991;9058;
19,99;1975;9145;
20;1987;9133;
20,01;2006;9129;
20,02;2004;9102;
20,03;1989;9143;
20,04;1977;9194;
20,05;2029;9189;
20,06;1992;9230;
20,07;2009;9211;
20,08;1978;9224;
20,09;1978;9219;
20,1;2009;9188;
20,11;2022;9220;
20,12;1993;9277;
20,13;1993;9291;
20,14;2040;9247;
20,15;2021;9271;
20,16;2020;9290;
20,17;2011;9345;
20,18;1960;9368;
20,19;1989;9311;
20,2;2010;9370;
20,21;1991;9374;
20,22;2002;9471;
20,23;1995;9403;
20,24;1929;9430;
20,25;2008;9493;
20,26;1992;9446;
20,27;1989;9476;
20,28;1984;9512;
20,29;1996;9504;
20,3;2016;9537;
20,31;1985;9552;
20,32;2013;9603;
20,33;2056;9624;
20,34;1983;9632;
20,35;2166;9666;
20,36;1986;9655;
20,37;2024;9690;
20,38;2022;9664;
20,39;1986;9789;
20,4;2002;9783;
20,41;1994;9809;
20,42;1998;9828;
20,43;1969;9781;
20,44;2012;9761;
20,45;2007;9788;
20,46;1989;9867;
20,47;2140;9843;
20,48;1998;9828;
20,49;1970;9872;
20,5;2004;9888;
20,51;2017;9844;
20,52;1995;9839;
20,53;2028;9880;
20,54;1994;9921;
20,55;2057;9957;
20,56;2004;9953;
20,57;2010;9966;
20,58;2003;10006;
20,59;2054;9995;
20,6;1996;10006;
20,61;1983;10002;
20,62;2005;9967;
20,63;2053;9992;
20,64;1946;10000;
20,65;1956;9994;
20,66;2017;10034;
20,67;1982;10014;
20,68;2008;10007;
20,69;1999;9983;
20,7;1988;10028;
20,71;1995;10019;
20,72;1996;10026;
20,73;1986;10012;
20,74;1955;10012;
20,75;1996;10042;
20,76;1991;9998;
20,77;1999;10058;
20,78;2008;10054;
20,79;1991;10058;
20,8;1951;10053;
20,81;2009;10047;
20,82;1992;10059;
20,83;2016;10058;
20,84;1994;10042;
20,85;1987;10089;
20,86;2005;10070;
20,87;1998;10086;
20,88;1976;10105;
20,89;2003;10111;
20,9;1983;10095;
20,91;1981;10069;
20,92;2009;10061;
20,93;2008;10075;
20,94;1986;10069;
20,95;1995;10113;
20,96;1979;10058;
20,97;1927;10077;
20,98;1999;10093;
20,99;2212;10110;
21;1988;10167;
21,01;1989;10154;
21,02;1994;10213;
21,03;1969;10172;
21,04;1970;10233;
21,05;2019;10258;
21,06;2051;10248;
21,07;1976;10391;
21,08;2061;10289;
21,09;1997;10320;
21,1;1988;10327;
21,11;2011;10274;
21,12;1991;10366;
21,13;1912;10386;
21,14;2000;10340;
21,15;2002;10432;
21,16;1992;10385;
21,17;2008;10402;
21,18;2037;10369;
21,19;2008;10382;
21,2;1987;10403;
21,21;1982;10345;
21,22;1973;10389;
21,23;2000;10371;
21,24;2130;10410;
21,25;1971;10408;
21,26;2024;10447;
21,27;1996;10405;
21,28;1968;10397;
21,29;1998;10420;
21,3;1995;10419;
21,31;1963;10402;
21,32;1992;10415;
21,33;2002;10426;
21,34;1974;10437;
21,35;1994;10386;
21,36;2057;10421;
21,37;1981;10405;
21,38;2004;10413;
21,39;1971;10405;
21,4;1990;10451;
21,41;2000;10464;
21,42;1980;10459;
21,43;1979;10463;
21,44;1982;10487;
21,45;2002;10502;
21,46;1985;10470;
21,47;2027;10528;
21,48;2023;10502;
21,49;1984;10545;
21,5;2006;10516;
21,51;1967;10530;
21,52;1999;10502;
21,53;1984;10541;
21,54;1952;10574;
21,55;1997;10590;
21,56;1994;10583;
21,57;2036;10568;
21,58;2033;10630;
21,59;2022;10606;
21,6;2002;10659;
21,61;1982;10621;
21,62;1996;10676;
21,63;2000;10764;
21,64;2017;10751;
21,65;2006;10776;
21,66;2009;10784;
21,67;1969;10894;
21,68;2003;10896;
21,69;1998;11015;
21,7;2003;11051;
21,71;2018;11122;
21,72;2018;11168;
21,73;1986;11236;
21,74;1939;11290;
21,75;2004;11340;
21,76;1976;11387;
21,77;2001;11390;
21,78;1994;11410;
21,79;1987;11453;
21,8;2111;11492;
21,81;1962;11508;
21,82;1981;11529;
21,83;2003;11556;
21,84;2005;11526;
21,85;1984;11552;
21,86;2054;11521;
21,87;2028;11565;
21,88;1974;11570;
21,89;1988;11551;
21,9;2002;11582;
21,91;1982;11616;
21,92;2018;11565;
21,93;1981;11598;
21,94;2001;11614;
21,95;2015;11613;
21,96;2015;11600;
21,97;1985;11631;
21,98;1987;11616;
21,99;2006;11600;
22;1992;11618;
22,01;1992;11562;
22,02;2002;11623;
22,03;2015;11595;
22,04;2120;11578;
22,05;2009;11603;
22,06;2001;11635;
22,07;1979;11566;
22,08;2030;11618;
22,09;2011;11600;
22,1;1977;11614;
22,11;2014;11605;
22,12;2000;11632;
22,13;1982;11644;
22,14;2009;11608;
22,15;1992;11597;
22,16;1987;11605;
22,17;2014;11631;
22,18;2016;11587;
22,19;1968;11676;
22,2;1996;11595;
22,21;2013;11563;
22,22;1969;11624;
22,23;2014;11586;
22,24;2033;11590;
22,25;1996;11645;
22,26;2008;11608;
22,27;1992;11642;
22,28;1997;11678;
22,29;2003;11618;
22,3;1976;11689;
22,31;1955;11688;
22,32;2015;11726;
22,33;2057;11796;
22,34;2007;11810;
22,35;2044;11792;
22,36;2031;11913;
22,37;1916;11862;
22,38;1993;11896;
22,39;2028;11800;
22,4;1979;11896;
22,41;2050;11850;
22,42;2020;11889;
22,43;2002;11995;
22,44;1955;11954;
22,45;2022;11977;
22,46;2001;11977;
22,47;2054;11985;
22,48;1958;12048;
22,49;1990;12151;
22,5;2010;12205;
22,51;1990;12264;
22,52;2047;12313;
22,53;1994;12374;
22,54;1987;12374;
22,55;2005;12479;
22,56;2006;12523;
22,57;1989;12556;
22,58;1981;12545;
22,59;2012;12562;
22,6;1963;12603;
22,61;1988;12551;
22,62;1994;12612;
22,63;1994;12623;
22,64;1997;12640;
22,65;2010;12648;
22,66;2004;12651;
22,67;1990;12656;
22,68;2014;12711;
22,69;2005;12745;
22,7;2002;12698;
22,71;2020;12741;
22,72;1990;12692;
22,73;2020;12729;
22,74;2037;12724;
22,75;2015;12793;
22,76;1996;12737;
22,77;2049;12706;
22,78;2026;12764;
22,79;1971;12731;
22,8;2012;12744;
22,81;2066;12738;
22,82;1974;12744;
22,83;1989;12753;
22,84;2007;12739;
22,85;2038;12762;
22,86;1973;12754;
22,87;2012;12750;
22,88;1991;12775;
22,89;2027;12798;
22,9;2002;12801;
22,91;2006;12792;
22,92;2049;12714;
22,93;1998;12757;
22,94;1984;12759;
22,95;1988;12764;
22,96;2002;12776;
22,97;1990;12808;
22,98;2019;12782;
22,99;2034;12798;
23;1985;12850;
23,01;1952;12818;
23,02;1980;12776;
23,03;2025;12799;
23,04;1990;12856;
23,05;1971;12868;
23,06;1959;12843;
23,07;1994;12892;
23,08;2012;12889;
23,09;1988;12910;
23,1;2008;12897;
23,11;2026;12824;
23,12;1983;12942;
23,13;1988;12943;
23,14;2010;12946;
23,15;1994;12910;
23,16;2039;13005;
23,17;2005;13001;
23,18;1982;13003;
23,19;2002;13006;
23,2;1988;13033;
23,21;2003;13067;
23,22;2011;13019;
23,23;2009;13055;
23,24;2003;13065;
23,25;2017;13036;
23,26;1974;13020;
23,27;2004;13037;
23,28;1949;13086;
23,29;1972;13057;
23,3;2020;13031;
23,31;2002;13138;
23,32;1975;13098;
23,33;1968;13112;
23,34;1987;13102;
23,35;1985;13093;
23,36;2005;13136;
23,37;1970;13170;
23,38;2019;13179;
23,39;1988;13215;
23,4;1978;13160;
23,41;2020;13257;
23,42;2010;13283;
23,43;2005;13286;
23,44;1959;13285;
23,45;1968;13347;
23,46;1960;13320;
23,47;2022;13387;
23,48;1986;13406;
23,49;1996;13400;
23,5;2011;13459;
23,51;2017;13435;
23,52;1993;13446;
23,53;2008;13494;
23,54;1910;13564;
23,55;1976;13656;
23,56;2000;13704;
23,57;2012;13681;
23,58;1971;13656;
23,59;2041;13657;
23,6;1994;13699;
23,61;1988;13705;
23,62;1922;13720;
23,63;2000;13690;
23,64;1984;13722;
23,65;2012;13733;
23,66;1979;13699;
23,67;1958;13721;
23,68;2013;13701;
23,69;1986;13713;
23,7;1994;13713;
23,71;1997;13725;
23,72;1992;13682;
23,73;1982;13675;
23,74;2014;13687;
23,75;1994;13673;
23,76;1981;13702;
23,77;1986;13688;
23,78;2000;13714;
23,79;1996;13676;
23,8;2008;13660;
23,81;2028;13722;
23,82;2070;13635;
23,83;2015;13684;
23,84;2000;13606;
23,85;1983;13614;
23,86;1987;13686;
23,87;2073;13642;
23,88;1985;13647;
23,89;2005;13677;
23,9;2030;13646;
23,91;1993;13645;
23,92;2014;13568;
23,93;2007;13644;
23,94;1976;13631;
23,95;1978;13570;
23,96;1988;13558;
23,97;1966;13674;
23,98;1974;13603;
23,99;2000;13637;
24;2015;13568;
24,01;1997;13603;
24,02;2079;13614;
24,03;1998;13617;
24,04;1981;13652;
24,05;2024;13605;
24,06;2098;13611;
24,07;2003;13624;
24,08;2000;13604;
24,09;1981;13619;
24,1;1976;13648;
24,11;2005;13686;
24,12;1968;13685;
24,13;1979;13788;
24,14;2013;13721;
24,15;1990;13728;
24,16;1981;13750;
24,17;2003;13774;
24,18;1976;13866;
24,19;2013;13807;
24,2;2014;13864;
24,21;1993;13776;
24,22;2012;13704;
24,23;2011;13748;
24,24;1992;13845;
24,25;2018;13882;
24,26;2007;13746;
24,27;1986;13813;
24,28;1996;13895;
24,29;2003;13805;
24,3;1980;13844;
24,31;2001;13856;
24,32;2038;13900;
24,33;2024;13879;
24,34;1982;13817;
24,35;1970;13851;
24,36;2007;13851;
24,37;2054;13818;
24,38;2008;13898;
24,39;1974;13928;
24,4;1994;13944;
24,41;2015;13949;
24,42;1951;13919;
24,43;1969;13956;
24,44;1995;13956;
24,45;2006;13995;
24,46;1977;13872;
24,47;2044;13915;
24,48;2068;13938;
24,49;1991;13996;
24,5;2296;13969;
24,51;1994;14022;
24,52;1971;13997;
24,53;2006;14017;
24,54;1995;13984;
24,55;2027;14038;
24,56;2016;13971;
24,57;2000;14046;
24,58;1973;14025;
24,59;1994;13950;
24,6;1999;14034;
24,61;1989;14038;
24,62;2002;14008;
24,63;2025;14013;
24,64;2011;14048;
24,65;2020;14056;
24,66;1997;14056;
24,67;1982;14024;
24,68;1987;14032;
24,69;2089;14011;
24,7;1985;14048;
24,71;2060;14112;
24,72;2027;14160;
24,73;1996;14116;
24,74;1999;14081;
24,75;2014;14087;
24,76;2030;14110;
24,77;1978;14060;
24,78;1984;14107;
24,79;2020;14120;
24,8;2002;14059;
24,81;2012;14202;
24,82;2019;14269;
24,83;2023;14298;
24,84;2010;14354;
24,85;1992;14427;
24,86;2011;14552;
24,87;1998;14485;
24,88;2060;14468;
24,89;2022;14596;
24,9;1996;14602;
24,91;1965;14588;
24,92;2014;14664;
24,93;2037;14655;
24,94;1942;14641;
24,95;2002;14596;
24,96;1984;14666;
24,97;1985;14626;
24,98;1990;14637;
24,99;2070;14658;
25;2033;14663;
25,01;2035;14671;
25,02;2004;14709;
25,03;2012;14686;
25,04;2001;14706;
25,05;1995;14732;
25,06;2002;14686;
25,07;1981;14739;
25,08;1989;14697;
25,09;2098;14743;
25,1;2054;14720;
25,11;2004;14742;
25,12;1997;14776;
25,13;2012;14737;
25,14;2015;14715;
25,15;1979;14748;
25,16;2037;14688;
25,17;2001;14819;
25,18;2002;14731;
25,19;2046;14628;
25,2;2021;14654;
25,21;2011;14740;
25,22;2020;14656;
25,23;2018;14757;
25,24;2012;14684;
25,25;2041;14821;
25,26;1996;14706;
25,27;1996;14671;
25,28;1959;14717;
25,29;2026;14756;
25,3;1964;14777;
25,31;2038;14763;
25,32;2001;14653;
25,33;2001;14765;
25,34;1989;14753;
25,35;2005;14782;
25,36;1960;14771;
25,37;1991;14801;
25,38;2002;14742;
25,39;1979;14711;
25,4;1977;14833;
25,41;2005;14800;
25,42;2015;14830;
25,43;1998;14844;
25,44;1988;14892;
25,45;2021;14806;
25,46;1980;14918;
25,47;2111;14818;
25,48;1997;14891;
25,49;1965;14892;
25,5;2007;14808;
25,51;2002;14861;
25,52;2003;14814;
25,53;1987;14878;
25,54;1982;14839;
25,55;1972;14869;
25,56;1936;14868;
25,57;2007;14838;
25,58;2004;14722;
25,59;2018;14875;
25,6;1924;14812;
25,61;1982;14855;
25,62;1969;14896;
25,63;1984;14868;
25,64;1991;14928;
25,65;2016;14904;
25,66;2019;14900;
25,67;1981;14811;
25,68;2013;14967;
25,69;2013;14901;
25,7;1992;15016;
25,71;1989;14936;
25,72;1996;14864;
25,73;2009;14972;
25,74;1976;14977;
25,75;2024;14940;
25,76;2002;14968;
25,77;2005;14993;
25,78;2012;15062;
25,79;1984;15020;
25,8;1974;15084;
25,81;2014;15113;
25,82;2012;15145;
25,83;2030;15181;
25,84;1992;15197;
25,85;2001;15206;
25,86;1969;15240;
25,87;2008;15241;
25,88;2002;15278;
25,89;1999;15302;
25,9;1999;15276;
25,91;2012;15334;
25,92;1982;15349;
25,93;2006;15304;
25,94;2051;15327;
25,95;1978;15273;
25,96;1957;15068;
25,97;2023;15297;
25,98;2062;15313;
25,99;2050;15408;
26;1988;15344;
26,01;1970;15331;
26,02;1994;15352;
26,03;1979;15387;
26,04;1943;15278;
26,05;2288;15312;
26,06;2012;15298;
26,07;1983;15343;
26,08;2010;15348;
26,09;2032;15429;
26,1;2130;15299;
26,11;2021;15359;
26,12;2027;15363;
26,13;2014;15376;
26,14;1944;15385;
26,15;2010;15437;
26,16;1995;15416;
26,17;1998;15387;
26,18;2056;15378;
26,19;1999;15363;
26,2;1999;15334;
26,21;2011;15380;
26,22;1966;15394;
26,23;2008;15322;
26,24;1987;15384;
26,25;1958;15264;
26,26;2016;15414;
26,27;2001;15374;
26,28;1937;15343;
26,29;1987;15352;
26,3;1995;15398;
26,31;1983;15480;
26,32;1995;15392;
26,33;1991;15449;
26,34;2088;15431;
26,35;2021;15428;
26,36;2058;15470;
26,37;1975;15470;
26,38;2038;15478;
26,39;2011;15471;
26,4;2026;15572;
26,41;2028;15498;
26,42;2014;15536;
26,43;1947;15509;
26,44;2031;15503;
26,45;1982;15551;
26,46;1931;15542;
26,47;2005;15602;
26,48;1998;15725;
26,49;1997;15681;
26,5;1994;15664;
26,51;2010;15658;
26,52;1967;15631;
26,53;2014;15776;
26,54;2063;15707;
26,55;1990;15762;
26,56;1998;15743;
26,57;2017;15718;
26,58;2034;15827;
26,59;2010;15763;
26,6;2035;15757;
26,61;1986;15733;
26,62;2025;15803;
26,63;1991;15774;
26,64;2015;15780;
26,65;2027;15793;
26,66;2015;15789;
26,67;1954;15779;
26,68;1989;15796;
26,69;1996;15841;
26,7;1987;15777;
26,71;1991;15819;
26,72;2009;15748;
26,73;2016;15818;
26,74;1976;15924;
26,75;1990;15992;
26,76;2014;15992;
26,77;2014;16155;
26,78;2023;16223;
26,79;2036;16260;
26,8;1928;16223;
26,81;2003;16264;
26,82;1991;16290;
26,83;1951;16350;
26,84;2004;16370;
26,85;1988;16296;
26,86;1896;16444;
26,87;1988;16417;
26,88;1994;16354;
26,89;1974;16432;
26,9;1994;16440;
26,91;1985;16444;
26,92;1992;16468;
26,93;2010;16522;
26,94;1985;16502;
26,95;1992;16530;
26,96;1998;16492;
26,97;2036;16472;
26,98;1986;16503;
26,99;2012;16511;
27;1976;16511;
27,01;1951;16453;
27,02;2007;16465;
27,03;2001;16477;
27,04;2022;16485;
27,05;2001;16532;
27,06;1991;16525;
27,07;2048;16493;
27,08;2006;16518;
27,09;1989;16535;
27,1;2000;16520;
27,11;1964;16502;
27,12;2010;16522;
27,13;1987;16470;
27,14;2008;16561;
27,15;1985;16532;
27,16;1986;16546;
27,17;1998;16515;
27,18;1982;16462;
27,19;1929;16494;
27,2;2011;16527;
27,21;1991;16468;
27,22;1992;16566;
27,23;2008;16528;
27,24;2008;16534;
27,25;1981;16439;
27,26;2019;16522;
27,27;1998;16527;
27,28;1990;16460;
27,29;1996;16500;
27,3;2020;16540;
27,31;2022;16467;
27,32;2004;16491;
27,33;1999;16434;
27,34;1930;16467;
27,35;1986;16559;
27,36;1991;16531;
27,37;1990;16494;
27,38;1980;16438;
27,39;1988;16470;
27,4;1991;16450;
27,41;2031;16428;
27,42;2002;16473;
27,43;1986;16506;
27,44;2000;16554;
27,45;2004;16572;
27,46;1992;16379;
27,47;2142;16536;
27,48;1998;16518;
27,49;1983;16429;
27,5;2012;16359;
27,51;1999;16505;
27,52;2135;16486;
27,53;2018;16477;
27,54;2010;16461;
27,55;1975;16460;
27,56;2045;16541;
27,57;2071;16528;
27,58;1990;16506;
27,59;2017;16512;
27,6;1999;16510;
27,61;1995;16521;
27,62;1986;16528;
27,63;2005;16530;
27,64;1997;16421;
27,65;2002;16438;
27,66;2056;16468;
27,67;1972;16562;
27,68;1998;16528;
27,69;2081;16581;
27,7;1976;16482;
27,71;1963;16450;
27,72;2006;16465;
27,73;1996;16482;
27,74;2002;16466;
27,75;1996;16465;
27,76;1975;16399;
27,77;1986;16498;
27,78;1991;16511;
27,79;1992;16464;
27,8;2025;16462;
27,81;2027;16460;
27,82;2011;16463;
27,83;1975;16572;
27,84;2009;16503;
27,85;1990;16454;
27,86;2053;16442;
27,87;1997;16458;
27,88;1964;16496;
27,89;1976;16491;
27,9;1988;16486;
27,91;1985;16504;
27,92;1971;16511;
27,93;1999;16507;
27,94;1972;16409;
27,95;1988;16436;
27,96;1977;16463;
27,97;1974;16517;
27,98;2043;16529;
27,99;1958;16435;
28;1995;16461;
28,01;1991;16482;
28,02;2003;16494;
28,03;1990;16515;
28,04;1991;16526;
28,05;2040;16518;
28,06;1985;16465;
28,07;2006;16489;
28,08;1937;16488;
28,09;1986;16547;
28,1;1965;16506;
28,11;1998;16472;
28,12;1975;16451;
28,13;1951;16498;
28,14;2014;16492;
28,15;1978;16502;
28,16;1990;16453;
28,17;2025;16494;
28,18;1992;16503;
28,19;2021;16501;
28,2;2011;16497;
28,21;2010;16464;
28,22;1982;16508;
28,23;1940;16509;
28,24;1996;16439;
28,25;1978;16562;
28,26;1996;16490;
28,27;1995;16495;
28,28;2011;16552;
28,29;2034;16468;
28,3;1988;16458;
28,31;1969;16416;
28,32;2000;16536;
28,33;2009;16506;
28,34;1977;16497;
28,35;1997;16432;
28,36;1983;16573;
28,37;1987;16560;
28,38;2023;16468;
28,39;1995;16487;
28,4;1957;16397;
28,41;1987;16352;
28,42;2000;16497;
28,43;1974;16468;
28,44;1989;16409;
28,45;2049;16500;
28,46;1990;16446;
28,47;2024;16529;
28,48;1981;16516;
28,49;1994;16417;20000
28,5;2011;16461;20000
28,51;2002;16566;20000
28,52;1977;16504;20000
28,53;2012;16490;20000
28,54;2004;16454;20000
28,55;2017;16450;20000
28,56;1978;16516;20000
28,57;1994;16501;20000
28,58;2006;16464;20000
28,59;2055;16504;20000
28,6;1995;16498;20000
28,61;1980;16424;20000
28,62;2112;16449;20000
28,63;1993;16438;20000
28,64;1989;16487;20000
28,65;2020;16488;20000
28,66;1943;16435;20000
28,67;1986;16344;20000
28,68;2026;16451;20000
28,69;1988;16404;20000
28,7;1999;16504;20000
28,71;1982;16549;20000
28,72;2016;16538;20000
28,73;1978;16514;20000
28,74;1967;16406;20000
28,75;2008;16429;20000
28,76;1984;16409;20000
28,77;2013;16476;20000
28,78;2014;16469;20000
28,79;1997;16500;20000
28,8;2012;16488;20000
28,81;2025;16440;20000
28,82;1996;16457;20000
28,83;1974;16553;20000
28,84;2006;16575;20000
28,85;1986;16445;20000
28,86;1969;16564;20000
28,87;1995;16453;20000
28,88;1988;16474;20000
28,89;2005;16462;20000
28,9;2013;16499;20000
28,91;1978;16500;20000
28,92;2000;16550;20000
28,93;2007;16569;20000
28,94;1990;16446;20000
28,95;2009;16482;20000
28,96;2023;16483;20000
28,97;1970;16529;20000
28,98;1988;16485;20000
28,99;1986;16539;20000
29;1994;16494;20000
29,01;2019;16503;20000
29,02;2020;16507;20000
29,03;2015;16450;20000
29,04;2027;16525;20000
29,05;1986;16492;20000
29,06;1980;16512;20000
29,07;1982;16444;20000
29,08;1992;16384;20000
29,09;1987;16407;20000
29,1;2009;16454;20000
29,11;1926;16517;20000
29,12;1991;16513;20000
29,13;1990;16462;20000
29,14;2014;16413;20000
29,15;1992;16382;20000
29,16;1967;16407;20000
29,17;1979;16405;20000
29,18;1998;16501;20000
29,19;1977;16492;20000
29,2;1994;16423;20000
29,21;1977;16510;20000
29,22;1961;16509;20000
29,23;2094;16455;20000
29,24;1977;16459;20000
29,25;1924;16438;20000
29,26;2003;16442;20000
29,27;1978;16469;20000
29,28;1998;16489;20000
29,29;2003;16459;20000
29,3;1991;16482;20000
29,31;1980;16434;20000
29,32;1988;16492;20000
29,33;2035;16456;20000
29,34;2024;16514;20000
29,35;1993;16548;20000
29,36;1989;16442;20000
29,37;1998;16514;20000
29,38;1978;16516;20000
29,39;1991;16503;20000
29,4;2011;16493;20000
29,41;2014;16510;20000
29,42;1996;16490;20000
29,43;1983;16437;20000
29,44;2016;16462;20000
29,45;1986;16491;20000
29,46;1981;16436;20000
29,47;2004;16451;20000
29,48;1986;16490;20000
29,49;2019;16477;20000
29,5;2133;16480;20000
29,51;1994;16436;20000
29,52;1992;16496;20000
29,53;2003;16450;20000
29,54;1994;16415;20000
29,55;2042;16462;20000
29,56;2032;16403;20000
29,57;2023;16440;20000
29,58;1996;16498;20000
29,59;2036;16546;20000
29,6;1982;16563;20000
29,61;1970;16497;20000
29,62;2003;16500;20000
29,63;1994;16550;20000
29,64;2008;16473;20000
29,65;1927;16492;20000
29,66;1958;16449;20000
29,67;1990;16524;20000
29,68;1939;16445;20000
29,69;1947;16457;20000
29,7;2036;16508;20000
29,71;2014;16420;20000
29,72;1970;16501;20000
29,73;1995;16494;20000
29,74;2002;16473;20000
29,75;1988;16504;20000
29,76;2012;16498;20000
29,77;2007;16426;20000
29,78;2029;16455;20000
29,79;2005;16504;20000
29,8;1989;16441;20000
29,81;2005;16404;20000
29,82;1989;16491;20000
29,83;2032;16472;20000
29,84;1977;16498;20000
29,85;1985;16458;20000
29,86;1988;16478;20000
29,87;2006;16408;20000
29,88;1986;16478;20000
29,89;1933;16428;20000
29,9;2013;16508;20000
29,91;1992;16492;20000
29,92;1993;16480;20000
29,93;2006;16524;20000
29,94;2004;16418;20000
29,95;1980;16498;20000
29,96;2008;16446;20000
29,97;2002;16359;20000
29,98;2016;16417;20000
29,99;2002;16526;20000
30;1996;16411;20000
30,01;2010;16526;20000
30,02;2014;16532;20000
30,03;1999;16494;20000
30,04;2030;16499;20000
30,05;2030;16518;20000
30,06;1983;16475;20000
30,07;2003;16404;20000
30,08;2013;16468;20000
30,09;2009;16534;20000
30,1;1990;16486;20000
30,11;1969;16397;20000
30,12;2027;16459;20000
30,13;2009;16436;20000
30,14;2019;16404;20000
30,15;1962;16444;20000
30,16;1974;16422;20000
30,17;1999;16425;20000
30,18;2002;16512;20000
30,19;1995;16467;20000
30,2;2028;16461;20000
30,21;1943;16424;20000
30,22;1959;16539;20000
30,23;1997;16513;20000
30,24;1992;16503;20000
30,25;1980;16462;20000
30,26;2005;16474;20000
30,27;2002;16480;20000
30,28;2016;16401;20000
30,29;2028;16374;20000
30,3;1983;16545;20000
30,31;1977;16421;20000
30,32;2004;16384;20000
30,33;1972;16501;20000
30,34;2001;16510;20000
30,35;2034;16513;20000
30,36;1999;16496;20000
30,37;1987;16495;20000
30,38;1992;16470;20000
30,39;2008;16496;20000
30,4;2018;16452;20000
30,41;2017;16391;20000
30,42;2004;16382;20000
30,43;1991;16381;20000
30,44;2019;16495;20000
30,45;1998;16478;20000
30,46;1978;16445;20000
30,47;2000;16480;20000
30,48;2001;16499;20000
30,49;1987;16447;20000
30,5;2022;16394;20000
30,51;2007;16467;20000
30,52;1975;16419;20000
30,53;2004;16471;20000
30,54;1988;16452;20000
30,55;1980;16434;20000
30,56;1997;16427;20000
30,57;2012;16498;20000
30,58;1980;16468;20000
30,59;2055;16502;20000
30,6;1990;16452;20000
30,61;1982;16574;20000
30,62;2012;16552;20000
30,63;1999;16408;20000
30,64;1967;16372;20000
30,65;2006;16444;20000
30,66;2005;16468;20000
30,67;1990;16463;20000
30,68;2008;16499;20000
30,69;1995;16486;20000
30,7;2011;16529;20000
30,71;2015;16526;20000
30,72;2061;16496;20000
30,73;1962;16463;20000
30,74;1994;16465;20000
30,75;1971;16445;20000
30,76;1999;16414;20000
30,77;1997;16450;20000
30,78;2001;16425;20000
30,79;1994;16478;20000
30,8;2012;16562;20000
30,81;1988;16498;20000
30,82;2015;16450;20000
30,83;1994;16527;20000
30,84;1989;16534;20000
30,85;1965;16510;20000
30,86;2063;16376;20000
30,87;1988;16533;20000
30,88;1982;16515;20000
30,89;1999;16468;20000
30,9;2010;16545;20000
30,91;1987;16519;20000
30,92;2005;16494;20000
30,93;2011;16440;20000
30,94;1988;16530;20000
30,95;2010;16458;20000
30,96;2036;16445;20000
30,97;1941;16500;20000
30,98;2017;16443;20000
30,99;2011;16480;20000
31;2015;16474;20000
31,01;2013;16414;20000
31,02;1982;16499;20000
31,03;1966;16506;20000
31,04;2003;16444;20000
31,05;1995;16447;20000
31,06;1956;16502;20000
31,07;1986;16484;20000
31,08;1950;16457;20000
31,09;1993;16492;20000
31,1;2016;16486;20000
31,11;2014;16476;20000
31,12;1970;16478;20000
31,13;2018;16444;20000
31,14;1994;16453;20000
31,15;1998;16404;20000
31,16;2018;16410;20000
31,17;2004;16403;20000
31,18;2008;16534;20000
31,19;1978;16477;20000
31,2;2024;16526;20000
31,21;1989;16491;20000
31,22;2005;16460;20000
31,23;1992;16514;20000
31,24;1926;16487;20000
31,25;2030;16433;20000
31,26;1996;16455;20000
31,27;1951;16495;20000
31,28;2007;16397;20000
31,29;2068;16473;20000
31,3;1998;16456;20000
31,31;2406;16520;20000
31,32;1979;16486;20000
31,33;1938;16472;20000
31,34;2125;16445;20000
31,35;2021;16442;20000
31,36;1968;16372;20000
31,37;1958;16484;20000
31,38;2000;16530;20000
31,39;1967;16448;20000
31,4;2005;16483;20000
31,41;1988;16457;20000
31,42;1994;16569;20000
31,43;2022;16532;20000
31,44;1999;16450;20000
31,45;1983;16481;20000
31,46;2054;16446;20000
31,47;1980;16470;20000
31,48;2027;16416;20000
31,49;2044;16481;20000
31,5;2034;16507;20000
31,51;2030;16522;20000
31,52;1990;16471;20000
31,53;2009;16460;20000
31,54;1993;16461;20000
31,55;1984;16473;20000
31,56;1998;16449;20000
31,57;1990;16466;20000
31,58;1990;16512;20000
31,59;2006;16482;20000
31,6;1985;16468;20000
31,61;1976;16406;20000
31,62;2033;16439;20000
31,63;1986;16399;20000
31,64;1998;16555;20000
31,65;2002;16458;20000
31,66;2015;16494;20000
31,67;1992;16474;20000
31,68;2006;16458;20000
31,69;1961;16545;20000
31,7;1976;16446;20000
31,71;2011;16504;20000
31,72;2012;16513;20000
31,73;1978;16448;20000
31,74;2015;16393;20000
31,75;1977;16530;20000
31,76;2008;16465;20000
31,77;2010;16454;20000
31,78;1999;16519;20000
31,79;2056;16493;20000
31,8;2014;16501;20000
31,81;1994;16432;20000
31,82;1972;16516;20000
31,83;1977;16466;20000
31,84;1914;16446;20000
31,85;2002;16433;20000
31,86;1982;16415;20000
31,87;2025;16511;20000
31,88;2011;16483;20000
31,89;1999;16426;20000
31,9;2000;16497;20000
31,91;1991;16500;20000
31,92;2032;16500;20000
31,93;1994;16516;20000
31,94;1996;16389;20000
31,95;2008;16471;20000
31,96;2022;16508;20000
31,97;2013;16485;20000
31,98;2012;16461;20000
31,99;1998;16418;20000
32;1988;16513;20000
32,01;2011;16510;20000
32,02;2109;16432;20000
32,03;1973;16513;20000
32,04;1944;16480;20000
32,05;2012;16399;20000
32,06;1916;16521;20000
32,07;1961;16452;20000
32,08;1996;16415;20000
32,09;1994;16472;20000
32,1;2014;16495;20000
32,11;2016;16571;20000
32,12;1971;16481;20000
32,13;2121;16515;20000
32,14;2004;16456;20000
32,15;2011;16489;20000
32,16;2027;16504;
32,17;1999;16372;
32,18;2018;16378;
32,19;2142;16495;
32,2;2021;16483;
32,21;1988;16517;
32,22;2014;16540;
32,23;2020;16475;
32,24;1981;16432;
32,25;1955;16426;
32,26;1997;16424;
32,27;2004;16357;
32,28;1993;16456;
32,29;2005;16485;
32,3;1995;16468;
32,31;1985;16527;
32,32;1978;16476;
32,33;1999;16454;
32,34;1986;16420;
32,35;2005;16487;
32,36;2009;16493;
32,37;1998;16472;
32,38;1993;16437;
32,39;1976;16430;
32,4;1998;16339;
32,41;1994;16383;
32,42;1997;16411;
32,43;2006;16497;
32,44;2021;16438;
32,45;1996;16344;
32,46;2021;16451;
32,47;2053;16466;
32,48;2007;16464;
32,49;2009;16431;
32,5;2007;16465;
32,51;1993;16423;
32,52;1998;16450;
32,53;1999;16454;
32,54;2001;16492;
32,55;2011;16464;
32,56;2002;16392;
32,57;1984;16362;
32,58;2000;16489;
32,59;2029;16443;
32,6;2013;16387;
32,61;1975;16514;
32,62;1965;16461;
32,63;2048;16451;
32,64;2003;16454;
32,65;2027;16361;
32,66;2000;16477;
32,67;2062;16476;
32,68;1970;16472;
32,69;1996;16496;
32,7;1994;16432;
32,71;1994;16407;
32,72;1985;16435;
32,73;1988;16482;
32,74;2017;16444;
32,75;2023;16392;
32,76;2006;16336;
32,77;2005;16278;
32,78;1995;16230;
32,79;1993;16242;
32,8;2021;16136;
32,81;2025;16110;
32,82;2002;16068;
32,83;2000;16045;
32,84;1983;16046;
32,85;2011;15972;
32,86;2003;15981;
32,87;1993;15950;
32,88;1985;15920;
32,89;2004;15885;
32,9;1994;15858;
32,91;1989;15920;
32,92;2023;15899;
32,93;1999;15905;
32,94;1978;15924;
32,95;2009;15836;
32,96;2000;15875;
32,97;2003;15883;
32,98;2008;15926;
32,99;2004;15796;
33;1994;15895;
33,01;1994;15835;
33,02;1987;15798;
33,03;1980;15829;
33,04;2016;15886;
33,05;1994;15804;
33,06;1999;15770;
33,07;2036;15879;
33,08;1994;15838;
33,09;2013;15859;
33,1;2122;15854;
33,11;1971;15796;
33,12;1990;15840;
33,13;2000;15757;
33,14;1973;15687;
33,15;1993;15801;
33,16;2000;15714;
33,17;2010;15699;
33,18;2005;15680;
33,19;2037;15674;
33,2;2012;15637;
33,21;1988;15575;
33,22;2005;15663;
33,23;1989;15600;
33,24;1983;15505;
33,25;2004;15587;
33,26;2008;15569;
33,27;1947;15624;
33,28;2053;15550;
33,29;1992;15606;
33,3;2016;15573;
33,31;2032;15531;
33,32;2022;15570;
33,33;1973;15602;
33,34;1988;15562;
33,35;1983;15526;
33,36;1987;15539;
33,37;1988;15444;
33,38;1998;15504;
33,39;1962;15522;
33,4;2000;15488;
33,41;1968;15394;
33,42;1988;15436;
33,43;1991;15390;
33,44;1967;15288;
33,45;1977;15208;
33,46;2005;15223;
33,47;1998;15150;
33,48;1982;15126;
33,49;2024;15006;
33,5;2082;14966;
33,51;1991;14909;
33,52;1991;14869;
33,53;1993;14814;
33,54;1992;14761;
33,55;2039;14663;
33,56;2001;14588;
33,57;1984;14528;
33,58;1984;14471;
33,59;2010;14530;
33,6;1987;14486;
33,61;1964;14472;
33,62;2000;14452;
33,63;1980;14391;
33,64;2033;14368;
33,65;2005;14393;
33,66;1991;14393;
33,67;2003;14326;
33,68;1985;14381;
33,69;1970;14336;
33,7;1991;14306;
33,71;1999;14345;
33,72;1992;14250;
33,73;2103;14237;
33,74;2005;14228;
33,75;1989;14204;
33,76;1999;14209;
33,77;2006;14166;
33,78;2053;14233;
33,79;1976;14134;
33,8;2014;14114;
33,81;1996;14063;
33,82;1989;13941;
33,83;2013;13866;
33,84;2048;13868;
33,85;1998;13777;
33,86;2017;13691;
33,87;1988;13581;
33,88;1972;13468;
33,89;1985;13378;
33,9;2002;13269;
33,91;1977;13218;
33,92;2026;13148;
33,93;1986;13146;
33,94;2054;13028;
33,95;2008;12963;
33,96;1989;12993;
33,97;1986;12960;
33,98;2002;12900;
33,99;1993;12869;
34;1996;12935;
34,01;2000;12843;
34,02;2015;12881;
34,03;1974;12861;
34,04;2002;12824;
34,05;2005;12832;
34,06;1972;12790;
34,07;1985;12769;
34,08;2006;12835;
34,09;1984;12768;
34,1;2031;12724;
34,11;2017;12749;
34,12;1994;12695;
34,13;2022;12665;
34,14;2003;12768;
34,15;1980;12711;
34,16;2015;12690;
34,17;1959;12662;
34,18;1981;12694;
34,19;1990;12660;
34,2;1989;12670;
34,21;2000;12689;
34,22;1983;12582;
34,23;2041;12506;
34,24;1998;12494;
34,25;1974;12510;
34,26;2002;12470;
34,27;1983;12408;
34,28;2020;12425;
34,29;2006;12357;
34,3;1984;12331;
34,31;1978;12246;
34,32;1995;12294;
34,33;1995;12259;
34,34;1949;12262;
34,35;2060;12192;
34,36;1999;12244;
34,37;2019;12116;
34,38;2024;12047;
34,39;1990;11936;
34,4;2011;11824;
34,41;2002;11835;
34,42;2038;11666;
34,43;2002;11602;
34,44;2018;11582;
34,45;1982;11557;
34,46;2013;11469;
34,47;1998;11469;
34,48;2013;11405;
34,49;2022;11340;
34,5;2018;11324;
34,51;1974;11248;
34,52;1999;11152;
34,53;2014;11076;
34,54;1983;11008;
34,55;1983;10937;
34,56;1983;10774;
34,57;2009;10670;
34,58;1996;10523;
34,59;2018;10428;
34,6;1991;10334;
34,61;1990;10205;
34,62;2005;10004;
34,63;2000;9862;
34,64;2024;9711;
34,65;1996;9528;
34,66;1988;9398;
34,67;1992;9324;
34,68;2015;9198;
34,69;1992;9053;
34,7;1992;8911;
34,71;2012;8866;
34,72;1958;8810;
34,73;2008;8726;
34,74;1960;8660;
34,75;2023;8522;
34,76;2003;8553;
34,77;2004;8495;
34,78;2003;8426;
34,79;1984;8441;
34,8;2003;8417;
34,81;2010;8360;
34,82;2050;8371;
34,83;1996;8361;
34,84;1984;8320;
34,85;1984;8258;
34,86;2009;8254;
34,87;1987;8091;
34,88;2000;8135;
34,89;2007;8142;
34,9;1984;8193;
34,91;1998;8232;
34,92;2060;8169;
34,93;1998;8201;
34,94;2003;8117;
34,95;2021;8261;
34,96;2042;8159;
34,97;1999;8156;
34,98;2002;8158;
34,99;1995;8139;
35;2032;8285;
35,01;1962;8135;
35,02;2014;8136;
35,03;2056;8170;
35,04;2019;8137;
35,05;1979;8144;
35,06;1995;8093;
35,07;2020;8111;
35,08;2011;8103;
35,09;1981;8112;
35,1;1999;8119;
35,11;2020;8067;
35,12;1990;8048;
35,13;1993;8161;
35,14;2001;8104;
35,15;1978;8065;
35,16;2016;8055;
35,17;2058;8060;
35,18;2009;8106;
35,19;2020;8156;
35,2;1989;8106;
35,21;2008;8044;
35,22;2043;8028;
35,23;1974;8058;
35,24;1986;8136;
35,25;2015;8073;
35,26;1978;8049;
35,27;1992;8114;
35,28;2009;8084;
35,29;1980;8084;
35,3;1987;8052;
35,31;1986;8092;
35,32;2021;8127;
35,33;2004;8078;
35,34;2008;8043;
35,35;2003;8023;
35,36;1989;7896;
35,37;2060;7841;
35,38;2002;7796;
35,39;1999;7707;
35,4;2015;7626;
35,41;1990;7572;
35,42;1958;7523;
35,43;2033;7497;
35,44;1995;7418;
35,45;2042;7254;
35,46;2014;7175;
35,47;2003;7073;
35,48;2047;6871;
35,49;2008;6883;
35,5;2012;6710;
35,51;2014;6630;
35,52;2014;6522;
35,53;1997;6490;
35,54;1990;6366;
35,55;2020;6331;
35,56;1986;6226;
35,57;1999;6208;
35,58;2016;6172;
35,59;1985;6103;
35,6;1985;6142;
35,61;2110;6069;
35,62;1987;6003;
35,63;1958;5988;
35,64;1983;5916;
35,65;2060;5917;
35,66;1964;5901;
35,67;2022;5876;
35,68;1990;5859;
35,69;1988;5851;
35,7;2030;5821;
35,71;1988;5846;
35,72;1993;5811;
35,73;1988;5796;
35,74;2028;5803;
35,75;1986;5811;
35,76;2018;5790;
35,77;2001;5763;
35,78;1994;5766;
35,79;1980;5763;
35,8;2024;5752;
35,81;1921;5759;
35,82;2007;5782;
35,83;2001;5772;
35,84;2024;5781;
35,85;1999;5719;
35,86;1998;5748;
35,87;1982;5743;
35,88;2040;5730;
35,89;2004;5762;
35,9;2024;5789;
35,91;1965;5760;
35,92;2002;5733;
35,93;1982;5734;
35,94;1994;5724;
35,95;1988;5739;
35,96;2008;5721;
35,97;1996;5699;
35,98;1990;5758;
35,99;1982;5720;
36;2008;5688;
36,01;1967;5685;
36,02;1976;5707;
36,03;1996;5711;
36,04;2002;5724;
36,05;1968;5725;
36,06;1988;5705;
36,07;2030;5677;
36,08;1980;5712;
36,09;2009;5717;
36,1;1991;5692;
36,11;2029;5687;
36,12;2009;5718;
36,13;2001;5716;
36,14;1987;5720;
36,15;2015;5688;
36,16;2013;5725;
36,17;1979;5707;
36,18;2001;5701;
36,19;2003;5717;
36,2;1981;5689;
36,21;1996;5680;
36,22;1988;5693;
36,23;1994;5709;
36,24;1991;5678;
36,25;2007;5720;
36,26;1988;5760;
36,27;1994;5774;
36,28;2029;5840;
36,29;2034;5854;
36,3;2003;5871;
36,31;1999;5837;
36,32;1986;5944;
36,33;2019;5973;
36,34;1978;5969;
36,35;1911;5930;
36,36;2013;5941;
36,37;1992;5988;
36,38;2064;5988;
36,39;2006;5986;
36,4;2012;6000;
36,41;2025;6004;
36,42;2010;5995;
36,43;2004;6040;
36,44;2008;5999;
36,45;1980;6030;
36,46;2040;6056;
36,47;2001;6027;
36,48;2047;5996;
36,49;2001;6050;
36,5;1978;5997;
36,51;1997;6046;
36,52;2006;6057;
36,53;1992;6047;
36,54;1975;6053;
36,55;2005;6022;
36,56;1986;6053;
36,57;2001;6055;
36,58;2057;6044;
36,59;1983;6080;
36,6;2016;6026;
36,61;1999;6087;
36,62;1954;6124;
36,63;1970;6101;
36,64;2007;6090;
36,65;1982;6132;
36,66;1991;6128;
36,67;2013;6028;
36,68;2017;6101;
36,69;1982;6108;
36,7;2018;6133;
36,71;2065;6102;
36,72;2124;6131;
36,73;2122;6077;
36,74;2571;6116;
36,75;2145;6115;
36,76;2270;6130;
36,77;2161;6099;
36,78;2246;6110;
36,79;2267;6132;
36,8;2361;6124;
36,81;2416;6119;
36,82;2613;6670;
36,83;2609;6072;
36,84;2651;6091;
36,85;2716;6117;
36,86;2762;6090;
36,87;2808;6121;
36,88;2851;6107;
36,89;2856;6120;
36,9;2922;6116;
36,91;3011;6090;
36,92;2982;6145;
36,93;3060;6135;
36,94;3053;6121;
36,95;3124;6121;
36,96;3140;6119;
36,97;3153;6144;
36,98;3205;6147;
36,99;3251;6144;
37;3249;6084;
37,01;3188;6093;
37,02;3299;6150;
37,03;3272;6114;
37,04;3245;6121;
37,05;3198;6124;
37,06;3235;6097;
37,07;3386;6144;
37,08;3275;6104;
37,09;3363;6119;
37,1;3296;6132;
37,11;3243;6090;
37,12;3294;6101;
37,13;3276;6078;
37,14;3300;6024;
37,15;3310;6109;
37,16;3309;6091;
37,17;3282;6096;
37,18;3252;6099;
37,19;3290;6105;
37,2;3393;6117;
37,21;3282;6090;
37,22;3337;6096;
37,23;3355;6121;
37,24;3530;6068;
37,25;3401;6091;
37,26;3628;6104;
37,27;3543;6106;
37,28;3453;6087;
37,29;3514;6044;
37,3;3510;6103;
37,31;3531;6092;
37,32;3473;6082;
37,33;3424;6079;
37,34;3478;6082;
37,35;3489;6092;
37,36;3476;6090;
37,37;3513;6077;
37,38;3526;6065;
37,39;3518;6077;
37,4;3553;6069;
37,41;3604;6131;
37,42;3719;6073;
37,43;3700;6111;
37,44;3723;6079;
37,45;3723;6118;
37,46;3776;6065;
37,47;3908;6070;
37,48;3809;6087;
37,49;3922;6056;
37,5;3926;6093;
37,51;3897;6091;
37,52;4286;6063;
37,53;3988;6053;
37,54;3961;6035;
37,55;4136;6047;
37,56;3980;6058;
37,57;4056;6085;
37,58;3901;6029;
37,59;3930;6068;
37,6;3901;6058;
37,61;3902;6040;
37,62;4051;6042;
37,63;3908;6054;
37,64;3951;6091;
37,65;3999;6063;
37,66;4006;6043;
37,67;4118;6054;
37,68;4117;6027;
37,69;4124;6012;
37,7;4153;6031;
37,71;4170;6056;
37,72;4204;6066;
37,73;4289;6080;
37,74;4368;6029;
37,75;4360;6043;
37,76;4428;6051;
37,77;4300;6026;
37,78;4302;6043;
37,79;4279;6054;
37,8;4336;6068;
37,81;4290;6038;
37,82;4335;6108;
37,83;4349;6075;
37,84;4336;6100;
37,85;4432;6100;
37,86;4411;6154;
37,87;4477;6121;
37,88;4531;6176;
37,89;4585;6158;
37,9;4622;6200;
37,91;4687;6187;
37,92;4697;6213;
37,93;4727;6185;
37,94;4678;6231;
37,95;4788;6238;
37,96;4818;6273;
37,97;4843;6251;
37,98;4774;6226;
37,99;4826;6261;
38;4785;6264;
38,01;4792;6255;
38,02;4837;6244;
38,03;4942;6289;
38,04;4833;6288;
38,05;4830;6296;
38,06;4870;6287;
38,07;4849;6242;
38,08;4798;6278;
38,09;4827;6297;
38,1;4843;6284;
38,11;4862;6284;
38,12;4864;6257;
38,13;4910;6252;
38,14;4877;6270;
38,15;4896;6301;
38,16;4891;6244;
38,17;4946;6248;
38,18;4897;6281;
38,19;4798;6259;
38,2;4834;6239;
38,21;4862;6282;
38,22;4823;6289;
38,23;4850;6296;
38,24;4842;6268;
38,25;4849;6226;
38,26;4877;6235;
38,27;4883;6266;
38,28;4891;6280;
38,29;4848;6296;
38,3;4827;6299;
38,31;4864;6306;
38,32;5015;6286;
38,33;4868;6305;
38,34;4873;6295;
38,35;4867;6265;
38,36;4811;6292;
38,37;4840;6324;
38,38;4828;6300;
38,39;4848;6318;
38,4;4844;6353;
38,41;4877;6358;
38,42;4884;6330;
38,43;4893;6353;
38,44;5016;6319;
38,45;4888;6339;
38,46;4970;6351;
38,47;4857;6376;
38,48;4882;6382;
38,49;4855;6380;
38,5;4922;6423;
38,51;4909;6417;
38,52;4883;6375;
38,53;4941;6405;
38,54;4936;6397;
38,55;4897;6434;
38,56;4930;6394;
38,57;4892;6438;
38,58;4895;6444;
38,59;4886;6439;
38,6;4860;6468;
38,61;4875;6480;
38,62;4872;6480;
38,63;4936;6420;
38,64;4948;6485;
38,65;4909;6483;
38,66;4914;6485;
38,67;4879;6442;
38,68;4886;6510;
38,69;4836;6507;
38,7;4830;6511;
38,71;4907;6554;
38,72;4883;6574;
38,73;5035;6642;
38,74;4910;6600;
38,75;4937;6601;
38,76;4886;6594;
38,77;4984;6619;
38,78;4981;6611;
38,79;4988;6613;
38,8;5064;6624;
38,81;5058;6649;
38,82;5078;6675;
38,83;5120;6662;
38,84;5124;6673;
38,85;5144;6644;
38,86;5226;6663;
38,87;5178;6664;
38,88;5180;6692;
38,89;5205;6738;
38,9;5172;6731;
38,91;5270;6730;
38,92;5294;6727;
38,93;5271;6788;
38,94;5321;6767;
38,95;5305;6762;
38,96;5346;6758;
38,97;5351;6775;
38,98;5302;6785;
38,99;5328;6789;
39;5332;6752;
39,01;5424;6807;
39,02;5354;6792;
39,03;5472;6792;
39,04;5346;6810;
39,05;5381;6789;
39,06;5327;6832;
39,07;5362;6796;
39,08;5333;6832;
39,09;5359;6814;
39,1;5395;6823;
39,11;5388;6843;
39,12;5443;6817;
39,13;5466;6797;
39,14;5448;6840;
39,15;5498;6797;
39,16;5487;6782;
39,17;5460;6800;
39,18;5484;6798;
39,19;5515;6777;
39,2;5515;6825;
39,21;5548;6818;
39,22;5523;6842;
39,23;5581;6827;
39,24;5586;6780;
39,25;5614;6824;
39,26;5588;6836;
39,27;5562;6843;
39,28;5562;6820;
39,29;6009;6856;
39,3;5608;6830;
39,31;5544;6881;
39,32;5596;6882;
39,33;5596;6883;
39,34;5616;6927;
39,35;5634;6978;
39,36;5709;6949;
39,37;5756;6995;
39,38;5753;7071;
39,39;5792;7065;
39,4;5852;7082;
39,41;5883;7100;
39,42;5931;7125;
39,43;6033;7101;
39,44;6115;7109;
39,45;6180;7117;
39,46;6286;7098;
39,47;6363;7117;
39,48;6391;7092;
39,49;6393;7108;
39,5;6425;7155;
39,51;6473;7103;
39,52;6491;7140;
39,53;6556;7157;
39,54;6577;7140;
39,55;6600;7175;
39,56;6625;7156;
39,57;6629;7118;
39,58;6621;7126;
39,59;6600;7144;
39,6;6602;7142;
39,61;6607;7134;
39,62;6650;7131;
39,63;6655;7118;
39,64;6669;7137;
39,65;6692;7136;
39,66;6654;7130;
39,67;6612;7116;
39,68;6681;7138;
39,69;6699;7161;
39,7;6658;7169;
39,71;6650;7118;
39,72;6662;7107;
39,73;6658;7122;
39,74;6681;7192;
39,75;6655;7160;
39,76;6688;7175;
39,77;6672;7151;
39,78;7173;7109;
39,79;6605;7159;
39,8;6656;7184;
39,81;6637;7201;
39,82;6663;7177;
39,83;6665;7206;
39,84;6648;7234;
39,85;6730;7212;
39,86;6774;7200;
39,87;6898;7211;
39,88;6882;7242;
39,89;6976;7230;
39,9;7048;7224;
39,91;7021;7226;
39,92;7047;7234;
39,93;7107;7266;
39,94;7095;7265;
39,95;7157;7264;
39,96;7168;7292;
39,97;7196;7286;
39,98;7168;7237;
39,99;7112;7232;
40;7143;7227;
40,01;7147;7262;
40,02;7184;7284;
40,03;7170;7292;
40,04;7196;7270;
40,05;7192;7299;
40,06;7172;7291;
40,07;7161;7238;
40,08;7162;7243;
40,09;7160;7257;
40,1;7185;7256;
40,11;7165;7257;
40,12;7145;7335;
40,13;7119;7283;
40,14;7123;7312;
40,15;7102;7328;
40,16;7162;7304;
40,17;7148;7252;
40,18;7133;7304;
40,19;7101;7275;
40,2;7122;7325;
40,21;7120;7264;
40,22;7166;7299;
40,23;7166;7283;
40,24;7094;7314;
40,25;7136;7338;
40,26;7125;7362;
40,27;7135;7368;
40,28;7082;7374;
40,29;7172;7295;
40,3;7181;7276;
40,31;7172;7269;
40,32;7132;7306;
40,33;7141;7298;
40,34;7176;7265;
40,35;7130;7271;
40,36;7198;7298;
40,37;7187;7306;
40,38;7143;7287;
40,39;7209;7308;
40,4;7197;7356;
40,41;7243;7415;
40,42;7227;7368;
40,43;7247;7440;
40,44;7240;7415;
40,45;7348;7447;
40,46;7297;7476;
40,47;7353;7482;
40,48;7309;7470;
40,49;7358;7536;
40,5;7346;7541;
40,51;7339;7553;
40,52;7412;7564;
40,53;7366;7582;
40,54;7420;7608;
40,55;7434;7681;
40,56;7471;7699;
40,57;7499;7796;
40,58;7503;7832;
40,59;7492;7871;
40,6;7507;7850;
40,61;7526;7895;
40,62;7413;7911;
40,63;7535;7915;
40,64;7525;7921;
40,65;7542;7918;
40,66;7580;7927;
40,67;7631;7954;
40,68;7690;7991;
40,69;7735;8000;
40,7;7788;8002;
40,71;7759;8005;
40,72;7740;8040;
40,73;7828;7986;
40,74;7804;7962;
40,75;7788;7933;
40,76;7804;7980;
40,77;7884;7968;
40,78;7915;7971;
40,79;7972;8141;
40,8;8062;7972;
40,81;8102;7999;
40,82;8167;8031;
40,83;8117;8064;
40,84;8149;7996;
40,85;8160;7999;
40,86;8209;8008;
40,87;8163;8011;
40,88;8202;8055;
40,89;8235;8010;
40,9;8223;8037;
40,91;8303;8078;
40,92;8337;8057;
40,93;8254;8074;
40,94;8361;8193;
40,95;8295;8034;
40,96;8231;8061;
40,97;8413;8064;
40,98;8308;8048;
40,99;8478;8070;
41;8246;8097;
41,01;8371;8146;
41,02;8355;8167;
41,03;8326;8116;
41,04;8340;8096;
41,05;8294;8107;
41,06;8298;8139;
41,07;8296;8148;
41,08;8286;8103;
41,09;8423;8122;
41,1;8392;8139;
41,11;8312;8270;
41,12;8362;8100;
41,13;8378;8186;
41,14;8407;8136;
41,15;8336;8161;
41,16;8396;8174;
41,17;8379;8218;
41,18;8442;8281;
41,19;8442;8219;
41,2;8430;8224;
41,21;8508;8272;
41,22;8466;8213;
41,23;8446;8377;
41,24;8593;8192;
41,25;8529;8203;
41,26;8460;8256;
41,27;8471;8242;
41,28;8499;8245;
41,29;8534;8359;
41,3;8550;8374;
41,31;8528;8380;
41,32;8524;8395;
41,33;8489;8359;
41,34;8521;8293;
41,35;8546;8382;
41,36;8526;8368;
41,37;8574;8445;
41,38;8565;8372;
41,39;8557;8380;
41,4;8554;8472;
41,41;8558;8495;
41,42;8493;8480;
41,43;8505;8553;
41,44;8475;8485;
41,45;8517;8572;
41,46;8523;8606;
41,47;8559;8638;
41,48;8554;8646;
41,49;8567;8678;
41,5;8558;8706;
41,51;8561;8716;
41,52;8574;8734;
41,53;8554;8711;
41,54;8540;8800;
41,55;8521;8806;
41,56;8604;8855;
41,57;8590;8813;
41,58;8575;8840;
41,59;8619;8851;
41,6;8615;8830;
41,61;8610;8842;
41,62;8619;8813;
41,63;8648;8832;
41,64;8589;8822;
41,65;8651;8873;
41,66;8582;8855;
41,67;8638;8826;
41,68;8636;8817;
41,69;8604;8864;
41,7;8648;8802;
41,71;8626;8808;
41,72;8579;8821;
41,73;8651;8846;
41,74;8657;8830;
41,75;8642;8870;
41,76;8732;8878;
41,77;8708;8940;
41,78;8732;8945;
41,79;8714;9004;
41,8;8724;8999;
41,81;8784;9058;
41,82;8745;9117;
41,83;8758;9156;
41,84;8772;9220;
41,85;8826;9236;
41,86;8856;9209;
41,87;8827;9301;
41,88;8861;9324;
41,89;8903;9310;
41,9;8933;9331;
41,91;8900;9348;
41,92;8945;9356;
41,93;8950;9323;
41,94;9025;9290;
41,95;9007;9281;
41,96;9034;9316;
41,97;9063;9335;
41,98;9055;9329;
41,99;9066;9355;
42;9140;9376;
42,01;9144;9430;
42,02;9162;9426;
42,03;9179;9465;
42,04;9148;9430;
42,05;9164;9474;
42,06;9206;9469;
42,07;9145;9458;
42,08;9168;9482;
42,09;9186;9502;
42,1;9138;9558;
42,11;9144;9631;
42,12;9133;9678;
42,13;9133;9743;
42,14;9126;9764;
42,15;9131;9792;
42,16;9146;9848;
42,17;9166;9904;
42,18;9223;9950;
42,19;9189;9970;
42,2;9216;9970;
42,21;9211;10023;
42,22;9213;9994;
42,23;9186;10004;
42,24;9171;9990;
42,25;9188;9989;
42,26;9176;10036;
42,27;9180;10030;
42,28;9190;10086;
42,29;9211;10027;
42,3;9235;10092;
42,31;9252;10108;
42,32;9295;10099;
42,33;9284;10134;
42,34;9280;10120;
42,35;9296;10115;
42,36;9302;10132;
42,37;9325;10156;
42,38;9299;10118;
42,39;9336;10176;
42,4;9336;10197;
42,41;9350;10220;
42,42;9406;10201;
42,43;9402;10258;
42,44;9430;10285;
42,45;9392;10267;
42,46;9459;10323;
42,47;9476;10296;
42,48;9538;10340;
42,49;9456;10397;
42,5;9486;10358;
42,51;9480;10390;
42,52;9503;10436;
42,53;9439;10527;
42,54;9523;10425;
42,55;9472;10484;
42,56;9490;10472;
42,57;9519;10613;
42,58;9487;10512;
42,59;9499;10578;
42,6;9516;10702;
42,61;9532;10687;
42,62;9617;10881;
42,63;9606;10882;
42,64;9608;10923;
42,65;9647;10975;
42,66;9670;11042;
42,67;9724;11064;
42,68;9697;11054;
42,69;9747;11088;
42,7;9746;11129;
42,71;9737;11125;
42,72;9761;11147;
42,73;9795;11194;
42,74;9799;11172;
42,75;9812;11184;
42,76;9834;11180;
42,77;9887;11236;
42,78;9895;11218;
42,79;9899;11218;
42,8;9952;11167;
42,81;9942;11212;
42,82;9997;11152;
42,83;10024;11198;
42,84;9972;11155;
42,85;10014;11187;
42,86;10076;11157;
42,87;10052;11140;
42,88;10074;11115;
42,89;10117;11106;
42,9;10101;11058;
42,91;10074;11126;
42,92;10115;11144;
42,93;10155;11140;
42,94;10214;11150;
42,95;10221;11144;
42,96;10258;11129;
42,97;10290;11180;
42,98;10297;11155;
42,99;10324;11142;
43;10284;11138;
43,01;10322;11126;
43,02;10309;11121;
43,03;10316;11064;
43,04;10349;11084;
43,05;10407;11116;
43,06;10400;11094;
43,07;10471;11100;
43,08;10472;11085;
43,09;10490;11169;
43,1;10467;11136;
43,11;10484;11157;
43,12;10553;11119;
43,13;10493;11110;
43,14;10532;11126;
43,15;10508;11136;
43,16;10557;11140;
43,17;10585;11150;
43,18;10592;11125;
43,19;10594;11084;
43,2;10579;11057;
43,21;10603;11125;
43,22;10630;11114;
43,23;10620;11133;
43,24;10641;11153;
43,25;10680;11124;
43,26;10711;11174;
43,27;10704;11144;
43,28;10712;11137;
43,29;10693;11120;
43,3;10735;11075;
43,31;10686;11089;
43,32;10727;11103;
43,33;10726;11164;
43,34;10766;11090;
43,35;10795;11120;
43,36;10812;11116;
43,37;10827;11090;
43,38;10779;11112;
43,39;10808;11118;
43,4;10785;11116;
43,41;10812;11092;
43,42;10793;11109;
43,43;10757;11086;
43,44;10810;11070;
43,45;10828;11067;
43,46;10818;11149;
43,47;10823;11134;
43,48;10804;11132;
43,49;10771;11141;
43,5;10835;11110;
43,51;10858;11088;
43,52;10825;11087;
43,53;10822;11135;
43,54;10827;11032;
43,55;10771;11092;
43,56;10816;11096;
43,57;10830;11107;
43,58;10821;11149;
43,59;10777;11113;
43,6;10820;11119;
43,61;10778;11133;
43,62;10855;11169;
43,63;10870;11076;
43,64;10831;11128;
43,65;10876;11139;
43,66;10853;11164;
43,67;10835;11201;
43,68;10811;11194;
43,69;10845;11233;
43,7;10841;11314;
43,71;10838;11344;
43,72;10889;11352;
43,73;10905;11376;
43,74;10903;11432;
43,75;10910;11422;
43,76;10918;11447;
43,77;10911;11425;
43,78;10883;11485;
43,79;10915;11428;
43,8;10921;11451;
43,81;10900;11521;
43,82;10958;11598;
43,83;10965;11636;
43,84;11007;11661;
43,85;10996;11695;
43,86;11017;11706;
43,87;11026;11708;
43,88;11015;11730;
43,89;11010;11693;
43,9;11020;11714;
43,91;10983;11728;
43,92;11000;11744;
43,93;10992;11746;
43,94;10990;11783;
43,95;11055;11816;
43,96;11097;11764;
43,97;11065;11770;
43,98;11066;11714;
43,99;11057;11848;
44;11062;11772;
44,01;11051;11808;
44,02;11049;11802;
44,03;11047;11773;
44,04;11093;11780;
44,05;11034;11822;
44,06;11082;11813;
44,07;11083;11778;
44,08;11099;11802;
44,09;11122;11798;
44,1;11058;11816;
44,11;11070;11789;
44,12;11108;11824;
44,13;11060;11775;
44,14;11052;11757;
44,15;11100;11847;
44,16;11076;11793;
44,17;11033;11909;
44,18;11089;11810;
44,19;11065;11844;
44,2;11075;11845;
44,21;11048;11855;
44,22;11096;11862;
44,23;11125;11856;
44,24;11111;11834;
44,25;11155;11857;
44,26;11171;11841;
44,27;11152;11870;
44,28;11190;11903;
44,29;11170;11844;
44,3;11174;11921;
44,31;11165;11912;
44,32;11160;12000;
44,33;11198;12075;
44,34;11170;12068;
44,35;11214;12161;
44,36;11250;12155;
44,37;11236;12165;
44,38;11227;12276;
44,39;11198;12300;
44,4;11308;12239;
44,41;11276;12269;
44,42;11301;12358;
44,43;11293;12337;
44,44;11318;12382;
44,45;11306;12411;
44,46;11313;12505;
44,47;11344;12444;
44,48;11320;12430;
44,49;11323;12489;
44,5;11300;12427;
44,51;11316;12462;
44,52;11327;12459;
44,53;11330;12518;
44,54;11359;12477;
44,55;11370;12495;
44,56;11366;12507;
44,57;11380;12559;
44,58;11412;12533;
44,59;11497;12599;
44,6;11515;12560;
44,61;11586;12612;
44,62;11631;12630;
44,63;11727;12629;
44,64;11803;12654;
44,65;11902;12599;
44,66;11944;12659;
44,67;11988;12707;
44,68;11999;12696;
44,69;12070;12868;
44,7;12063;12861;
44,71;12090;12928;
44,72;12118;12976;
44,73;12130;13026;
44,74;12156;13049;
44,75;12135;13013;
44,76;12168;13090;
44,77;12171;13148;
44,78;12146;13176;
44,79;12211;13178;
44,8;12215;13158;
44,81;12166;13189;
44,82;12178;13173;
44,83;12107;13152;
44,84;12124;13144;
44,85;12117;13148;
44,86;12084;13168;
44,87;12066;13201;
44,88;12078;13217;
44,89;12072;13234;
44,9;12067;13254;
44,91;12085;13244;
44,92;12063;13259;
44,93;12058;13223;
44,94;12034;13250;
44,95;12046;13209;
44,96;12041;13231;
44,97;12037;13219;
44,98;12056;13240;
44,99;12047;13207;
45;12053;13266;
45,01;12072;13224;
45,02;12057;13218;
45,03;12016;13197;
45,04;12023;13264;
45,05;12036;13268;
45,06;12014;13263;
45,07;12039;13165;
45,08;12012;13253;
45,09;12037;13244;
45,1;12038;13229;
45,11;12049;13275;
45,12;12007;13285;
45,13;12071;13248;
45,14;12048;13288;
45,15;12028;13259;
45,16;12033;13286;
45,17;12064;13308;
45,18;12058;13311;
45,19;12063;13324;
45,2;12098;13342;
45,21;12107;13365;
45,22;12088;13372;
45,23;12062;13443;
45,24;12066;13442;
45,25;12084;13566;
45,26;12044;13679;
45,27;12078;13709;
45,28;12092;13703;
45,29;12049;13902;
45,3;12108;13920;
45,31;12086;13931;
45,32;12119;13986;
45,33;12102;14008;
45,34;12127;14032;
45,35;12046;14072;
45,36;12074;14135;
45,37;12120;14136;
45,38;12122;14172;
45,39;12114;14135;
45,4;12129;14182;
45,41;12110;14138;
45,42;12070;14123;
45,43;12070;14144;
45,44;12080;14237;
45,45;12091;14208;
45,46;12126;14248;
45,47;12112;14243;
45,48;12076;14246;
45,49;12131;14307;
45,5;12120;14328;
45,51;12133;14195;
45,52;12166;14228;
45,53;12116;14289;
45,54;12144;14232;
45,55;12099;14223;
45,56;12179;14242;
45,57;12131;14264;
45,58;12133;14286;
45,59;12144;14266;
45,6;12149;14242;
45,61;12178;14221;
45,62;12127;14205;
45,63;12151;14233;
45,64;12154;14198;
45,65;12126;14263;
45,66;12124;14253;
45,67;12184;14288;
45,68;12127;14334;
45,69;12148;14218;
45,7;12124;14204;
45,71;12163;14241;
45,72;12162;14252;
45,73;12128;14292;
45,74;12165;14207;
45,75;12154;14218;
45,76;12164;14293;
45,77;12192;14288;
45,78;12203;14232;
45,79;12183;14238;
45,8;12198;14280;
45,81;12139;14269;
45,82;12161;14241;
45,83;12190;14331;
45,84;12188;14267;
45,85;12211;14319;
45,86;12216;14336;
45,87;12215;14293;
45,88;12226;14315;
45,89;12213;14285;
45,9;12200;14339;
45,91;12169;14308;
45,92;12168;14320;
45,93;12144;14368;
45,94;12252;14407;
45,95;12223;14582;
45,96;12246;14590;
45,97;12251;14589;
45,98;12277;14644;
45,99;12278;14664;
46;12209;14809;
46,01;12275;14808;
46,02;12303;14824;
46,03;12260;14786;
46,04;12228;14920;
46,05;12326;14873;
46,06;12289;14904;
46,07;12256;14979;
46,08;12333;14955;
46,09;12310;14988;
46,1;12421;15031;
46,11;12461;15024;
46,12;12479;14986;
46,13;12572;14951;
46,14;12581;14916;
46,15;12546;15036;
46,16;12576;14995;
46,17;12572;15066;
46,18;12523;14976;
46,19;12600;15080;
46,2;12564;15028;
46,21;12584;15007;
46,22;12539;14966;
46,23;12598;15020;
46,24;12589;14968;
46,25;12596;15023;
46,26;12591;15063;
46,27;12612;15056;
46,28;12547;15018;
46,29;12591;15067;
46,3;12538;15046;
46,31;12590;15048;
46,32;12596;15048;
46,33;12576;15036;
46,34;12472;15014;
46,35;12540;15160;
46,36;12529;15137;
46,37;12518;15107;
46,38;12569;15127;
46,39;12506;15145;
46,4;12532;15169;
46,41;12496;15098;
46,42;12557;15124;
46,43;12430;15120;
46,44;12526;15054;
46,45;12472;15142;
46,46;12506;15115;
46,47;12485;15164;
46,48;12429;15078;
46,49;12504;15206;
46,5;12536;15101;
46,51;12558;15210;
46,52;12503;15142;
46,53;12424;15209;
46,54;12485;15152;
46,55;12521;15224;
46,56;12464;15291;
46,57;12510;15318;
46,58;12450;15306;
46,59;12439;15321;
46,6;12439;15335;
46,61;12490;15315;
46,62;12488;15402;
46,63;12492;15323;
46,64;12478;15420;
46,65;12476;15468;
46,66;12502;15432;
46,67;12490;15416;
46,68;12494;15518;
46,69;12504;15465;
46,7;12486;15557;
46,71;12466;15443;
46,72;12533;15461;
46,73;12516;15484;
46,74;12501;15531;
46,75;12472;15511;
46,76;12526;15488;
46,77;12511;15578;
46,78;12472;15594;
46,79;12515;15584;
46,8;12552;15576;
46,81;12554;15647;
46,82;12622;15630;
46,83;12598;15667;
46,84;12568;15662;
46,85;12596;15714;
46,86;12599;15644;
46,87;12610;15667;
46,88;12623;15685;
46,89;12609;15650;
46,9;12613;15731;
46,91;12671;15701;
46,92;12578;15657;
46,93;12657;15662;
46,94;12594;15707;
46,95;12610;15760;
46,96;12598;15744;
46,97;12605;15756;
46,98;12596;15743;
46,99;12588;15793;
47;12659;15733;
47,01;12634;15738;
47,02;12650;15727;
47,03;12633;15782;
47,04;12638;15707;
47,05;12624;15834;
47,06;12639;15820;
47,07;12622;15857;
47,08;12647;16052;
47,09;12680;16035;
47,1;12681;16142;
47,11;12725;16278;
47,12;12738;16288;
47,13;12744;16325;
47,14;12701;16363;
47,15;12700;16342;
47,16;12702;16324;
47,17;12752;16390;
47,18;12685;16375;
47,19;12667;16384;
47,2;12751;16390;
47,21;12707;16250;
47,22;12757;16353;
47,23;12755;16314;
47,24;12658;16366;
47,25;12761;16366;
47,26;12764;16413;
47,27;12744;16405;
47,28;12728;16343;
47,29;12744;16436;
47,3;12744;16309;
47,31;12677;16404;
47,32;12748;16299;
47,33;12753;16434;
47,34;12770;16399;
47,35;12770;16364;
47,36;12788;16325;
47,37;12786;16369;
47,38;12802;16350;
47,39;12741;16411;
47,4;12748;16385;
47,41;12696;16332;
47,42;12757;16286;
47,43;12775;16386;
47,44;12783;16462;
47,45;12838;16366;
47,46;12749;16436;
47,47;12766;16320;
47,48;12785;16390;
47,49;12834;16290;
47,5;12755;16488;
47,51;12771;16428;
47,52;12841;16453;
47,53;12862;16437;
47,54;12835;16389;
47,55;12891;16299;
47,56;12797;16371;
47,57;12873;16392;
47,58;12789;16374;
47,59;12812;16385;
47,6;12896;16369;
47,61;12851;16366;
47,62;12884;16376;
47,63;12871;16317;
47,64;12820;16422;
47,65;12903;16400;
47,66;12885;16383;
47,67;12880;16305;
47,68;12930;16254;
47,69;12849;16363;
47,7;12951;16370;
47,71;12918;16364;
47,72;12955;16412;
47,73;12900;16340;
47,74;12928;16413;
47,75;12918;16357;
47,76;12964;16314;
47,77;12921;16375;
47,78;12916;16329;
47,79;12958;16262;
47,8;12972;16377;
47,81;12930;16357;
47,82;12941;16344;
47,83;12973;16405;
47,84;12982;16352;
47,85;13028;16368;
47,86;13001;16325;
47,87;12995;16362;
47,88;13021;16415;
47,89;12974;16375;
47,9;13012;16366;
47,91;13062;16355;
47,92;13016;16373;
47,93;13040;16412;
47,94;13028;16377;
47,95;13106;16371;
47,96;13083;16363;
47,97;13044;16372;
47,98;13077;16283;
47,99;13141;16360;
48;13107;16354;
48,01;13098;16317;
48,02;13136;16367;
48,03;13202;16396;
48,04;13155;16365;
48,05;13162;16353;
48,06;13118;16385;
48,07;13150;16302;
48,08;13188;16338;
48,09;13147;16365;
48,1;13162;16340;
48,11;13213;16342;
48,12;13210;16334;
48,13;13244;16340;
48,14;13199;16425;
48,15;13265;16347;
48,16;13202;16321;
48,17;13238;16337;
48,18;13200;16388;
48,19;13251;16349;
48,2;13201;16247;
48,21;13291;16362;
48,22;13252;16337;
48,23;13286;16301;
48,24;13305;16320;
48,25;13295;16382;
48,26;13308;16358;
48,27;13324;16242;
48,28;13336;16379;
48,29;13390;16332;
48,3;13359;16300;
48,31;13398;16376;
48,32;13416;16341;
48,33;13402;16346;
48,34;13426;16326;
48,35;13419;16391;
48,36;13452;16325;
48,37;13445;16351;
48,38;13472;16332;
48,39;13483;16382;
48,4;13504;16325;
48,41;13440;16356;
48,42;13481;16268;
48,43;13529;16370;
48,44;13519;16373;
48,45;13576;16375;
48,46;13556;16332;
48,47;13657;16264;
48,48;13713;16244;
48,49;13794;16304;
48,5;13863;16310;
48,51;13855;16358;
48,52;13947;16305;
48,53;13995;16358;
48,54;14063;16313;
48,55;14052;16261;
48,56;14146;16286;
48,57;14164;16335;
48,58;14186;16300;
48,59;14185;16298;
48,6;14307;16324;
48,61;14262;16326;
48,62;14268;16340;
48,63;14392;16287;
48,64;14416;16330;
48,65;14382;16236;
48,66;14368;16305;
48,67;14437;16249;
48,68;14429;16251;
48,69;14446;16316;
48,7;14538;16314;
48,71;14506;16300;
48,72;14556;16189;
48,73;14598;16362;
48,74;14618;16297;
48,75;14575;16390;
48,76;14636;16242;
48,77;14630;16332;
48,78;14696;16308;
48,79;14708;16307;
48,8;14669;16273;
48,81;14839;16306;
48,82;14748;16327;
48,83;14739;16318;
48,84;14701;16338;
48,85;14764;16240;
48,86;14753;16260;
48,87;14825;16216;
48,88;14784;16294;
48,89;14729;16326;
48,9;14823;16262;
48,91;14814;16347;
48,92;14793;16258;
48,93;14874;16265;
48,94;14794;16218;
48,95;14836;16244;
48,96;14820;16290;
48,97;14788;16217;
48,98;14812;16249;
48,99;14913;16237;
49;14899;16299;
49,01;14784;16246;
49,02;14829;16315;
49,03;14859;16218;
49,04;14978;16201;
49,05;14883;16226;
49,06;14898;16230;
49,07;14879;16234;
49,08;14919;16251;
49,09;15025;16284;
49,1;14966;16244;
49,11;15050;16276;
49,12;14958;16271;
49,13;15010;16197;
49,14;15015;16193;
49,15;14958;16255;
49,16;15022;16299;
49,17;14958;16270;
49,18;15075;16254;
49,19;14974;16251;
49,2;15022;16324;
49,21;15051;16332;
49,22;15001;16235;
49,23;15117;16290;
49,24;15018;16339;
49,25;15077;16221;
49,26;15080;16237;
49,27;15055;16279;
49,28;14962;16268;
49,29;14986;16261;
49,3;15016;16304;
49,31;15099;16236;
49,32;14999;16191;
49,33;14984;16210;
49,34;14983;16315;
49,35;15034;16165;
49,36;15041;16230;
49,37;15036;16312;
49,38;15128;16305;
49,39;15136;16295;
49,4;15056;16319;
49,41;15062;16334;
49,42;15063;16306;
49,43;15078;16286;
49,44;15054;16294;
49,45;14951;16347;
49,46;14962;16304;
49,47;15050;16334;
49,48;15134;16190;
49,49;15074;16290;
49,5;15062;16274;
49,51;15132;16304;
49,52;15172;16299;
49,53;15052;16196;
49,54;15147;16275;
49,55;15019;16312;
49,56;15100;16153;
49,57;15078;16200;
49,58;15108;16304;
49,59;15148;16172;
49,6;15159;16285;
49,61;15155;16296;
49,62;15318;16310;20000
49,63;15187;16307;20000
49,64;15215;16310;20000
49,65;15210;16172;20000
49,66;15195;16263;20000
49,67;15241;16184;20000
49,68;15224;16263;20000
49,69;15172;16224;20000
49,7;15205;16288;20000
49,71;15236;16272;20000
49,72;15160;16318;20000
49,73;15210;16247;20000
49,74;15243;16206;20000
49,75;15237;16288;20000
49,76;15192;16275;20000
49,77;15227;16309;20000
49,78;15237;16173;20000
49,79;15255;16286;20000
49,8;15236;16190;20000
49,81;15195;16271;20000
49,82;15240;16258;20000
49,83;15220;16319;20000
49,84;15190;16276;20000
49,85;15240;16328;20000
49,86;15238;16290;20000
49,87;15235;16215;20000
49,88;15220;16334;20000
49,89;15208;16285;20000
49,9;15249;16346;20000
49,91;15238;16223;20000
49,92;15281;16258;20000
49,93;15233;16315;20000
49,94;15252;16252;20000
49,95;15314;16159;20000
49,96;15200;16240;20000
49,97;15275;16196;20000
49,98;15229;16272;20000
49,99;15295;16281;20000
50;15273;16276;20000
50,01;15243;16203;20000
50,02;15262;16304;20000
50,03;15298;16176;20000
50,04;15209;16195;20000
50,05;15296;16222;20000
50,06;15236;16284;20000
50,07;15282;16181;20000
50,08;15295;16233;20000
50,09;15255;16249;20000
50,1;15264;16278;20000
50,11;15254;16270;20000
50,12;15291;16214;20000
50,13;15279;16305;20000
50,14;15287;16216;20000
50,15;15258;16240;20000
50,16;15284;16221;20000
50,17;15249;16238;20000
50,18;15269;16306;20000
50,19;15244;16248;20000
50,2;15252;16196;20000
50,21;15324;16198;20000
50,22;15204;16252;20000
50,23;15310;16231;20000
50,24;15279;16254;20000
50,25;15276;16247;20000
50,26;15272;16278;20000
50,27;15271;16187;20000
50,28;15249;16316;20000
50,29;15260;16202;20000
50,3;15269;16224;20000
50,31;15289;16268;20000
50,32;15241;16324;20000
50,33;15278;16271;20000
50,34;15328;16197;20000
50,35;15253;16255;20000
50,36;15298;16262;20000
50,37;15240;16312;20000
50,38;15288;16239;20000
50,39;15224;16219;20000
50,4;15315;16277;20000
50,41;15262;16213;20000
50,42;15250;16260;20000
50,43;15275;16200;20000
50,44;15282;16284;20000
50,45;15259;16219;20000
50,46;15260;16219;20000
50,47;15273;16285;20000
50,48;15265;16271;20000
50,49;15248;16249;20000
50,5;15270;16246;20000
50,51;15255;16172;20000
50,52;15272;16226;20000
50,53;15262;16206;20000
50,54;15265;16230;20000
50,55;15274;16281;20000
50,56;15251;16202;20000
50,57;15276;16239;20000
50,58;15264;16286;20000
50,59;15254;16292;20000
50,6;15272;16273;20000
50,61;15297;16212;20000
50,62;15273;16191;20000
50,63;15218;16239;20000
50,64;15308;16254;20000
50,65;15289;16213;20000
50,66;15272;16316;20000
50,67;15310;16268;20000
50,68;15251;16234;20000
50,69;15260;16218;20000
50,7;15289;16235;20000
50,71;15274;16254;20000
50,72;15211;16262;20000
50,73;15277;16236;20000
50,74;15249;16197;20000
50,75;15269;16280;20000
50,76;15243;16231;20000
50,77;15280;16189;20000
50,78;15290;16284;20000
50,79;15292;16287;20000
50,8;15308;16202;20000
50,81;15279;16256;20000
50,82;15279;16280;20000
50,83;15266;16258;20000
50,84;15280;16260;20000
50,85;15277;16286;20000
50,86;15245;16188;20000
50,87;15287;16262;20000
50,88;15288;16208;20000
50,89;15212;16248;20000
50,9;15271;16259;20000
50,91;15291;16256;20000
50,92;15300;16223;20000
50,93;15265;16298;20000
50,94;15285;16163;20000
50,95;15246;16249;20000
50,96;15306;16300;20000
50,97;15264;16249;20000
50,98;15256;16280;20000
50,99;15257;16302;20000
51;15270;16215;20000
51,01;15242;16219;20000
51,02;15273;16233;20000
51,03;15288;16248;20000
51,04;15280;16198;20000
51,05;15294;16259;20000
51,06;15269;16155;20000
51,07;15301;16231;20000
51,08;15239;16221;20000
51,09;15246;16267;20000
51,1;15303;16188;20000
51,11;15274;16322;20000
51,12;15264;16158;20000
51,13;15286;16244;20000
51,14;15274;16263;20000
51,15;15275;16221;20000
51,16;15316;16292;20000
51,17;15237;16171;20000
51,18;15322;16214;20000
51,19;15252;16276;20000
51,2;15268;16328;20000
51,21;15302;16223;20000
51,22;15239;16187;20000
51,23;15244;16214;20000
51,24;15263;16270;20000
51,25;15264;16239;20000
51,26;15269;16258;20000
51,27;15296;16200;20000
51,28;15240;16174;20000
51,29;15298;16359;20000
51,3;15239;16250;20000
51,31;15258;16256;20000
51,32;15307;16248;20000
51,33;15253;16204;20000
51,34;15274;16176;20000
51,35;15270;16134;20000
51,36;15276;16257;20000
51,37;15261;16279;20000
51,38;15256;16252;20000
51,39;15256;16229;20000
51,4;15289;16296;20000
51,41;15255;16286;20000
51,42;15319;16196;20000
51,43;15287;16223;20000
51,44;15288;16256;20000
51,45;15258;16279;20000
51,46;15269;16155;20000
51,47;15282;16229;20000
51,48;15264;16260;20000
51,49;15255;16241;20000
51,5;15265;16268;20000
51,51;15297;16191;20000
51,52;15244;16180;20000
51,53;15297;16283;20000
51,54;15274;16272;20000
51,55;15272;16307;20000
51,56;15296;16228;20000
51,57;15262;16240;20000
51,58;15289;16249;20000
51,59;15309;16263;20000
51,6;15267;16219;20000
51,61;15275;16184;20000
51,62;15289;16208;20000
51,63;15196;16261;20000
51,64;15293;16291;20000
51,65;15232;16287;20000
51,66;15282;16292;20000
51,67;15265;16225;20000
51,68;15293;16243;20000
51,69;15256;16250;20000
51,7;15311;16216;20000
51,71;15240;16185;20000
51,72;15278;16186;20000
51,73;15282;16306;20000
51,74;15244;16322;20000
51,75;15283;16193;20000
51,76;15250;16191;20000
51,77;15322;16237;20000
51,78;15264;16264;20000
51,79;15286;16282;20000
51,8;15263;16266;20000
51,81;15291;16216;20000
51,82;15271;16239;20000
51,83;15273;16219;20000
51,84;15265;16163;20000
51,85;15282;16232;20000
51,86;15329;16253;20000
51,87;15283;16224;20000
51,88;15258;16259;20000
51,89;15296;16300;20000
51,9;15240;16304;20000
51,91;15267;16285;20000
51,92;15334;16272;20000
51,93;15232;16295;20000
51,94;15291;16309;20000
51,95;15246;16266;20000
51,96;15294;16206;20000
51,97;15261;16246;20000
51,98;15269;16261;20000
51,99;15252;16292;20000
52;15272;16267;20000
52,01;15288;16268;20000
52,02;15244;16226;20000
52,03;15313;16260;20000
52,04;15280;16238;20000
52,05;15301;16249;20000
52,06;15255;16316;20000
52,07;15259;16224;20000
52,08;15272;16249;20000
52,09;15252;16289;20000
52,1;15308;16290;20000
52,11;15230;16231;20000
52,12;15294;16200;20000
52,13;15263;16152;20000
52,14;15305;16212;20000
52,15;15260;16236;20000
52,16;15276;16235;20000
52,17;15260;16204;20000
52,18;15278;16262;20000
52,19;15253;16258;20000
52,2;15282;16220;20000
52,21;15249;16172;20000
52,22;15291;16266;20000
52,23;15311;16331;20000
52,24;15280;16274;20000
52,25;15292;16258;20000
52,26;15259;16184;20000
52,27;15284;16146;20000
52,28;15279;16214;20000
52,29;15276;16219;20000
52,3;15261;16244;20000
52,31;15277;16280;20000
52,32;15278;16197;20000
52,33;15281;16253;20000
52,34;15275;16280;20000
52,35;15229;16136;20000
52,36;15265;16201;20000
52,37;15268;16240;20000
52,38;15295;16252;20000
52,39;15276;16260;20000
52,4;15268;16202;20000
52,41;15266;16159;20000
52,42;15274;16278;20000
52,43;15276;16262;20000
52,44;15286;16187;20000
52,45;15264;16186;20000
52,46;15276;16153;20000
52,47;15264;16181;20000
52,48;15249;16209;20000
52,49;15278;16246;20000
52,5;15219;16268;20000
52,51;15298;16254;20000
52,52;15286;16246;20000
52,53;15263;16276;20000
52,54;15272;16220;20000
52,55;15289;16159;20000
52,56;15225;16188;20000
52,57;15289;16225;20000
52,58;15255;16257;20000
52,59;15289;16275;20000
52,6;15259;16226;20000
52,61;15234;16247;20000
52,62;15272;16245;20000
52,63;15233;16277;20000
52,64;15245;16258;20000
52,65;15278;16233;20000
52,66;15324;16223;20000
52,67;15265;16289;20000
52,68;15292;16125;20000
52,69;15273;16200;20000
52,7;15275;16256;20000
52,71;15268;16187;20000
52,72;15252;16160;20000
52,73;15252;16233;20000
52,74;15263;16227;20000
52,75;15248;16250;20000
52,76;15263;16245;20000
52,77;15282;16283;20000
52,78;15268;16214;20000
52,79;15293;16255;20000
52,8;15227;16234;20000
52,81;15251;16242;20000
52,82;15284;16286;20000
52,83;15267;16244;20000
52,84;15230;16254;20000
52,85;15280;16268;20000
52,86;15314;16242;20000
52,87;15208;16229;20000
52,88;15284;16281;20000
52,89;15248;16252;20000
52,9;15271;16276;20000
52,91;15236;16222;20000
52,92;15256;16181;20000
52,93;15254;16271;20000
52,94;15285;16294;20000
52,95;15215;16208;
52,96;15270;16303;
52,97;15244;16303;
52,98;15305;16169;
52,99;15227;16190;
53;15275;16235;
53,01;15289;16226;
53,02;15226;16172;
53,03;15282;16287;
53,04;15263;16215;
53,05;15272;16196;
53,06;15236;16169;
53,07;15248;16280;
53,08;15283;16218;
53,09;15256;16166;
53,1;15282;16207;
53,11;15251;16277;
53,12;15326;16200;
53,13;15270;16177;
53,14;15309;16179;
53,15;15238;16209;
53,16;15277;16226;
53,17;15238;16168;
53,18;15300;16115;
53,19;15264;15838;
53,2;15231;15801;
53,21;15264;15677;
53,22;15246;15532;
53,23;15272;15532;
53,24;15239;15512;
53,25;15226;15384;
53,26;15241;15286;
53,27;15280;15256;
53,28;15256;15299;
53,29;15273;15318;
53,3;15264;15349;
53,31;15253;15242;
53,32;15296;15173;
53,33;15262;15212;
53,34;15240;15150;
53,35;15253;15048;
53,36;15225;15066;
53,37;15274;15136;
53,38;15254;15037;
53,39;15224;15023;
53,4;15310;14878;
53,41;15250;14906;
53,42;15289;14850;
53,43;15182;14868;
53,44;15200;14862;
53,45;15107;14728;
53,46;14999;14660;
53,47;14990;14689;
53,48;14872;14704;
53,49;14905;14688;
53,5;14732;14678;
53,51;14717;14695;
53,52;14653;14656;
53,53;14620;14615;
53,54;14552;14496;
53,55;14518;14497;
53,56;14469;14435;
53,57;14455;14476;
53,58;14302;14377;
53,59;14267;14266;
53,6;14295;14190;
53,61;14120;14116;
53,62;14064;14038;
53,63;14034;13884;
53,64;13924;13685;
53,65;13772;13660;
53,66;13627;13530;
53,67;13402;13397;
53,68;13320;13272;
53,69;13163;13209;
53,7;13095;12953;
53,71;12987;12862;
53,72;12908;12797;
53,73;12812;12614;
53,74;12709;12562;
53,75;12736;12452;
53,76;12634;12367;
53,77;12575;12348;
53,78;12552;12260;
53,79;12397;12255;
53,8;12386;12245;
53,81;12230;12142;
53,82;12202;12127;
53,83;12155;12153;
53,84;12208;12103;
53,85;12148;12085;
53,86;12078;12110;
53,87;12065;12078;
53,88;12033;12050;
53,89;12002;11994;
53,9;11907;11974;
53,91;11725;11890;
53,92;11633;11958;
53,93;11359;11964;
53,94;11167;11974;
53,95;10918;11924;
53,96;10708;11898;
53,97;10514;11884;
53,98;10404;11910;
53,99;10295;11823;
54;10278;11857;
54,01;10159;11842;
54,02;10046;11840;
54,03;10036;11814;
54,04;9908;11730;
54,05;9807;11748;
54,06;9730;11686;
54,07;9710;11622;
54,08;9669;11642;
54,09;9585;11606;
54,1;9590;11584;
54,11;9548;11544;
54,12;9577;11518;
54,13;9581;11466;
54,14;9496;11472;
54,15;9475;11348;
54,16;9445;11293;
54,17;9372;11250;
54,18;9269;11206;
54,19;9204;11170;
54,2;9136;11139;
54,21;9138;11106;
54,22;9109;11046;
54,23;9071;11096;
54,24;9085;11016;
54,25;9006;11064;
54,26;8950;11030;
54,27;8906;11028;
54,28;8894;10969;
54,29;8917;10957;
54,3;8868;10960;
54,31;8887;10967;
54,32;8859;10946;
54,33;8809;10910;
54,34;8793;10908;
54,35;8740;10890;
54,36;8702;10800;
54,37;8639;10817;
54,38;8568;10797;
54,39;8490;10754;
54,4;8449;10667;
54,41;8421;10588;
54,42;8354;10546;
54,43;8246;10400;
54,44;8173;10298;
54,45;8064;10278;
54,46;7996;10224;
54,47;7955;10091;
54,48;7859;9945;
54,49;7704;9833;
54,5;7668;9684;
54,51;7516;9456;
54,52;7498;9319;
54,53;7396;9158;
54,54;7368;9046;
54,55;7310;8985;
54,56;7266;8855;
54,57;7230;8852;
54,58;7199;8819;
54,59;7185;8744;
54,6;7132;8717;
54,61;7125;8686;
54,62;7075;8682;
54,63;7070;8641;
54,64;7074;8635;
54,65;7033;8647;
54,66;7056;8596;
54,67;7067;8590;
54,68;7045;8627;
54,69;7012;8611;
54,7;6970;8634;
54,71;6952;8599;
54,72;6870;8662;
54,73;6837;8602;
54,74;6745;8632;
54,75;6630;8604;
54,76;6508;8608;
54,77;6377;8597;
54,78;6191;8631;
54,79;6085;8586;
54,8;5990;8609;
54,81;5934;8599;
54,82;5821;8591;
54,83;5779;8631;
54,84;5666;8599;
54,85;5626;8611;
54,86;5584;8592;
54,87;5532;8579;
54,88;5474;8558;
54,89;5455;8537;
54,9;5500;8519;
54,91;5489;8559;
54,92;5449;8486;
54,93;5480;8498;
54,94;5483;8504;
54,95;5397;8506;
54,96;5378;8491;
54,97;5354;8284;
54,98;5368;8291;
54,99;5231;8108;
55;5215;8109;
55,01;5175;7866;
55,02;5119;7712;
55,03;5118;7527;
55,04;4938;7511;
55,05;4878;7328;
55,06;4761;7254;
55,07;4712;7134;
55,08;4588;7107;
55,09;4550;7122;
55,1;4508;7040;
55,11;4459;6987;
55,12;4404;6991;
55,13;4407;6859;
55,14;4346;6871;
55,15;4334;6834;
55,16;4243;6788;
55,17;4280;6786;
55,18;4194;6814;
55,19;4173;6732;
55,2;4133;6742;
55,21;4102;6750;
55,22;4107;6691;
55,23;3988;6717;
55,24;4002;6718;
55,25;3950;6719;
55,26;3941;6670;
55,27;3864;6658;
55,28;3861;6604;
55,29;3738;6525;
55,3;3709;6490;
55,31;3573;6486;
55,32;3433;6446;
55,33;3526;6421;
55,34;3290;6384;
55,35;3339;6316;
55,36;3149;6297;
55,37;3007;6201;
55,38;2948;6135;
55,39;2875;6094;
55,4;2760;6094;
55,41;2670;6052;
55,42;2639;5940;
55,43;2580;5926;
55,44;2522;5903;
55,45;2484;5967;
55,46;2443;5763;
55,47;2434;5702;
55,48;2367;5733;
55,49;2350;5586;
55,5;2315;5424;
55,51;2342;5282;
55,52;2270;5067;
55,53;2236;4992;
55,54;2242;4898;
55,55;2173;4796;
55,56;2144;4856;
55,57;2245;4608;
55,58;2094;4656;
55,59;2058;4481;
55,6;2048;4415;
55,61;2017;4396;
55,62;1977;4349;
55,63;2009;4297;
55,64;1989;4153;
55,65;1985;4116;
55,66;1992;4095;
55,67;1990;3921;
55,68;1979;3724;
55,69;1983;3684;
55,7;1964;3594;
55,71;1990;3377;
55,72;1999;3254;
55,73;2037;3130;
55,74;1963;3095;
55,75;2000;3022;
55,76;2010;2949;
55,77;1944;2888;2001
55,78;1987;2726;2001
55,79;1997;2574;2001
55,8;1992;2388;2001
55,81;2016;2301;2001
55,82;1992;2262;2001
55,83;1992;2222;2001
55,84;2002;2205;2001
55,85;1981;2187;2001
55,86;2026;2142;2001
55,87;2030;2141;2001
55,88;2009;2198;2001
55,89;2007;2120;2001
55,9;2002;2082;2001
55,91;2019;2093;2001
55,92;1976;2068;2001
55,93;2006;2052;2001
55,94;2011;2077;2001
55,95;1993;2077;2001
55,96;2011;1993;2001
55,97;2022;2020;2001
55,98;2022;2217;2001
55,99;1999;1996;2001
56;2010;2029;2001
56,01;1986;2001;2001
56,02;1998;2008;2001
56,03;2002;2019;2001
56,04;2080;1989;2001
56,05;1962;2002;2001
56,06;2003;2012;2001
56,07;2003;1993;2001
56,08;2007;2016;2001
56,09;1970;1989;2001
56,1;1984;2010;2001
56,11;1996;2012;2001
56,12;1989;1988;2001
56,13;1994;1964;2001
56,14;2045;2079;2001
56,15;2003;2006;2001
56,16;1969;1978;2001
56,17;2014;2011;2001
56,18;1998;2000;2001
56,19;2040;1994;2001
56,2;1950;2005;2001
56,21;2027;2029;2001
56,22;1981;1935;2001
56,23;2023;2002;2001
56,24;1997;2030;2001
56,25;1999;1996;2001
56,26;2010;1953;2001
56,27;1981;2001;2001
56,28;2006;1993;2001
56,29;1992;2016;2001
56,3;1991;1995;2001
56,31;1999;1985;2001
56,32;2015;2020;2001
56,33;2027;1980;2001
56,34;1990;2095;2001
56,35;2014;1985;2001
56,36;2010;1984;2001
56,37;1965;1995;2001
56,38;2008;1984;2001
56,39;2015;1964;2001
56,4;2016;1924;2001
56,41;1990;1974;2001
56,42;1994;1995;2001
56,43;1992;2045;2001
